view,id,fold,y_true,negative,neutral,positive
raw,curated-v2-0001,0,positive,0.05867111682703842,0.06548125442834586,0.8758476287446157
raw,curated-v2-0002,0,positive,0.1661914268411582,0.23928613783822178,0.5945224353206201
raw,curated-v2-0003,0,positive,0.10429578685033324,0.21737244219675725,0.6783317709529094
raw,curated-v2-0008,0,negative,0.7790766553192944,0.07408691600785837,0.14683642867284746
raw,curated-v2-0011,0,negative,0.08934275734725297,0.6616717558163483,0.24898548683639873
raw,curated-v2-0024,0,neutral,0.5614647693369245,0.1256849628479914,0.3128502678150841
raw,curated-v2-0028,0,positive,0.2847154180334624,0.29847486535074935,0.4168097166157883
raw,curated-v2-0034,0,negative,0.4962540201862261,0.40059585786163615,0.10315012195213794
raw,curated-v2-0036,0,positive,0.11006180204985609,0.3013430275671254,0.5885951703830185
raw,curated-v2-0038,0,neutral,0.44708581882970294,0.23863410794247394,0.31428007322782314
raw,curated-v2-0039,0,negative,0.6259893240171155,0.08903431826114885,0.2849763577217356
raw,curated-v2-0057,0,neutral,0.6413921949026318,0.17206397464541603,0.1865438304519522
raw,curated-v2-0060,0,negative,0.23338012857503893,0.3334068430141525,0.43321302841080855
raw,curated-v2-0068,0,negative,0.6222885400665393,0.15613369563657725,0.22157776429688336
raw,curated-v2-0072,0,neutral,0.29492597378465973,0.5037841678131644,0.20128985840217578
raw,curated-v2-0073,0,neutral,0.10782554605673315,0.7936981091823617,0.09847634476090514
raw,curated-v2-0079,0,neutral,0.40996648329228474,0.5596014693957645,0.03043204731195083
raw,curated-v2-0089,0,negative,0.23776797441580982,0.45814390686865775,0.3040881187155325
raw,curated-v2-0097,0,positive,0.14754332805722936,0.05218153344036883,0.8002751385024017
raw,curated-v2-0101,0,positive,0.229302992337589,0.11867273116766897,0.652024276494742
raw,curated-v2-0103,0,positive,0.08833378385934991,0.1994361157511215,0.7122301003895286
raw,curated-v2-0104,0,positive,0.279508347647391,0.16775815424813925,0.5527334981044697
raw,curated-v2-0114,0,positive,0.3059748441781113,0.09341697499947171,0.600608180822417
raw,curated-v2-0115,0,positive,0.08547557277579791,0.22538804447582741,0.6891363827483747
raw,curated-v2-0124,0,positive,0.20986668473556813,0.23815578297722514,0.5519775322872067
raw,curated-v2-0126,0,negative,0.28351098572069716,0.3840345319062162,0.3324544823730867
raw,curated-v2-0130,0,neutral,0.4225330896466084,0.3353729555941862,0.24209395475920545
raw,curated-v2-0133,0,positive,0.12392333501349961,0.08411457186375502,0.7919620931227452
raw,curated-v2-0140,0,positive,0.043380085680028276,0.6821006205594362,0.27451929376053535
raw,curated-v2-0142,0,negative,0.5552904931808621,0.2472148981303054,0.19749460868883248
raw,curated-v2-0157,0,neutral,0.40266100492014706,0.3642508044972775,0.2330881905825754
raw,curated-v2-0160,0,negative,0.14410141285105388,0.24065700609605029,0.6152415810528957
raw,curated-v2-0162,0,positive,0.1566033656596623,0.21492721547174412,0.6284694188685936
raw,curated-v2-0166,0,positive,0.3083793418763629,0.042469978146439075,0.649150679977198
raw,curated-v2-0168,0,positive,0.4246438000894103,0.19581795329214624,0.37953824661844343
raw,curated-v2-0175,0,positive,0.4338537523286744,0.09273520381915512,0.47341104385217037
raw,curated-v2-0180,0,positive,0.1436301824961174,0.22729356927621097,0.6290762482276716
raw,curated-v2-0185,0,negative,0.7156917884347447,0.14162898204293592,0.1426792295223194
raw,curated-v2-0198,0,negative,0.4162488092643851,0.3918233947763852,0.19192779595922957
raw,curated-v2-0209,0,negative,0.32961192502750053,0.48160446596978135,0.1887836090027181
raw,curated-v2-0210,0,positive,0.3957837897859981,0.4416476475441106,0.16256856266989134
raw,curated-v2-0213,0,positive,0.2168334008313856,0.6197234167075213,0.1634431824610931
raw,curated-v2-0216,0,positive,0.15553555717689235,0.5762276165993002,0.2682368262238074
raw,curated-v2-0227,0,neutral,0.13823589176594087,0.7425396570395794,0.1192244511944798
raw,curated-v2-0228,0,positive,0.2659451468413962,0.1229710982892084,0.6110837548693955
raw,curated-v2-0232,0,neutral,0.2014511183936445,0.5621307948581642,0.23641808674819134
raw,curated-v2-0236,0,neutral,0.4045339569335581,0.40480648824751214,0.19065955481892974
raw,curated-v2-0249,0,negative,0.3603174668099602,0.1916953193248014,0.4479872138652385
raw,curated-v2-0253,0,positive,0.35109615762377216,0.25592687705140504,0.3929769653248228
raw,curated-v2-0267,0,positive,0.2560563126960896,0.15686996853481724,0.5870737187690932
raw,curated-v2-0291,0,positive,0.4492445709728376,0.16838805326699358,0.38236737576016877
raw,curated-v2-0294,0,positive,0.16368753006204026,0.1311864816749499,0.7051259882630098
raw,curated-v2-0302,0,negative,0.45204056617745175,0.37336911345325985,0.1745903203692884
raw,curated-v2-0312,0,neutral,0.29206012630266803,0.6040757595877756,0.1038641141095564
raw,curated-v2-0313,0,neutral,0.14400533661343806,0.24670667287423215,0.6092879905123298
raw,curated-v2-0320,0,neutral,0.4678240063555727,0.33161021166813204,0.20056578197629538
raw,curated-v2-0334,0,positive,0.16958341147339345,0.4994821239863837,0.3309344645402227
raw,curated-v2-0342,0,positive,0.24950765828817753,0.39776195823412724,0.3527303834776952
raw,curated-v2-0351,0,neutral,0.17677234531725858,0.7115339160789035,0.11169373860383792
raw,curated-v2-0357,0,positive,0.11164766346482473,0.6747049959350976,0.21364734060007765
raw,curated-v2-0359,0,negative,0.2563649705551184,0.5716436348488899,0.1719913945959917
raw,curated-v2-0361,0,negative,0.39821587922439144,0.24051058665834965,0.36127353411725893
raw,curated-v2-0365,0,negative,0.227967750221749,0.5579451345209024,0.21408711525734858
raw,curated-v2-0384,0,neutral,0.06513077971672011,0.6382581122276084,0.2966111080556714
raw,curated-v2-0397,0,negative,0.37494444269360583,0.32334707546422914,0.30170848184216503
raw,curated-v2-0399,0,negative,0.5020097292129887,0.1407681681664866,0.3572221026205246
raw,curated-v2-0400,0,negative,0.3096999138419261,0.11189163041162785,0.578408455746446
raw,curated-v2-0409,0,positive,0.2774174922430165,0.43080425117285637,0.2917782565841272
raw,curated-v2-0411,0,positive,0.2496065212061958,0.1194631352575112,0.630930343536293
raw,curated-v2-0420,0,negative,0.4164941689171829,0.15369468671362824,0.429811144369189
raw,curated-v2-0426,0,negative,0.7791010123327474,0.11483259876234925,0.10606638890490325
raw,curated-v2-0450,0,positive,0.15971182223168193,0.1773263020995385,0.6629618756687796
raw,curated-v2-0451,0,positive,0.08414476092843386,0.17080895322728742,0.7450462858442788
raw,curated-v2-0461,0,negative,0.7254409460137379,0.2226399171089293,0.05191913687733286
raw,curated-v2-0464,0,neutral,0.10598798949946486,0.7732794643849885,0.12073254611554672
raw,curated-v2-0468,0,negative,0.7948543458841762,0.045650634741911604,0.15949501937391222
raw,curated-v2-0473,0,positive,0.34071027040039253,0.26444846377206555,0.394841265827542
raw,curated-v2-0480,0,neutral,0.28599120034444653,0.2866086040819688,0.4274001955735847
raw,curated-v2-0490,0,positive,0.23195475223224035,0.25500965709662815,0.5130355906711315
raw,curated-v2-0493,0,negative,0.4144126902440825,0.22501100843712674,0.3605763013187908
raw,curated-v2-0494,0,negative,0.39997165317528105,0.4997608298939076,0.10026751693081133
raw,curated-v2-0503,0,neutral,0.5277561051673739,0.33305241654026246,0.13919147829236367
raw,curated-v2-0512,0,neutral,0.6712627977086033,0.2181284424544922,0.11060875983690452
raw,curated-v2-0520,0,negative,0.2999041629243279,0.2946109872976957,0.4054848497779764
raw,curated-v2-0531,0,neutral,0.3629559193021067,0.5729021029423143,0.06414197775557894
raw,curated-v2-0534,0,negative,0.7442878470482472,0.1524114351104061,0.10330071784134655
raw,curated-v2-0550,0,positive,0.17497716664311985,0.18587190363029618,0.6391509297265839
raw,curated-v2-0558,0,neutral,0.4453681709172833,0.1477228264870037,0.40690900259571305
raw,curated-v2-0564,0,negative,0.7505218443370025,0.10529834892320192,0.14417980673979564
raw,curated-v2-0566,0,negative,0.5719787259336532,0.3030663398777933,0.12495493418855348
raw,curated-v2-0567,0,negative,0.8399591712539729,0.04486666181367866,0.11517416693234837
raw,curated-v2-0572,0,positive,0.05411075484252801,0.02644269425278328,0.9194465509046886
raw,curated-v2-0573,0,positive,0.10110409089663117,0.29032007546980104,0.6085758336335678
raw,curated-v2-0576,0,positive,0.03064755528583464,0.21823086289854585,0.7511215818156195
raw,curated-v2-0579,0,neutral,0.35646266244771574,0.46918580645756885,0.1743515310947154
raw,curated-v2-0581,0,neutral,0.03345398622560015,0.9493119513266517,0.017234062447748087
raw,curated-v2-0583,0,neutral,0.0811843540672933,0.7493664448507219,0.16944920108198472
raw,curated-v2-0586,0,negative,0.3614348398839702,0.5762631917387443,0.062301968377285605
raw,curated-v2-0594,0,positive,0.0471751180125535,0.12159229909866437,0.8312325828887822
raw,curated-v2-0600,0,positive,0.2023533093807534,0.5484300078247774,0.24921668279446912
raw,curated-v2-0609,0,negative,0.7444431403502553,0.19883371634195934,0.05672314330778549
raw,curated-v2-0610,0,negative,0.22590589607769587,0.606435029588693,0.16765907433361102
raw,curated-v2-0611,0,negative,0.49394919711496704,0.1545223423644326,0.3515284605206002
raw,curated-v2-0634,0,positive,0.0168935541586949,0.0925854442617158,0.8905210015795892
raw,curated-v2-0636,0,neutral,0.5138954094647266,0.33366643018280884,0.15243816035246463
raw,curated-v2-0645,0,negative,0.7353239898955183,0.1118471008987489,0.1528289092057328
raw,curated-v2-0656,0,neutral,0.15184738654195748,0.6695741343429321,0.17857847911511032
raw,curated-v2-0657,0,neutral,0.4233455363726005,0.12116073361142306,0.4554937300159764
raw,curated-v2-0658,0,neutral,0.5070635336290135,0.36369963621093004,0.12923683016005652
raw,curated-v2-0665,0,neutral,0.17056706646870165,0.16467286032983566,0.6647600732014627
raw,curated-v2-0682,0,neutral,0.2395547574715169,0.5060177676798282,0.2544274748486549
raw,curated-v2-0685,0,negative,0.669104015440461,0.08033586717992473,0.2505601173796142
raw,curated-v2-0686,0,negative,0.44276942627372473,0.4189279344355831,0.13830263929069223
raw,curated-v2-0692,0,neutral,0.4016814473608773,0.2784758263517105,0.3198427262874122
raw,curated-v2-0700,0,positive,0.2662835967113086,0.28817740136266035,0.44553900192603096
raw,curated-v2-0705,0,neutral,0.490959163605935,0.35795266384760194,0.1510881725464629
raw,curated-v2-0706,0,neutral,0.11810887784957447,0.320877189413324,0.5610139327371015
raw,curated-v2-0707,0,neutral,0.05257073994529315,0.7517525198686025,0.19567674018610437
raw,curated-v2-0711,0,negative,0.41591514746045555,0.49831764405657636,0.085767208482968
raw,curated-v2-0713,0,negative,0.5197685189966402,0.3505316194064143,0.12969986159694552
raw,curated-v2-0723,0,positive,0.39432831604001184,0.35277332935874645,0.2528983546012416
raw,curated-v2-0731,0,negative,0.3562106703398614,0.3899352116978962,0.2538541179622424
raw,curated-v2-0739,0,neutral,0.18429023688607094,0.3842555084372056,0.43145425467672355
raw,curated-v2-0744,0,negative,0.5992627955337315,0.34615238942188375,0.054584815044384866
raw,curated-v2-0751,0,neutral,0.18702553561629012,0.5363081719542772,0.2766662924294328
raw,curated-v2-0763,0,neutral,0.130273268945042,0.6746954813836885,0.1950312496712695
raw,curated-v2-0773,0,neutral,0.08351805741371184,0.8295433951820863,0.08693854740420198
raw,curated-v2-0790,0,negative,0.7879434983405621,0.0796791777802124,0.13237732387922552
raw,curated-v2-0797,0,neutral,0.22303166951663966,0.27472043014575825,0.5022479003376021
raw,curated-v2-0813,0,positive,0.1513476531148584,0.058754349512497035,0.7898979973726445
raw,curated-v2-0817,0,neutral,0.046260912861686924,0.9372071877124575,0.01653189942585545
raw,curated-v2-0823,0,neutral,0.07741559305018562,0.8547357302618838,0.06784867668793047
raw,curated-v2-0827,0,neutral,0.061586746510840035,0.6415209296764504,0.2968923238127097
raw,curated-v2-0828,0,neutral,0.07843932179949184,0.8294988578914101,0.09206182030909815
raw,curated-v2-0833,0,neutral,0.33380735454205857,0.18724173403916294,0.47895091141877855
raw,curated-v2-0840,0,neutral,0.1351162251740293,0.8100639579533702,0.0548198168726005
raw,curated-v2-0841,0,neutral,0.6522358832264625,0.2731761012077655,0.07458801556577191
raw,curated-v2-0848,0,negative,0.7663596860889946,0.1547326134430333,0.07890770046797203
raw,curated-v2-0864,0,negative,0.6502955191473034,0.28437268139941474,0.06533179945328182
raw,curated-v2-0872,0,negative,0.8057566249280489,0.11846750900120459,0.07577586607074649
raw,curated-v2-0875,0,negative,0.7430358876994803,0.03900600378248625,0.21795810851803343
raw,curated-v2-0891,0,neutral,0.22286294094818498,0.6597787421622255,0.11735831688958943
raw,curated-v2-0894,0,positive,0.3149387926174608,0.1860885856696296,0.4989726217129096
raw,curated-v2-0896,0,positive,0.30678986509174766,0.13531283297038546,0.5578973019378668
raw,curated-v2-0004,1,positive,0.23107077206979484,0.12962540189355126,0.6393038260366538
raw,curated-v2-0013,1,neutral,0.21258795781569126,0.5464648026706559,0.24094723951365285
raw,curated-v2-0015,1,neutral,0.30016392782156676,0.34189699670533047,0.3579390754731027
raw,curated-v2-0022,1,negative,0.8676878077883052,0.052409022742838984,0.07990316946885583
raw,curated-v2-0027,1,neutral,0.3047259307461075,0.48500798713904114,0.21026608211485134
raw,curated-v2-0032,1,positive,0.10702369850658645,0.12276011103200965,0.7702161904614039
raw,curated-v2-0043,1,neutral,0.23460582754528156,0.5657520327915597,0.19964213966315877
raw,curated-v2-0048,1,neutral,0.3078517650436422,0.2384618058941804,0.45368642906217743
raw,curated-v2-0056,1,neutral,0.1767585904402363,0.2777597900467528,0.5454816195130109
raw,curated-v2-0059,1,neutral,0.16818960043485595,0.7609230843301422,0.07088731523500197
raw,curated-v2-0066,1,positive,0.18391879345927573,0.25909131800899676,0.5569898885317276
raw,curated-v2-0069,1,negative,0.6206455202633306,0.21236150109683263,0.16699297863983673
raw,curated-v2-0082,1,neutral,0.48488742669996887,0.15017858536039694,0.3649339879396342
raw,curated-v2-0099,1,positive,0.31292297464325236,0.3182052647003302,0.36887176065641747
raw,curated-v2-0102,1,positive,0.26610766026262134,0.1724429619336028,0.5614493778037759
raw,curated-v2-0106,1,negative,0.26435256488225534,0.47016909029976944,0.26547834481797516
raw,curated-v2-0110,1,positive,0.32818142696319624,0.06912028274856957,0.6026982902882342
raw,curated-v2-0111,1,negative,0.31659266479394466,0.3806507003835185,0.30275663482253684
raw,curated-v2-0120,1,negative,0.25830277184966854,0.3506410950904364,0.391056133059895
raw,curated-v2-0125,1,negative,0.7665971486556842,0.120613753117065,0.11278909822725071
raw,curated-v2-0131,1,positive,0.2427018160804892,0.10663378073476905,0.6506644031847417
raw,curated-v2-0135,1,negative,0.3109966629568244,0.3678360191049912,0.3211673179381846
raw,curated-v2-0152,1,positive,0.17497771129635847,0.19069935766453605,0.6343229310391054
raw,curated-v2-0161,1,negative,0.5533148885873566,0.14949627509057387,0.29718883632206955
raw,curated-v2-0194,1,neutral,0.02510509524726763,0.09607948768865965,0.8788154170640727
raw,curated-v2-0205,1,neutral,0.11770202123558457,0.6353084071202938,0.2469895716441217
raw,curated-v2-0212,1,neutral,0.1321538766208857,0.5887305251309828,0.2791155982481315
raw,curated-v2-0224,1,negative,0.7044600946228193,0.10576592993241384,0.18977397544476687
raw,curated-v2-0240,1,positive,0.20767814114573963,0.3673989989514243,0.424922859902836
raw,curated-v2-0244,1,positive,0.10860381951495353,0.09872108283634316,0.7926750976487033
raw,curated-v2-0250,1,negative,0.4638014625597602,0.16828019595353233,0.36791834148670755
raw,curated-v2-0260,1,positive,0.07403256973568623,0.08542794352427016,0.8405394867400435
raw,curated-v2-0261,1,positive,0.09955741869931779,0.08979258828518381,0.8106499930154983
raw,curated-v2-0265,1,neutral,0.38922010111335503,0.240610528317712,0.370169370568933
raw,curated-v2-0268,1,negative,0.46569862220520414,0.078827780629891,0.4554735971649048
raw,curated-v2-0275,1,negative,0.5940088773477133,0.023584018197564043,0.38240710445472265
raw,curated-v2-0282,1,positive,0.6842909635596636,0.16828550446389645,0.14742353197643995
raw,curated-v2-0285,1,positive,0.09820792125461907,0.06391713387132653,0.8378749448740543
raw,curated-v2-0286,1,positive,0.2678689945843957,0.6208015271603787,0.11132947825522548
raw,curated-v2-0287,1,positive,0.48855001529755254,0.22423235591263102,0.2872176287898165
raw,curated-v2-0288,1,positive,0.20840041916991953,0.4693662697508808,0.3222333110791996
raw,curated-v2-0298,1,negative,0.5611736446322144,0.09287679598823362,0.34594955937955196
raw,curated-v2-0307,1,negative,0.1525536767626418,0.40832418791231745,0.4391221353250407
raw,curated-v2-0308,1,negative,0.46419446306853457,0.08267991577055726,0.45312562116090827
raw,curated-v2-0317,1,neutral,0.1173586898603884,0.7509587596959093,0.13168255044370228
raw,curated-v2-0329,1,positive,0.3191381586678138,0.11265432022996633,0.5682075211022198
raw,curated-v2-0331,1,negative,0.49103818079202405,0.19206745890921686,0.31689436029875917
raw,curated-v2-0333,1,positive,0.07100571983863004,0.1631557354635149,0.7658385446978551
raw,curated-v2-0337,1,positive,0.27321553116320835,0.07829712941182232,0.6484873394249694
raw,curated-v2-0343,1,positive,0.10129661214092488,0.17613897706640141,0.7225644107926739
raw,curated-v2-0348,1,neutral,0.17251359382217757,0.7235897070207647,0.10389669915705767
raw,curated-v2-0355,1,negative,0.4446688385991312,0.2426604609449502,0.31267070045591866
raw,curated-v2-0363,1,negative,0.5573522153443847,0.10465315138306718,0.3379946332725481
raw,curated-v2-0381,1,neutral,0.11968807590848334,0.8517056790976434,0.02860624499387345
raw,curated-v2-0386,1,neutral,0.3090176482670316,0.3905009191134542,0.30048143261951415
raw,curated-v2-0404,1,negative,0.6519025871951506,0.1351557810909648,0.21294163171388478
raw,curated-v2-0406,1,positive,0.1085449545177466,0.4899370278830095,0.4015180175992439
raw,curated-v2-0407,1,positive,0.16757300665756458,0.12439611780121042,0.7080308755412249
raw,curated-v2-0408,1,positive,0.15180159626733364,0.2934453473603974,0.554753056372269
raw,curated-v2-0412,1,neutral,0.2712321381922061,0.5800299555290458,0.14873790627874817
raw,curated-v2-0414,1,neutral,0.5718685477365348,0.22889624175495307,0.19923521050851206
raw,curated-v2-0415,1,neutral,0.17430616310256117,0.17707831223302634,0.6486155246644125
raw,curated-v2-0418,1,neutral,0.321503995419715,0.25780207097706903,0.420693933603216
raw,curated-v2-0433,1,positive,0.053639816933757085,0.06436740784556776,0.8819927752206752
raw,curated-v2-0436,1,positive,0.3927455504890456,0.44485544422311857,0.16239900528783574
raw,curated-v2-0437,1,positive,0.10118000344321455,0.4650658544138009,0.43375414214298447
raw,curated-v2-0438,1,positive,0.4960575276696553,0.2171722238062301,0.28677024852411465
raw,curated-v2-0445,1,negative,0.47617609725333143,0.21481584690121552,0.30900805584545304
raw,curated-v2-0446,1,negative,0.40258629069081675,0.37585931227617764,0.22155439703300558
raw,curated-v2-0448,1,negative,0.8699554822045581,0.07480770050269037,0.05523681729275146
raw,curated-v2-0454,1,positive,0.7144152328069473,0.1358000327498534,0.1497847344431993
raw,curated-v2-0462,1,negative,0.4824368758915377,0.40986814238706687,0.10769498172139554
raw,curated-v2-0471,1,positive,0.10881623853029353,0.16693231805472197,0.7242514434149845
raw,curated-v2-0474,1,positive,0.2084300317348937,0.09377310961573976,0.6977968586493666
raw,curated-v2-0479,1,neutral,0.13685476615630515,0.7847533552254563,0.07839187861823847
raw,curated-v2-0487,1,positive,0.47510771398361623,0.12684432466878617,0.3980479613475975
raw,curated-v2-0489,1,positive,0.09589454372362888,0.5962626038485048,0.30784285242786635
raw,curated-v2-0495,1,negative,0.3754143843933741,0.3327008996589608,0.2918847159476651
raw,curated-v2-0500,1,neutral,0.11799704627691925,0.6306167595174734,0.2513861942056073
raw,curated-v2-0501,1,neutral,0.1221543421687307,0.7647925852222346,0.1130530726090349
raw,curated-v2-0517,1,neutral,0.36873298176871844,0.31617788636143956,0.31508913186984194
raw,curated-v2-0518,1,neutral,0.06194117280010806,0.20416698326067337,0.7338918439392186
raw,curated-v2-0521,1,negative,0.3115526108054059,0.5912500412155783,0.09719734797901587
raw,curated-v2-0523,1,negative,0.12119490905240343,0.25128310511774765,0.627521985829849
raw,curated-v2-0524,1,negative,0.412900174627154,0.2287681211189146,0.35833170425393135
raw,curated-v2-0525,1,neutral,0.31233973607790533,0.5636579784027943,0.12400228551930029
raw,curated-v2-0546,1,negative,0.24793817426685338,0.30676049997428245,0.44530132575886416
raw,curated-v2-0552,1,positive,0.3542993109524617,0.4904523017404399,0.15524838730709847
raw,curated-v2-0555,1,positive,0.01970932200535034,0.9714637884992084,0.008826889495441024
raw,curated-v2-0556,1,neutral,0.15354406129425788,0.6495917254798231,0.19686421322591896
raw,curated-v2-0563,1,negative,0.05230459874713076,0.9107087625141637,0.036986638738705536
raw,curated-v2-0565,1,negative,0.5207438680697964,0.30252674755296133,0.1767293843772422
raw,curated-v2-0569,1,neutral,0.1880549897686109,0.6833079782772403,0.1286370319541488
raw,curated-v2-0575,1,positive,0.24907723575003723,0.10465959289347948,0.6462631713564833
raw,curated-v2-0584,1,negative,0.48435809799839213,0.313128970937606,0.2025129310640018
raw,curated-v2-0591,1,negative,0.4487622752310552,0.09075363295589273,0.46048409181305205
raw,curated-v2-0603,1,neutral,0.23249671942574462,0.6711308472988857,0.0963724332753696
raw,curated-v2-0605,1,neutral,0.11688470635243578,0.635046457803671,0.24806883584389325
raw,curated-v2-0606,1,neutral,0.12109318327932142,0.8085880295948369,0.07031878712584178
raw,curated-v2-0629,1,negative,0.6984111101852603,0.16340357979478218,0.1381853100199575
raw,curated-v2-0631,1,positive,0.2523292980008263,0.2779819723757629,0.4696887296234107
raw,curated-v2-0639,1,neutral,0.05516299974349433,0.6095041385514791,0.3353328617050265
raw,curated-v2-0643,1,negative,0.32054059646716637,0.4776993164404802,0.20176008709235335
raw,curated-v2-0648,1,positive,0.29975412517534467,0.10156369980446452,0.5986821750201908
raw,curated-v2-0649,1,positive,0.11591147394093135,0.07209226706104864,0.8119962589980201
raw,curated-v2-0653,1,neutral,0.32463127250214346,0.2537602636546624,0.42160846384319417
raw,curated-v2-0654,1,neutral,0.44817262839859584,0.3898069139936533,0.16202045760775094
raw,curated-v2-0666,1,neutral,0.21861522945263664,0.6120985037504956,0.16928626679686787
raw,curated-v2-0673,1,negative,0.7749578709599168,0.13139038527729502,0.09365174376278829
raw,curated-v2-0681,1,neutral,0.2614873587992639,0.3397902834436283,0.39872235775710774
raw,curated-v2-0684,1,negative,0.4440147646272096,0.2331453552196066,0.3228398801531838
raw,curated-v2-0690,1,neutral,0.11693296103973982,0.6967111069820255,0.18635593197823472
raw,curated-v2-0697,1,positive,0.06494589372481649,0.6354177148943002,0.29963639138088327
raw,curated-v2-0702,1,positive,0.3292790723542023,0.4494994865870499,0.2212214410587478
raw,curated-v2-0703,1,positive,0.25572276139865263,0.41026305121185197,0.3340141873894953
raw,curated-v2-0717,1,negative,0.22793760568457075,0.7058803048998332,0.06618208941559596
raw,curated-v2-0724,1,positive,0.17193088657257646,0.072198003321297,0.7558711101061265
raw,curated-v2-0733,1,negative,0.541502304686299,0.32836319693881433,0.1301344983748866
raw,curated-v2-0735,1,negative,0.4151740808318477,0.5018367115161744,0.08298920765197794
raw,curated-v2-0738,1,positive,0.2112535291057054,0.31846086894372166,0.47028560195057306
raw,curated-v2-0745,1,positive,0.3870434866133269,0.08747493890175077,0.5254815744849223
raw,curated-v2-0758,1,positive,0.6300236314087923,0.2764900384178994,0.09348633017330835
raw,curated-v2-0767,1,neutral,0.10776121247705134,0.8045939604312278,0.0876448270917209
raw,curated-v2-0775,1,neutral,0.17386477074146087,0.47281924768130595,0.35331598157723315
raw,curated-v2-0776,1,negative,0.7249198380344505,0.16917800333557176,0.10590215862997777
raw,curated-v2-0779,1,negative,0.4529132264084932,0.43865426373424665,0.10843250985726008
raw,curated-v2-0805,1,positive,0.2932341252640358,0.15726141804931948,0.5495044566866447
raw,curated-v2-0816,1,neutral,0.08820210832945401,0.5980284943111233,0.31376939735942266
raw,curated-v2-0819,1,neutral,0.467279120319687,0.40735244510058627,0.12536843457972668
raw,curated-v2-0822,1,neutral,0.24112691279489623,0.6126340927852117,0.146238994419892
raw,curated-v2-0838,1,neutral,0.33644517621200326,0.5487761449939018,0.11477867879409487
raw,curated-v2-0846,1,neutral,0.16950869079651024,0.7238826169735125,0.1066086922299772
raw,curated-v2-0851,1,negative,0.4604013884003942,0.16552970987061308,0.3740689017289929
raw,curated-v2-0852,1,negative,0.9133311722029787,0.052058162451886165,0.03461066534513534
raw,curated-v2-0858,1,negative,0.5243039974097229,0.3330478717741833,0.14264813081609376
raw,curated-v2-0859,1,negative,0.11676049393537288,0.6696938035968848,0.2135457024677423
raw,curated-v2-0866,1,negative,0.9032196108952997,0.06368709534435185,0.0330932937603485
raw,curated-v2-0871,1,negative,0.5075917605587243,0.24185100021337377,0.25055723922790196
raw,curated-v2-0874,1,negative,0.16214214150990663,0.693607153435761,0.14425070505433235
raw,curated-v2-0880,1,neutral,0.32927835698668945,0.567712753671281,0.10300888934202934
raw,curated-v2-0882,1,neutral,0.1640315220139401,0.5048446946026862,0.3311237833833737
raw,curated-v2-0889,1,neutral,0.11009887387856172,0.6651555182938836,0.2247456078275548
raw,curated-v2-0890,1,neutral,0.2177615623125842,0.5418463779846423,0.24039205970277341
raw,curated-v2-0897,1,positive,0.1610641127937285,0.45248898384255487,0.38644690336371657
raw,curated-v2-0000,2,positive,0.4717446880647822,0.2187284607334961,0.30952685120172163
raw,curated-v2-0009,2,negative,0.5100291861328631,0.2596423376460913,0.2303284762210458
raw,curated-v2-0021,2,positive,0.11389832334296962,0.1516819238411199,0.7344197528159104
raw,curated-v2-0023,2,negative,0.4023846762554865,0.4214599476264891,0.1761553761180245
raw,curated-v2-0025,2,positive,0.385618140051148,0.18563865274418487,0.42874320720466713
raw,curated-v2-0029,2,neutral,0.27523914371318803,0.6661491111142535,0.0586117451725584
raw,curated-v2-0049,2,neutral,0.17115937034102136,0.6261874931037437,0.20265313655523493
raw,curated-v2-0050,2,neutral,0.146736345873183,0.7223099901803045,0.1309536639465126
raw,curated-v2-0053,2,negative,0.19466595415554253,0.5024544897411886,0.3028795561032689
raw,curated-v2-0055,2,positive,0.1541238395810689,0.6432683447628545,0.2026078156560766
raw,curated-v2-0058,2,neutral,0.22787515077803017,0.6517123178278399,0.12041253139412994
raw,curated-v2-0067,2,negative,0.8398706566679833,0.051604652482754074,0.10852469084926263
raw,curated-v2-0071,2,neutral,0.06417421132690554,0.8707836191152282,0.06504216955786624
raw,curated-v2-0074,2,neutral,0.0728449809296511,0.9095020180856632,0.017653000984685693
raw,curated-v2-0076,2,negative,0.12484900895711111,0.8003075511955381,0.07484343984735066
raw,curated-v2-0077,2,positive,0.47304542961694196,0.17772182978612086,0.34923274059693715
raw,curated-v2-0078,2,negative,0.5405841070071301,0.3396916732788359,0.11972421971403392
raw,curated-v2-0088,2,positive,0.15519267404112247,0.14054441634933532,0.7042629096095422
raw,curated-v2-0090,2,positive,0.37858801674273773,0.08625373780842112,0.5351582454488412
raw,curated-v2-0094,2,neutral,0.014517930186617681,0.34378842771524637,0.641693642098136
raw,curated-v2-0100,2,negative,0.21887618162233455,0.609526123300189,0.17159769507747644
raw,curated-v2-0116,2,positive,0.2628142579419058,0.22048449179296592,0.5167012502651283
raw,curated-v2-0122,2,positive,0.3285235496616833,0.22198749135011633,0.4494889589882004
raw,curated-v2-0127,2,negative,0.5638462764268412,0.2326807941297444,0.2034729294434144
raw,curated-v2-0129,2,neutral,0.5457453051150398,0.24423474298251854,0.2100199519024416
raw,curated-v2-0134,2,positive,0.07497812924523162,0.14654794915439662,0.7784739216003718
raw,curated-v2-0136,2,negative,0.30055031840956714,0.123141661080389,0.5763080205100438
raw,curated-v2-0145,2,positive,0.23690122200709712,0.11572953327692123,0.6473692447159817
raw,curated-v2-0151,2,positive,0.0665716120340241,0.47780811115558314,0.4556202768103928
raw,curated-v2-0159,2,neutral,0.11739597870561196,0.4454173221576209,0.4371866991367672
raw,curated-v2-0167,2,negative,0.7304874759621588,0.0981724211713942,0.171340102866447
raw,curated-v2-0169,2,positive,0.5736257579196556,0.10068503708713043,0.32568920499321397
raw,curated-v2-0170,2,negative,0.18410687029834477,0.19404489699409516,0.6218482327075601
raw,curated-v2-0173,2,negative,0.205450016639503,0.3558924271180809,0.4386575562424162
raw,curated-v2-0176,2,negative,0.3716339482910901,0.294705582205639,0.33366046950327094
raw,curated-v2-0186,2,positive,0.24496519570307276,0.2115508198792523,0.543483984417675
raw,curated-v2-0193,2,neutral,0.12046767542738293,0.8091136948787736,0.07041862969384347
raw,curated-v2-0197,2,positive,0.17623802343901485,0.7244028970921432,0.09935907946884197
raw,curated-v2-0202,2,negative,0.21488170109837135,0.10489119284680631,0.6802271060548223
raw,curated-v2-0208,2,positive,0.2405543742625447,0.30912498657061144,0.45032063916684384
raw,curated-v2-0214,2,neutral,0.1233372116579985,0.76538316314191,0.11127962520009149
raw,curated-v2-0217,2,negative,0.3760880444077824,0.3450764337509236,0.2788355218412941
raw,curated-v2-0222,2,neutral,0.19601095663757856,0.6022586813032454,0.2017303620591761
raw,curated-v2-0223,2,positive,0.2561151327871118,0.3452990097135938,0.3985858574992945
raw,curated-v2-0225,2,positive,0.29397279549582284,0.44859915707109865,0.25742804743307846
raw,curated-v2-0229,2,negative,0.6996469922163502,0.2051141484584513,0.0952388593251986
raw,curated-v2-0233,2,positive,0.6012937632740997,0.2017727941132868,0.1969334426126135
raw,curated-v2-0234,2,negative,0.6916576882231488,0.2009867095267768,0.10735560225007436
raw,curated-v2-0256,2,negative,0.528546888879087,0.20800026856192064,0.26345284255899243
raw,curated-v2-0259,2,negative,0.3289165123826754,0.4464913222682677,0.22459216534905688
raw,curated-v2-0270,2,neutral,0.23045386223397898,0.24866830703438136,0.5208778307316397
raw,curated-v2-0271,2,positive,0.18554445927734214,0.3053719314258934,0.5090836092967644
raw,curated-v2-0274,2,neutral,0.40658413032032126,0.24702296853746195,0.3463929011422169
raw,curated-v2-0276,2,positive,0.25883882713220124,0.18489266967578222,0.5562685031920166
raw,curated-v2-0283,2,positive,0.7987522571227899,0.029647110596589747,0.17160063228062042
raw,curated-v2-0296,2,negative,0.6784693528483102,0.1660976975563299,0.1554329495953598
raw,curated-v2-0304,2,negative,0.27812215530041184,0.2201345010800351,0.501743343619553
raw,curated-v2-0310,2,neutral,0.05796922902539769,0.7967537812589282,0.1452769897156742
raw,curated-v2-0316,2,neutral,0.1195786784396782,0.3451083868046913,0.5353129347556305
raw,curated-v2-0327,2,negative,0.2863978180076322,0.3527315071213492,0.36087067487101865
raw,curated-v2-0330,2,positive,0.45527532602148413,0.1312446035452535,0.4134800704332624
raw,curated-v2-0336,2,positive,0.1253706968017476,0.42569551692387747,0.44893378627437486
raw,curated-v2-0340,2,positive,0.17038989127211931,0.1768674076970257,0.652742701030855
raw,curated-v2-0356,2,positive,0.12658566240880384,0.140406741637842,0.7330075959533542
raw,curated-v2-0358,2,neutral,0.29795406861421797,0.4054415451848156,0.29660438620096635
raw,curated-v2-0360,2,negative,0.27806515752177,0.3962767596732912,0.32565808280493885
raw,curated-v2-0369,2,negative,0.2714254656531525,0.1678302152161102,0.5607443191307373
raw,curated-v2-0370,2,negative,0.6783635080755435,0.12565403981756934,0.1959824521068872
raw,curated-v2-0372,2,positive,0.09069077956884015,0.2980328598065728,0.611276360624587
raw,curated-v2-0375,2,positive,0.19916447090617623,0.621301578114194,0.17953395097962987
raw,curated-v2-0377,2,positive,0.14584514779123176,0.11282395200384747,0.7413309002049208
raw,curated-v2-0390,2,negative,0.8015113727058671,0.09779125484367832,0.1006973724504546
raw,curated-v2-0392,2,negative,0.36410502859655536,0.1597350724842031,0.4761598989192415
raw,curated-v2-0395,2,negative,0.5409225233419397,0.08938049739881988,0.3696969792592404
raw,curated-v2-0401,2,negative,0.2502162657810844,0.28396010772246805,0.4658236264964476
raw,curated-v2-0416,2,neutral,0.24758413609726468,0.660353163470296,0.0920627004324392
raw,curated-v2-0419,2,neutral,0.31114158761333915,0.32157354009334366,0.3672848722933172
raw,curated-v2-0425,2,negative,0.6255177230928238,0.1698449601857401,0.20463731672143604
raw,curated-v2-0427,2,negative,0.765320384655779,0.06445414361128989,0.17022547173293118
raw,curated-v2-0428,2,negative,0.1726787349646637,0.22231508485728643,0.60500618017805
raw,curated-v2-0441,2,negative,0.5126836676012098,0.270387359458331,0.21692897294045924
raw,curated-v2-0459,2,negative,0.8616696477899093,0.05198253546109494,0.08634781674899582
raw,curated-v2-0463,2,positive,0.12056202319049726,0.3438399128792695,0.5355980639302332
raw,curated-v2-0466,2,neutral,0.1485706813842893,0.6096545405876296,0.24177477802808112
raw,curated-v2-0467,2,negative,0.7963470112449232,0.09388825288074609,0.10976473587433068
raw,curated-v2-0475,2,positive,0.10376301814161432,0.25275717299112094,0.6434798088672647
raw,curated-v2-0481,2,neutral,0.10426045340683932,0.798917218197545,0.09682232839561573
raw,curated-v2-0482,2,neutral,0.2993894453711002,0.3910218274603852,0.30958872716851454
raw,curated-v2-0483,2,positive,0.22618618006852634,0.056151483240989376,0.7176623366904843
raw,curated-v2-0505,2,positive,0.47658012430711616,0.18901342522350092,0.33440645046938283
raw,curated-v2-0530,2,neutral,0.3322022989756851,0.47338475659789275,0.19441294442642218
raw,curated-v2-0554,2,positive,0.11588834905566092,0.45790174638109354,0.4262099045632456
raw,curated-v2-0560,2,neutral,0.380376316184518,0.2351867710935358,0.38443691272194613
raw,curated-v2-0574,2,positive,0.39784795236182413,0.36942345502059265,0.23272859261758316
raw,curated-v2-0582,2,neutral,0.49235072888562226,0.1764694695955117,0.331179801518866
raw,curated-v2-0590,2,negative,0.6414688654249828,0.18254766108379303,0.17598347349122406
raw,curated-v2-0592,2,negative,0.6079736531647811,0.1275965247969239,0.2644298220382949
raw,curated-v2-0598,2,positive,0.2685509793058683,0.4329938087799191,0.2984552119142125
raw,curated-v2-0599,2,positive,0.2940648881054705,0.19030370956888243,0.5156314023256471
raw,curated-v2-0601,2,neutral,0.08554535560235241,0.6866221046802313,0.22783253971741632
raw,curated-v2-0607,2,neutral,0.2976452371608054,0.5510394833596605,0.1513152794795341
raw,curated-v2-0613,2,negative,0.4438652894944489,0.3211190140138027,0.23501569649174844
raw,curated-v2-0618,2,positive,0.5019615354700295,0.2214094964980646,0.27662896803190595
raw,curated-v2-0628,2,negative,0.8338908637893869,0.0927005243601306,0.0734086118504824
raw,curated-v2-0632,2,positive,0.056429439497270285,0.16539737856805836,0.7781731819346714
raw,curated-v2-0635,2,neutral,0.20193134468144763,0.7610760218838188,0.03699263343473348
raw,curated-v2-0646,2,negative,0.8135836176789706,0.04775619185103797,0.13866019046999134
raw,curated-v2-0664,2,neutral,0.42498663804195996,0.4806877931941654,0.0943255687638747
raw,curated-v2-0667,2,neutral,0.28755055816956826,0.11396795497538038,0.5984814868550513
raw,curated-v2-0668,2,neutral,0.2496992723800884,0.5176285968380008,0.23267213078191076
raw,curated-v2-0671,2,negative,0.7697463616765187,0.14132339198447644,0.08893024633900479
raw,curated-v2-0674,2,neutral,0.2797682197794332,0.4382471277576048,0.2819846524629619
raw,curated-v2-0678,2,neutral,0.20131702292723622,0.37003893356603434,0.42864404350672947
raw,curated-v2-0679,2,neutral,0.24210661873492492,0.5168035140002554,0.24108986726481968
raw,curated-v2-0680,2,neutral,0.6110862978745658,0.270147953614366,0.1187657485110681
raw,curated-v2-0689,2,neutral,0.23109026960360762,0.45139461757465343,0.31751511282173894
raw,curated-v2-0699,2,positive,0.22632955628776646,0.3165179491787208,0.45715249453351275
raw,curated-v2-0709,2,neutral,0.4362914481703987,0.29028966172624654,0.27341889010335463
raw,curated-v2-0712,2,negative,0.30698358514549945,0.2422901877686005,0.45072622708590016
raw,curated-v2-0719,2,positive,0.20800114042110215,0.4253043902863327,0.3666944692925652
raw,curated-v2-0727,2,neutral,0.08794725465909517,0.5713844147851348,0.3406683305557701
raw,curated-v2-0728,2,neutral,0.2618250447726824,0.28266670768103574,0.4555082475462819
raw,curated-v2-0734,2,negative,0.4259089459639135,0.195639897381516,0.37845115665457063
raw,curated-v2-0754,2,negative,0.23818217505789607,0.24908488913161903,0.5127329358104848
raw,curated-v2-0755,2,negative,0.6388469483017986,0.1120641195464828,0.24908893215171868
raw,curated-v2-0780,2,negative,0.26414624396062314,0.5368324128895811,0.19902134314979592
raw,curated-v2-0783,2,neutral,0.262009986442015,0.6382064756536385,0.09978353790434642
raw,curated-v2-0789,2,neutral,0.2638101284551592,0.6785122929508123,0.057677578594028424
raw,curated-v2-0791,2,positive,0.20860995444057637,0.1531675959887868,0.6382224495706368
raw,curated-v2-0796,2,neutral,0.34834000367640644,0.2680197242175107,0.38364027210608287
raw,curated-v2-0799,2,negative,0.25066014800619413,0.15517646498946655,0.5941633870043392
raw,curated-v2-0809,2,positive,0.1756866570267221,0.21144778344964105,0.6128655595236369
raw,curated-v2-0810,2,positive,0.1456314019157832,0.09166093176178816,0.7627076663224286
raw,curated-v2-0811,2,positive,0.3359019531527175,0.29073397471062584,0.37336407213665673
raw,curated-v2-0812,2,positive,0.048436902335397214,0.4005845992825752,0.5509784983820275
raw,curated-v2-0820,2,neutral,0.42623646336889864,0.4427757451947716,0.1309877914363296
raw,curated-v2-0824,2,neutral,0.17259271639940127,0.7570652254935417,0.07034205810705703
raw,curated-v2-0825,2,neutral,0.24856604507082827,0.6910469754063777,0.06038697952279404
raw,curated-v2-0826,2,neutral,0.16852898664723648,0.6279449995645561,0.2035260137882076
raw,curated-v2-0854,2,negative,0.6118694651117401,0.16436524946363598,0.2237652854246238
raw,curated-v2-0884,2,neutral,0.13085854358745808,0.6681815419465624,0.20095991446597952
raw,curated-v2-0887,2,neutral,0.12231826761617227,0.7588712405986141,0.11881049178521372
raw,curated-v2-0892,2,positive,0.15301264212308824,0.29999132232497344,0.5469960355519383
raw,curated-v2-0895,2,positive,0.44320215839890587,0.13753365982441618,0.4192641817766779
raw,curated-v2-0017,3,neutral,0.2698231561172689,0.5249874444895337,0.2051893993931973
raw,curated-v2-0033,3,positive,0.38111269516559926,0.22680243879960035,0.3920848660348003
raw,curated-v2-0037,3,neutral,0.25687184460306334,0.3491271238129114,0.3940010315840253
raw,curated-v2-0040,3,positive,0.1319380109373964,0.3108431348719302,0.5572188541906733
raw,curated-v2-0041,3,neutral,0.2932515314242127,0.2595276452771005,0.4472208232986867
raw,curated-v2-0046,3,neutral,0.1320075255421656,0.807482013347215,0.0605104611106194
raw,curated-v2-0047,3,neutral,0.14175994764083083,0.6982712581252923,0.15996879423387672
raw,curated-v2-0051,3,positive,0.30621229312436393,0.5736761314932063,0.12011157538242978
raw,curated-v2-0061,3,negative,0.19274157598907457,0.7707603396574252,0.03649808435350016
raw,curated-v2-0062,3,positive,0.2614838965317534,0.3562901907626297,0.3822259127056169
raw,curated-v2-0065,3,positive,0.09970207962350718,0.20334081886646319,0.6969571015100295
raw,curated-v2-0075,3,positive,0.17877088235067481,0.0947100631407389,0.7265190545085862
raw,curated-v2-0080,3,positive,0.41073017665530576,0.5198873348954519,0.06938248844924229
raw,curated-v2-0084,3,neutral,0.17971472136176447,0.6690674840388724,0.15121779459936308
raw,curated-v2-0095,3,positive,0.18997035738479484,0.26860401651760296,0.5414256260976021
raw,curated-v2-0098,3,neutral,0.4973355910607109,0.3134069812649452,0.1892574276743439
raw,curated-v2-0108,3,positive,0.3472131494119371,0.2548018366290519,0.3979850139590111
raw,curated-v2-0113,3,negative,0.2078437086040693,0.1202543578179969,0.6719019335779337
raw,curated-v2-0123,3,positive,0.5845082962327365,0.17194342961752562,0.24354827414973781
raw,curated-v2-0144,3,neutral,0.07121356902648393,0.0450574505134189,0.8837289804600972
raw,curated-v2-0154,3,positive,0.1530528450649594,0.11020127964943209,0.7367458752856084
raw,curated-v2-0164,3,positive,0.2532787607762145,0.3871127024547341,0.3596085367690514
raw,curated-v2-0165,3,positive,0.24631883255603326,0.13599009249150076,0.617691074952466
raw,curated-v2-0171,3,positive,0.28410322838330665,0.11971251180244331,0.59618425981425
raw,curated-v2-0172,3,positive,0.24578168093658714,0.6777543039560154,0.07646401510739746
raw,curated-v2-0179,3,negative,0.2974647619338471,0.39880273211711004,0.3037325059490429
raw,curated-v2-0182,3,positive,0.2426320136227999,0.3388023541732343,0.41856563220396575
raw,curated-v2-0188,3,negative,0.3662697979418283,0.5108402578247043,0.12288994423346739
raw,curated-v2-0196,3,neutral,0.5532012870683511,0.3800666839981955,0.06673202893345344
raw,curated-v2-0207,3,negative,0.5266988763709455,0.25045721818315453,0.22284390544590008
raw,curated-v2-0226,3,negative,0.5167198115977542,0.1738377895197553,0.30944239888249064
raw,curated-v2-0230,3,positive,0.1523769861425796,0.17353397149715907,0.6740890423602612
raw,curated-v2-0231,3,negative,0.06304078549622756,0.8497682609213941,0.08719095358237837
raw,curated-v2-0237,3,positive,0.08812596591970363,0.7859846600136067,0.12588937406668974
raw,curated-v2-0239,3,negative,0.7156713947420879,0.1694037315526726,0.11492487370523949
raw,curated-v2-0241,3,neutral,0.26499842510407523,0.652806261739217,0.08219531315670778
raw,curated-v2-0247,3,neutral,0.5303634696084943,0.14842761516747083,0.3212089152240349
raw,curated-v2-0255,3,positive,0.37083477014198596,0.1684173082514435,0.4607479216065706
raw,curated-v2-0263,3,positive,0.20390753086082547,0.32577741554067846,0.470315053598496
raw,curated-v2-0279,3,positive,0.21660737865321839,0.2969401936847224,0.4864524276620592
raw,curated-v2-0280,3,negative,0.17386575730287335,0.34441896256350407,0.4817152801336225
raw,curated-v2-0289,3,positive,0.2906360360114641,0.3963639452300514,0.31300001875848454
raw,curated-v2-0305,3,negative,0.6520438774935174,0.18866720541446486,0.15928891709201773
raw,curated-v2-0306,3,negative,0.39984662797974835,0.12959767779596335,0.4705556942242884
raw,curated-v2-0314,3,neutral,0.183626914203923,0.10780849339087313,0.7085645924052039
raw,curated-v2-0322,3,neutral,0.34915327192574036,0.42055300931514816,0.2302937187591116
raw,curated-v2-0325,3,negative,0.5023415436569381,0.20736292453091526,0.2902955318121467
raw,curated-v2-0328,3,neutral,0.3472315044201188,0.35096673763902864,0.30180175794085257
raw,curated-v2-0332,3,negative,0.31527739401171223,0.3906792420819366,0.2940433639063511
raw,curated-v2-0335,3,positive,0.16869081009501077,0.18634371366790167,0.6449654762370877
raw,curated-v2-0345,3,neutral,0.3088304602336386,0.25762495305828104,0.43354458670808044
raw,curated-v2-0353,3,positive,0.07858185796832867,0.03597718829401953,0.8854409537376517
raw,curated-v2-0354,3,neutral,0.23959230365525988,0.5588375299768911,0.20157016636784905
raw,curated-v2-0362,3,negative,0.3176327694455216,0.4642523743610365,0.21811485619344198
raw,curated-v2-0367,3,negative,0.17287195856267198,0.3584651602110863,0.4686628812262416
raw,curated-v2-0371,3,positive,0.19197207037836014,0.038022271738962145,0.7700056578826777
raw,curated-v2-0373,3,positive,0.13465174644202751,0.6675581851650758,0.19779006839289673
raw,curated-v2-0374,3,positive,0.21210224028017718,0.476720840469945,0.3111769192498778
raw,curated-v2-0385,3,neutral,0.24816203093960396,0.39959408426561244,0.3522438847947836
raw,curated-v2-0387,3,neutral,0.23926263803791303,0.6424535032277578,0.11828385873432912
raw,curated-v2-0389,3,neutral,0.16486699468625968,0.6938177426088611,0.14131526270487912
raw,curated-v2-0396,3,negative,0.3597851137117738,0.40496429829784314,0.2352505879903831
raw,curated-v2-0402,3,negative,0.4580556908044087,0.2807834644417095,0.26116084475388174
raw,curated-v2-0413,3,neutral,0.20798270709172414,0.5214933322486096,0.2705239606596662
raw,curated-v2-0429,3,negative,0.8600880453401766,0.05289446985995698,0.08701748479986643
raw,curated-v2-0447,3,negative,0.5311429846572894,0.30346689132161575,0.16539012402109488
raw,curated-v2-0449,3,positive,0.1879752217419834,0.7137607118459502,0.0982640664120663
raw,curated-v2-0452,3,positive,0.3879741345506891,0.3401780054534196,0.2718478599958914
raw,curated-v2-0453,3,positive,0.11968021062585152,0.037932315086889816,0.8423874742872587
raw,curated-v2-0457,3,negative,0.674268648757094,0.1762496401805858,0.14948171106232006
raw,curated-v2-0469,3,positive,0.04968023428452577,0.6744475684891476,0.27587219722632667
raw,curated-v2-0476,3,neutral,0.2091960711379481,0.5788059179800359,0.21199801088201584
raw,curated-v2-0486,3,negative,0.8362790263802138,0.05931880620808699,0.10440216741169914
raw,curated-v2-0498,3,positive,0.12013532699604658,0.13972483638804803,0.7401398366159054
raw,curated-v2-0504,3,negative,0.5805636767218141,0.11700900750367543,0.3024273157745103
raw,curated-v2-0506,3,neutral,0.15343295884733615,0.7579142447732996,0.08865279637936423
raw,curated-v2-0515,3,neutral,0.1961911065119265,0.398674256973487,0.40513463651458637
raw,curated-v2-0522,3,negative,0.47903282709418993,0.22444260721933643,0.29652456568647373
raw,curated-v2-0527,3,neutral,0.18074503802580233,0.664565022837231,0.15468993913696683
raw,curated-v2-0529,3,neutral,0.17659047864794913,0.7132523464609097,0.11015717489114099
raw,curated-v2-0533,3,negative,0.8512847782995625,0.08208061862554887,0.0666346030748886
raw,curated-v2-0535,3,negative,0.43637915015259676,0.1717071752930262,0.391913674554377
raw,curated-v2-0536,3,negative,0.6106963400125427,0.1557159246659211,0.23358773532153615
raw,curated-v2-0542,3,neutral,0.03853619909173653,0.05999848362989418,0.9014653172783693
raw,curated-v2-0545,3,negative,0.8721751944829964,0.11027988693995701,0.01754491857704659
raw,curated-v2-0549,3,negative,0.2530471913748631,0.4161476160553232,0.33080519256981367
raw,curated-v2-0553,3,positive,0.7489303124868795,0.10241440985188881,0.1486552776612317
raw,curated-v2-0561,3,neutral,0.31928370454269683,0.30166365038925846,0.37905264506804465
raw,curated-v2-0577,3,positive,0.22469392538070015,0.4944304084253996,0.2808756661939003
raw,curated-v2-0578,3,neutral,0.24162607553937115,0.6536487817102581,0.10472514275037074
raw,curated-v2-0587,3,negative,0.23041325058728895,0.474034412601406,0.295552336811305
raw,curated-v2-0608,3,negative,0.6801527149902158,0.1274701434847346,0.1923771415250495
raw,curated-v2-0617,3,positive,0.69551414890359,0.115306694674195,0.189179156422215
raw,curated-v2-0622,3,neutral,0.2747482857127951,0.5251325301149363,0.2001191841722686
raw,curated-v2-0623,3,neutral,0.14566413800325856,0.772511749822543,0.08182411217419851
raw,curated-v2-0630,3,positive,0.2208889219306726,0.11265780910104091,0.6664532689682865
raw,curated-v2-0638,3,neutral,0.13037423881599702,0.731747797349335,0.13787796383466794
raw,curated-v2-0640,3,neutral,0.06927966142723284,0.3270324343271156,0.6036879042456516
raw,curated-v2-0652,3,neutral,0.15277737154049473,0.31778591384894816,0.5294367146105571
raw,curated-v2-0655,3,neutral,0.22093498897336952,0.5794641748895679,0.19960083613706256
raw,curated-v2-0662,3,negative,0.3084237504376987,0.04988686881187673,0.6416893807504246
raw,curated-v2-0663,3,negative,0.1287222213549572,0.7456009381978288,0.12567684044721406
raw,curated-v2-0670,3,negative,0.5992328314155824,0.17832677287777585,0.2224403957066419
raw,curated-v2-0672,3,negative,0.09333306213130295,0.7797015024368812,0.1269654354318158
raw,curated-v2-0677,3,neutral,0.16518386705739585,0.33596107256334035,0.49885506037926386
raw,curated-v2-0688,3,positive,0.550789956950411,0.16693286152471884,0.28227718152487014
raw,curated-v2-0695,3,negative,0.37053182560463577,0.2492687684388165,0.38019940595654766
raw,curated-v2-0696,3,negative,0.28729560235676,0.5141111577288004,0.19859323991443947
raw,curated-v2-0701,3,positive,0.1457140594843621,0.16590192393715758,0.6883840165784804
raw,curated-v2-0704,3,positive,0.23205524103440786,0.26604430506408633,0.5019004539015058
raw,curated-v2-0708,3,neutral,0.0699164247034847,0.08611412979559753,0.8439694455009177
raw,curated-v2-0716,3,negative,0.8789465066530738,0.014197792784364668,0.10685570056256151
raw,curated-v2-0720,3,positive,0.23542846805266243,0.5631454535434697,0.20142607840386792
raw,curated-v2-0722,3,positive,0.7187310467053737,0.08019629671940211,0.20107265657522422
raw,curated-v2-0730,3,negative,0.5283849643675878,0.14554037716759305,0.32607465846481903
raw,curated-v2-0747,3,positive,0.27124197563160307,0.07162386160565747,0.6571341627627395
raw,curated-v2-0748,3,neutral,0.12604053430724665,0.7105196198632804,0.16343984582947305
raw,curated-v2-0750,3,neutral,0.45919696237451113,0.46345898560588855,0.07734405201960033
raw,curated-v2-0761,3,neutral,0.1338045252799328,0.7657743033220609,0.10042117139800624
raw,curated-v2-0768,3,neutral,0.1829333832686936,0.1682926775789069,0.6487739391523996
raw,curated-v2-0770,3,neutral,0.1474767220596689,0.6780051989777841,0.174518078962547
raw,curated-v2-0777,3,negative,0.584819117621563,0.09501334007920552,0.32016754229923144
raw,curated-v2-0778,3,negative,0.7033119333246807,0.150354659183848,0.14633340749147136
raw,curated-v2-0784,3,negative,0.37649768663510874,0.3810108814619957,0.24249143190289554
raw,curated-v2-0786,3,positive,0.42926388375257296,0.1625087173407943,0.40822739890663273
raw,curated-v2-0792,3,negative,0.446383307909756,0.18551251217549947,0.3681041799147444
raw,curated-v2-0795,3,neutral,0.36048648156871055,0.522961083112453,0.11655243531883636
raw,curated-v2-0800,3,positive,0.16234970834975157,0.06254195425446663,0.7751083373957818
raw,curated-v2-0806,3,positive,0.31274207823992334,0.35830245160869584,0.3289554701513808
raw,curated-v2-0807,3,positive,0.1783093780714116,0.4840732450252629,0.3376173769033256
raw,curated-v2-0814,3,positive,0.25532356862729677,0.27531985787538493,0.4693565734973182
raw,curated-v2-0836,3,neutral,0.40029016026943215,0.4235177465663022,0.1761920931642656
raw,curated-v2-0844,3,neutral,0.2903388340426419,0.35951434604564,0.35014681991171803
raw,curated-v2-0845,3,neutral,0.22328339021281976,0.5964693090200021,0.18024730076717813
raw,curated-v2-0847,3,neutral,0.27984976510737675,0.6127885930668077,0.1073616418258156
raw,curated-v2-0849,3,negative,0.5087732443268163,0.24463891651782127,0.24658783915536245
raw,curated-v2-0850,3,negative,0.6717600857501602,0.2195886151773769,0.10865129907246288
raw,curated-v2-0860,3,negative,0.8584316649304223,0.09223275914412346,0.04933557592545407
raw,curated-v2-0862,3,negative,0.24685626628511464,0.2233027376903642,0.5298409960245212
raw,curated-v2-0868,3,negative,0.8287989082611679,0.06021383502429291,0.11098725671453936
raw,curated-v2-0873,3,negative,0.38303681188943645,0.10838330099436636,0.5085798871161972
raw,curated-v2-0881,3,neutral,0.11166456683171382,0.7607351876947208,0.12760024547356538
raw,curated-v2-0888,3,neutral,0.10297493541342138,0.8483225568442806,0.048702507742297924
raw,curated-v2-0893,3,positive,0.22610313685105696,0.3494977462572832,0.4243991168916598
raw,curated-v2-0012,4,negative,0.3095479415145512,0.1963408791941233,0.49411117929132553
raw,curated-v2-0014,4,neutral,0.08753980487215444,0.8222012507516954,0.0902589443761502
raw,curated-v2-0020,4,positive,0.19971684252498456,0.29704716608026405,0.5032359913947514
raw,curated-v2-0030,4,positive,0.2915201778429685,0.2079806834214933,0.5004991387355382
raw,curated-v2-0035,4,neutral,0.5915803222019848,0.104894210576411,0.3035254672216041
raw,curated-v2-0042,4,positive,0.2199171746749095,0.34883466495105914,0.43124816037403146
raw,curated-v2-0054,4,negative,0.316511252702491,0.5161880845481845,0.16730066274932454
raw,curated-v2-0085,4,negative,0.2172903492185805,0.31285847544429024,0.4698511753371291
raw,curated-v2-0086,4,positive,0.2889211381940879,0.0774784260134243,0.6336004357924879
raw,curated-v2-0087,4,positive,0.09756775385528291,0.2565110844142004,0.6459211617305167
raw,curated-v2-0093,4,positive,0.17744289400045682,0.1877147179136843,0.6348423880858589
raw,curated-v2-0096,4,negative,0.21551912863001763,0.3815967520640488,0.40288411930593365
raw,curated-v2-0107,4,positive,0.11716010027341638,0.11900742202565957,0.7638324777009241
raw,curated-v2-0112,4,negative,0.7381896333269864,0.0925765154639429,0.1692338512090706
raw,curated-v2-0117,4,positive,0.43159736278402,0.16612942574291398,0.40227321147306605
raw,curated-v2-0118,4,negative,0.3666951488045046,0.03802595457311896,0.5952788966223765
raw,curated-v2-0128,4,neutral,0.46914290191140434,0.15601156884871598,0.3748455292398796
raw,curated-v2-0138,4,positive,0.1778194955256205,0.07626337648138029,0.7459171279929993
raw,curated-v2-0141,4,positive,0.15639080118232432,0.48204705729851527,0.36156214151916044
raw,curated-v2-0146,4,positive,0.1092047623326658,0.40802598961978315,0.4827692480475511
raw,curated-v2-0150,4,negative,0.7443440988370688,0.15777057065344297,0.09788533050948826
raw,curated-v2-0156,4,neutral,0.5049517002014076,0.0813959586954438,0.41365234110314864
raw,curated-v2-0158,4,positive,0.3605800757403562,0.06308615131923911,0.5763337729404047
raw,curated-v2-0163,4,negative,0.25606660481937077,0.21088360781633395,0.5330497873642952
raw,curated-v2-0177,4,neutral,0.31152822058490387,0.33239664550795756,0.3560751339071386
raw,curated-v2-0183,4,neutral,0.10473212167388618,0.6492609296374836,0.2460069486886302
raw,curated-v2-0184,4,positive,0.15707374485045833,0.1288514636568894,0.7140747914926522
raw,curated-v2-0189,4,negative,0.2506549679887378,0.3886419021859703,0.3607031298252918
raw,curated-v2-0190,4,positive,0.0996219399056542,0.4188962612106063,0.4814817988837394
raw,curated-v2-0199,4,positive,0.09846577769690336,0.5181365800030932,0.38339764230000345
raw,curated-v2-0201,4,positive,0.24684128800702543,0.5974182309112916,0.15574048108168292
raw,curated-v2-0203,4,neutral,0.2805026106870309,0.42097466207601536,0.2985227272369538
raw,curated-v2-0204,4,positive,0.10849220138134558,0.5601919094326749,0.3313158891859795
raw,curated-v2-0215,4,neutral,0.07004890786784235,0.7890301062933385,0.14092098583881907
raw,curated-v2-0218,4,positive,0.4624928729313321,0.19577017424130916,0.3417369528273587
raw,curated-v2-0238,4,negative,0.7927353323838642,0.09439497061140978,0.11286969700472604
raw,curated-v2-0245,4,negative,0.5518106915502381,0.068208428901176,0.379980879548586
raw,curated-v2-0251,4,neutral,0.12056557797042118,0.16275714684924414,0.7166772751803346
raw,curated-v2-0254,4,neutral,0.271285796606487,0.5022976072440936,0.2264165961494194
raw,curated-v2-0257,4,neutral,0.2065452504206373,0.16348716565164728,0.6299675839277155
raw,curated-v2-0258,4,neutral,0.4563941280688893,0.10477365699753637,0.43883221493357427
raw,curated-v2-0262,4,negative,0.43488943521002776,0.490563524551477,0.07454704023849534
raw,curated-v2-0266,4,positive,0.20249760037715048,0.49943468835738813,0.29806771126546133
raw,curated-v2-0269,4,positive,0.29972377867763134,0.4316407228768079,0.2686354984455609
raw,curated-v2-0272,4,positive,0.2300004267655381,0.3262651764736835,0.44373439676077825
raw,curated-v2-0277,4,negative,0.4734233499092232,0.36255179428300877,0.16402485580776813
raw,curated-v2-0281,4,positive,0.33082105700954456,0.18249947839714897,0.4866794645933065
raw,curated-v2-0292,4,positive,0.3301285552101496,0.3492656209096144,0.320605823880236
raw,curated-v2-0303,4,negative,0.19418554880643613,0.3820996893457169,0.423714761847847
raw,curated-v2-0309,4,neutral,0.19335250982854185,0.5125361599854463,0.2941113301860119
raw,curated-v2-0311,4,neutral,0.05414686517520259,0.5110945071066555,0.43475862771814194
raw,curated-v2-0319,4,neutral,0.4924139166553725,0.4494879597105377,0.05809812363408993
raw,curated-v2-0338,4,positive,0.11783957000699566,0.24920405676322854,0.6329563732297758
raw,curated-v2-0339,4,positive,0.40515349565722303,0.16573847258281846,0.42910803175995854
raw,curated-v2-0347,4,neutral,0.15788087327614828,0.6092574020643872,0.23286172465946464
raw,curated-v2-0352,4,neutral,0.3002383344106999,0.15317404395003356,0.5465876216392666
raw,curated-v2-0366,4,neutral,0.23068228709585786,0.6350538169816776,0.13426389592246446
raw,curated-v2-0368,4,positive,0.39722561309982235,0.0462634742342769,0.5565109126659007
raw,curated-v2-0379,4,positive,0.342160903846222,0.42948784081209807,0.22835125534167994
raw,curated-v2-0383,4,neutral,0.13731302653498162,0.7494754976259912,0.1132114758390273
raw,curated-v2-0388,4,neutral,0.5720699941698373,0.18992307394183092,0.23800693188833177
raw,curated-v2-0403,4,negative,0.5701107792074297,0.04154521384712304,0.38834400694544724
raw,curated-v2-0405,4,positive,0.33169111091958436,0.09896759238065073,0.569341296699765
raw,curated-v2-0410,4,positive,0.4029133828832054,0.31730309648015426,0.2797835206366403
raw,curated-v2-0424,4,negative,0.5702042218291338,0.15163835765388164,0.2781574205169845
raw,curated-v2-0430,4,negative,0.7637227781155842,0.10399725995774492,0.13227996192667085
raw,curated-v2-0431,4,positive,0.34092435900966345,0.17413479910216892,0.48494084188816766
raw,curated-v2-0434,4,positive,0.19582507912936986,0.10961376307756764,0.6945611577930626
raw,curated-v2-0440,4,negative,0.6495377217401399,0.20917380004158215,0.14128847821827806
raw,curated-v2-0470,4,positive,0.527762262318055,0.17765168594987982,0.2945860517320652
raw,curated-v2-0478,4,neutral,0.16246596390789464,0.6482278319319257,0.1893062041601797
raw,curated-v2-0488,4,positive,0.05620327393773847,0.0306231569011028,0.9131735691611588
raw,curated-v2-0492,4,negative,0.551108305965621,0.0859435157052067,0.36294817832917237
raw,curated-v2-0507,4,positive,0.06532227595001303,0.03603815929126404,0.898639564758723
raw,curated-v2-0509,4,positive,0.22614512600022557,0.639186711795006,0.13466816220476843
raw,curated-v2-0510,4,positive,0.055152099537219404,0.03562547647528458,0.9092224239874959
raw,curated-v2-0511,4,neutral,0.3120927791573627,0.14485580290078964,0.5430514179418476
raw,curated-v2-0519,4,negative,0.7521935698693164,0.13815263953190582,0.10965379059877768
raw,curated-v2-0528,4,neutral,0.36328768484698826,0.36106695918714754,0.27564535596586426
raw,curated-v2-0532,4,negative,0.5410108575433564,0.19706234385431395,0.26192679860232954
raw,curated-v2-0543,4,negative,0.7320455233982015,0.18674396358967565,0.08121051301212276
raw,curated-v2-0548,4,negative,0.705881473082904,0.17490186095082116,0.11921666596627492
raw,curated-v2-0557,4,neutral,0.299045781743785,0.6005955957717294,0.10035862248448559
raw,curated-v2-0562,4,negative,0.5368273156776805,0.2983300148209526,0.16484266950136683
raw,curated-v2-0580,4,neutral,0.12408674978233211,0.5275729251789271,0.3483403250387408
raw,curated-v2-0588,4,negative,0.7380443899254648,0.07709648917025544,0.1848591209042798
raw,curated-v2-0593,4,positive,0.12511612637957764,0.18173413472127134,0.693149738899151
raw,curated-v2-0595,4,positive,0.20974508611367615,0.6278817367202968,0.16237317716602698
raw,curated-v2-0597,4,positive,0.388521708961116,0.22269558910437873,0.3887827019345053
raw,curated-v2-0602,4,neutral,0.44268971696459286,0.22941938036266596,0.3278909026727411
raw,curated-v2-0612,4,negative,0.25907109328866157,0.30119116081821096,0.43973774589312753
raw,curated-v2-0614,4,negative,0.8925128490469765,0.03211827170887122,0.07536887924415217
raw,curated-v2-0615,4,negative,0.7322008089535035,0.20825238522954423,0.059546805816952215
raw,curated-v2-0620,4,neutral,0.321889588023257,0.3083317488029152,0.36977866317382785
raw,curated-v2-0633,4,positive,0.6637569883492427,0.21248112794915594,0.12376188370160134
raw,curated-v2-0641,4,negative,0.6402150054017166,0.16467462992936624,0.19511036466891715
raw,curated-v2-0650,4,positive,0.04599431251234933,0.03506949401070124,0.9189361934769494
raw,curated-v2-0659,4,negative,0.6423346445119139,0.09824282715982714,0.25942252832825885
raw,curated-v2-0675,4,negative,0.4802751911645552,0.28171799782803275,0.23800681100741214
raw,curated-v2-0683,4,negative,0.46820890495712764,0.3151876555980121,0.21660343944486024
raw,curated-v2-0693,4,neutral,0.0547343635840404,0.9282549142093007,0.01701072220665893
raw,curated-v2-0694,4,negative,0.19977672777357133,0.3502754206755127,0.44994785155091593
raw,curated-v2-0698,4,positive,0.3207980360505206,0.2203649137960378,0.4588370501534416
raw,curated-v2-0710,4,negative,0.39226549436556846,0.12531288469312596,0.4824216209413054
raw,curated-v2-0718,4,negative,0.14807256287123513,0.05952563594385,0.7924018011849148
raw,curated-v2-0726,4,neutral,0.33856956584517184,0.32711412419429686,0.33431630996053124
raw,curated-v2-0736,4,positive,0.5029141882781291,0.09624490644679336,0.40084090527507754
raw,curated-v2-0740,4,negative,0.4933210331643777,0.0900225461594353,0.416656420676187
raw,curated-v2-0741,4,negative,0.3406636362535598,0.5818187800269549,0.0775175837194854
raw,curated-v2-0742,4,negative,0.43223030930181217,0.2951559650647234,0.2726137256334645
raw,curated-v2-0749,4,neutral,0.1930974474607949,0.480694918947768,0.32620763359143706
raw,curated-v2-0762,4,negative,0.8215379843884462,0.0567800532978048,0.1216819623137491
raw,curated-v2-0769,4,negative,0.37635082556196087,0.3198050596804203,0.3038441147576189
raw,curated-v2-0771,4,neutral,0.24141964865243365,0.33964606845898815,0.4189342828885782
raw,curated-v2-0772,4,neutral,0.3171840919593521,0.5233222952033685,0.15949361283727942
raw,curated-v2-0774,4,neutral,0.2976399383400161,0.5682084657551022,0.1341515959048817
raw,curated-v2-0785,4,negative,0.7172225874654541,0.0472121654071956,0.2355652471273504
raw,curated-v2-0787,4,neutral,0.08332188756943364,0.26769012648620133,0.648987985944365
raw,curated-v2-0788,4,neutral,0.4132886933387572,0.46835004361369337,0.1183612630475495
raw,curated-v2-0793,4,negative,0.9295228213208904,0.04375689423390957,0.02672028444520002
raw,curated-v2-0794,4,neutral,0.26606512646217895,0.37641698415485414,0.3575178893829669
raw,curated-v2-0798,4,neutral,0.23998457348454116,0.7179184257790797,0.04209700073637907
raw,curated-v2-0801,4,positive,0.4271923987235134,0.10417349127083145,0.4686341100056551
raw,curated-v2-0802,4,positive,0.744898010609365,0.07432391711621093,0.18077807227442405
raw,curated-v2-0803,4,positive,0.12612076506045738,0.2252743439756806,0.6486048909638621
raw,curated-v2-0804,4,positive,0.34111306760614596,0.13802435452095757,0.5208625778728965
raw,curated-v2-0815,4,neutral,0.11662228212806058,0.719729295126782,0.1636484227451575
raw,curated-v2-0818,4,neutral,0.08049121598217587,0.7853089675750607,0.13419981644276346
raw,curated-v2-0831,4,neutral,0.12718673805047254,0.8373064325412827,0.0355068294082448
raw,curated-v2-0834,4,neutral,0.4663901218750477,0.3752035643984838,0.15840631372646852
raw,curated-v2-0835,4,neutral,0.18582877118908506,0.7689506440723543,0.04522058473856061
raw,curated-v2-0837,4,neutral,0.3613238558756344,0.30838923719888683,0.3302869069254788
raw,curated-v2-0842,4,neutral,0.28241994797056463,0.32975942350791104,0.3878206285215244
raw,curated-v2-0861,4,negative,0.8520512728838567,0.04403291741147895,0.10391580970466421
raw,curated-v2-0863,4,negative,0.7529444457493524,0.18571584065543012,0.06133971359521759
raw,curated-v2-0865,4,negative,0.9495674235270127,0.021142252765434678,0.029290323707552482
raw,curated-v2-0867,4,negative,0.5565362720082625,0.2051030884229152,0.23836063956882236
raw,curated-v2-0870,4,negative,0.7107331566041796,0.1055268901065013,0.18373995328931905
raw,curated-v2-0876,4,negative,0.567890697389038,0.25343815824829735,0.1786711443626647
raw,curated-v2-0878,4,neutral,0.17479467472381519,0.5692920139979735,0.2559133112782114
raw,curated-v2-0879,4,neutral,0.16909251848551898,0.7951966686886387,0.035710812825842084
raw,curated-v2-0885,4,neutral,0.04496954942428685,0.7481132366750675,0.2069172139006457
raw,curated-v2-0886,4,neutral,0.027828293770155162,0.9565848683245988,0.015586837905246138
raw,curated-v2-0899,4,positive,0.551780776879711,0.07310307920876961,0.3751161439115194
normalized,curated-v2-0001,0,positive,0.055125809634829555,0.06212666012623756,0.8827475302389328
normalized,curated-v2-0002,0,positive,0.14858440768030468,0.21681568490362416,0.6345999074160711
normalized,curated-v2-0003,0,positive,0.11439056716902982,0.21535107088099747,0.6702583619499727
normalized,curated-v2-0008,0,negative,0.7874509076854229,0.07012252616505467,0.14242656614952248
normalized,curated-v2-0011,0,negative,0.08094000628164663,0.667826141712071,0.25123385200628245
normalized,curated-v2-0024,0,neutral,0.5560314108431161,0.12835075152205164,0.31561783763483225
normalized,curated-v2-0028,0,positive,0.3301903499076626,0.2722084797408387,0.3976011703514988
normalized,curated-v2-0034,0,negative,0.4969908082073503,0.39795896114399737,0.10505023064865227
normalized,curated-v2-0036,0,positive,0.09032230748781034,0.2900815932323576,0.619596099279832
normalized,curated-v2-0038,0,neutral,0.45120068011396297,0.23260222585089846,0.3161970940351386
normalized,curated-v2-0039,0,negative,0.6512086729425554,0.07959382842366762,0.26919749863377707
normalized,curated-v2-0057,0,neutral,0.7051027775999544,0.13608581587734003,0.15881140652270553
normalized,curated-v2-0060,0,negative,0.24979976886750724,0.32412089784345866,0.42607933328903413
normalized,curated-v2-0068,0,negative,0.6209525215635171,0.15721321201403976,0.22183426642244322
normalized,curated-v2-0072,0,neutral,0.38345043564106523,0.44807679373920295,0.1684727706197318
normalized,curated-v2-0073,0,neutral,0.13521397346066988,0.7782037867862147,0.08658223975311541
normalized,curated-v2-0079,0,neutral,0.30047215925938536,0.6652587895177843,0.034269051222830374
normalized,curated-v2-0089,0,negative,0.18965830267017006,0.5029492038551058,0.307392493474724
normalized,curated-v2-0097,0,positive,0.17101523886660025,0.05027502428981557,0.7787097368435841
normalized,curated-v2-0101,0,positive,0.1936862838269932,0.10463773875214365,0.7016759774208632
normalized,curated-v2-0103,0,positive,0.07295034197049069,0.19323466708266684,0.7338149909468423
normalized,curated-v2-0104,0,positive,0.21848816737104554,0.15272720749043936,0.6287846251385151
normalized,curated-v2-0114,0,positive,0.30487569542483467,0.09351344152829699,0.6016108630468684
normalized,curated-v2-0115,0,positive,0.08574435744889422,0.2021146173429643,0.7121410252081415
normalized,curated-v2-0124,0,positive,0.19015445919526888,0.2344287378311817,0.5754168029735494
normalized,curated-v2-0126,0,negative,0.2688380143212749,0.39206273098875666,0.33909925468996843
normalized,curated-v2-0130,0,neutral,0.4292535084601481,0.3248389578157449,0.2459075337241069
normalized,curated-v2-0133,0,positive,0.10414139366900678,0.06455664132441084,0.8313019650065823
normalized,curated-v2-0140,0,positive,0.048288859599339866,0.6553017715224396,0.29640936887822056
normalized,curated-v2-0142,0,negative,0.5558546014427262,0.24900193904833015,0.19514345950894366
normalized,curated-v2-0157,0,neutral,0.3997091594495142,0.3628984425771377,0.23739239797334818
normalized,curated-v2-0160,0,negative,0.14723716759474603,0.23741507901717696,0.6153477533880769
normalized,curated-v2-0162,0,positive,0.21443065541851808,0.23441636202690946,0.5511529825545725
normalized,curated-v2-0166,0,positive,0.31392953283251085,0.039202444484071945,0.6468680226834171
normalized,curated-v2-0168,0,positive,0.43474882098180395,0.20102175101139433,0.36422942800680175
normalized,curated-v2-0175,0,positive,0.42583270491314024,0.08719029220744236,0.4869770028794174
normalized,curated-v2-0180,0,positive,0.150123693947439,0.22708084818784077,0.6227954578647202
normalized,curated-v2-0185,0,negative,0.7162175939154486,0.13290512342629662,0.15087728265825479
normalized,curated-v2-0198,0,negative,0.4425421588957821,0.3671878350053151,0.19027000609890282
normalized,curated-v2-0209,0,negative,0.354132571340812,0.4633363759708477,0.18253105268834022
normalized,curated-v2-0210,0,positive,0.424372944859317,0.41355745108879466,0.16206960405188825
normalized,curated-v2-0213,0,positive,0.27424607031075543,0.5587556970793086,0.1669982326099359
normalized,curated-v2-0216,0,positive,0.16103819395355126,0.5666186027127017,0.272343203333747
normalized,curated-v2-0227,0,neutral,0.16774635178448757,0.7118217962025186,0.12043185201299379
normalized,curated-v2-0228,0,positive,0.2738786649149516,0.11321404118826103,0.6129072938967873
normalized,curated-v2-0232,0,neutral,0.20276854342807593,0.5599501227174537,0.2372813338544704
normalized,curated-v2-0236,0,neutral,0.3314464680752187,0.4929052417664948,0.17564829015828642
normalized,curated-v2-0249,0,negative,0.3341678516445909,0.20525318601029358,0.4605789623451155
normalized,curated-v2-0253,0,positive,0.38639017267561393,0.2096263043111273,0.4039835230132588
normalized,curated-v2-0267,0,positive,0.24748969882413585,0.1606143512516114,0.5918959499242529
normalized,curated-v2-0291,0,positive,0.4059190795820933,0.2066459076546208,0.387435012763286
normalized,curated-v2-0294,0,positive,0.1769909511450054,0.11577259302814852,0.707236455826846
normalized,curated-v2-0302,0,negative,0.44215830861893096,0.36505610025292606,0.19278559112814297
normalized,curated-v2-0312,0,neutral,0.2869367249390904,0.6063381503371305,0.10672512472377917
normalized,curated-v2-0313,0,neutral,0.14442036435381164,0.2385547478075734,0.617024887838615
normalized,curated-v2-0320,0,neutral,0.44437509048640766,0.33294477204842254,0.22268013746516965
normalized,curated-v2-0334,0,positive,0.1983556730289165,0.4452705878575709,0.35637373911351256
normalized,curated-v2-0342,0,positive,0.27851145717439846,0.36693659996210837,0.3545519428634931
normalized,curated-v2-0351,0,neutral,0.16806745673027565,0.7413493358967742,0.09058320737295021
normalized,curated-v2-0357,0,positive,0.07239279125226301,0.7571641229231726,0.17044308582456444
normalized,curated-v2-0359,0,negative,0.2537818616544548,0.5706746057461112,0.17554353259943398
normalized,curated-v2-0361,0,negative,0.39263225259382173,0.2458726955796504,0.36149505182652797
normalized,curated-v2-0365,0,negative,0.2127192254691189,0.5901172953366421,0.1971634791942389
normalized,curated-v2-0384,0,neutral,0.06462860578977511,0.6234540460615144,0.31191734814871025
normalized,curated-v2-0397,0,negative,0.37264444041251366,0.27467367432527345,0.35268188526221295
normalized,curated-v2-0399,0,negative,0.475137621505912,0.14299376634910166,0.3818686121449863
normalized,curated-v2-0400,0,negative,0.32824815099453875,0.10095885435533618,0.570792994650125
normalized,curated-v2-0409,0,positive,0.25949985535298414,0.44664146698940405,0.2938586776576118
normalized,curated-v2-0411,0,positive,0.23828540961784056,0.11834898160847061,0.6433656087736889
normalized,curated-v2-0420,0,negative,0.40226093369816546,0.1564952157283452,0.4412438505734893
normalized,curated-v2-0426,0,negative,0.7639683116552779,0.12473388827617082,0.11129780006855139
normalized,curated-v2-0450,0,positive,0.16683829913864173,0.18406255761974133,0.6490991432416169
normalized,curated-v2-0451,0,positive,0.08115792339736909,0.16812855651934155,0.7507135200832894
normalized,curated-v2-0461,0,negative,0.7133945376530951,0.23374819403418307,0.05285726831272181
normalized,curated-v2-0464,0,neutral,0.11366469730487866,0.7701330759988971,0.11620222669622404
normalized,curated-v2-0468,0,negative,0.6876930501085136,0.0726383143988759,0.23966863549261053
normalized,curated-v2-0473,0,positive,0.3417579234670336,0.2671895520047694,0.3910525245281969
normalized,curated-v2-0480,0,neutral,0.25869945181588494,0.3225465101583959,0.41875403802571914
normalized,curated-v2-0490,0,positive,0.20560139165252767,0.2336709071238814,0.560727701223591
normalized,curated-v2-0493,0,negative,0.40574530176592416,0.22591649171663922,0.36833820651743654
normalized,curated-v2-0494,0,negative,0.3844784005950169,0.518706132157903,0.09681546724708015
normalized,curated-v2-0503,0,neutral,0.5405296158910436,0.3207143050679605,0.13875607904099585
normalized,curated-v2-0512,0,neutral,0.658447009978014,0.2280642035941726,0.1134887864278135
normalized,curated-v2-0520,0,negative,0.3069811704098782,0.28155812480561865,0.4114607047845032
normalized,curated-v2-0531,0,neutral,0.34100477018799413,0.578563123606479,0.08043210620552692
normalized,curated-v2-0534,0,negative,0.7324357213143129,0.16397107074456926,0.10359320794111786
normalized,curated-v2-0550,0,positive,0.1429612981105263,0.1806333243560677,0.676405377533406
normalized,curated-v2-0558,0,neutral,0.4370657940904203,0.15158549477046085,0.41134871113911897
normalized,curated-v2-0564,0,negative,0.7473254758528054,0.10474081615282615,0.14793370799436842
normalized,curated-v2-0566,0,negative,0.5427060204507478,0.3315108956876503,0.12578308386160197
normalized,curated-v2-0567,0,negative,0.874425850529159,0.035234716406607566,0.09033943306423342
normalized,curated-v2-0572,0,positive,0.049634628722013456,0.029605695202714676,0.9207596760752718
normalized,curated-v2-0573,0,positive,0.10339297841398655,0.3030017542546265,0.593605267331387
normalized,curated-v2-0576,0,positive,0.02415018978648879,0.17614481266174253,0.7997049975517687
normalized,curated-v2-0579,0,neutral,0.35903308230789005,0.4662000723343348,0.17476684535777515
normalized,curated-v2-0581,0,neutral,0.039037353275786967,0.9414400131115006,0.019522633612712257
normalized,curated-v2-0583,0,neutral,0.08080976346151152,0.7553409840176313,0.1638492525208571
normalized,curated-v2-0586,0,negative,0.31540438089691003,0.6164741440067446,0.06812147509634539
normalized,curated-v2-0594,0,positive,0.04681211140727143,0.13528377774808123,0.8179041108446473
normalized,curated-v2-0600,0,positive,0.22225937095254786,0.5314000221398074,0.24634060690764464
normalized,curated-v2-0609,0,negative,0.7429719090184759,0.19536151505190777,0.06166657592961648
normalized,curated-v2-0610,0,negative,0.1786168239537243,0.6432839752018857,0.17809920084439002
normalized,curated-v2-0611,0,negative,0.47175827878343113,0.16329010605001282,0.364951615166556
normalized,curated-v2-0634,0,positive,0.01669646122356935,0.0974973481169099,0.8858061906595208
normalized,curated-v2-0636,0,neutral,0.5001201177724577,0.3472269394447725,0.1526529427827699
normalized,curated-v2-0645,0,negative,0.7227581821571122,0.12024080398056476,0.15700101386232293
normalized,curated-v2-0656,0,neutral,0.15601548495815762,0.6623208029388588,0.18166371210298357
normalized,curated-v2-0657,0,neutral,0.41436845370484426,0.12115703356469541,0.4644745127304603
normalized,curated-v2-0658,0,neutral,0.5006606349374145,0.37120829636467134,0.12813106869791416
normalized,curated-v2-0665,0,neutral,0.17257104576546156,0.16556663454172207,0.6618623196928163
normalized,curated-v2-0682,0,neutral,0.21903994513251743,0.51292615779936,0.26803389706812253
normalized,curated-v2-0685,0,negative,0.676708834663557,0.09858330790944247,0.22470785742700056
normalized,curated-v2-0686,0,negative,0.4296179979836088,0.43378601138533734,0.13659599063105382
normalized,curated-v2-0692,0,neutral,0.3883935735579829,0.1893249085611544,0.42228151788086277
normalized,curated-v2-0700,0,positive,0.24749737859067378,0.29142017685263494,0.4610824445566913
normalized,curated-v2-0705,0,neutral,0.48624439164408634,0.36435470607684795,0.14940090227906563
normalized,curated-v2-0706,0,neutral,0.14360372619915984,0.2881931645049894,0.5682031092958508
normalized,curated-v2-0707,0,neutral,0.051482809390377075,0.7465417189953729,0.20197547161425006
normalized,curated-v2-0711,0,negative,0.44892776607121154,0.4593987113980746,0.09167352253071377
normalized,curated-v2-0713,0,negative,0.5442720650886461,0.3399526541957388,0.11577528071561503
normalized,curated-v2-0723,0,positive,0.3671752095249336,0.35897319791523935,0.27385159255982705
normalized,curated-v2-0731,0,negative,0.4171416805873955,0.3463653423134569,0.23649297709914777
normalized,curated-v2-0739,0,neutral,0.22025839110461598,0.35685819521961726,0.4228834136757668
normalized,curated-v2-0744,0,negative,0.4225571069681774,0.5327676699575107,0.044675223074311834
normalized,curated-v2-0751,0,neutral,0.23543776522345933,0.4824414818493167,0.2821207529272241
normalized,curated-v2-0763,0,neutral,0.10909867178434811,0.6974779098680594,0.19342341834759258
normalized,curated-v2-0773,0,neutral,0.06933549550815772,0.8437070789856045,0.08695742550623764
normalized,curated-v2-0790,0,negative,0.7448969975178769,0.10341759851232403,0.15168540396979915
normalized,curated-v2-0797,0,neutral,0.23555245015677376,0.2831112240928478,0.48133632575037844
normalized,curated-v2-0813,0,positive,0.15800619079608927,0.06213104782435754,0.7798627613795531
normalized,curated-v2-0817,0,neutral,0.044261153196403905,0.936653078280851,0.019085768522745076
normalized,curated-v2-0823,0,neutral,0.0720743529283839,0.8594096421385992,0.06851600493301685
normalized,curated-v2-0827,0,neutral,0.05650836909738622,0.7009362991096677,0.24255533179294608
normalized,curated-v2-0828,0,neutral,0.06976539614405282,0.8424788594701825,0.08775574438576476
normalized,curated-v2-0833,0,neutral,0.3224734997451411,0.1845828244907342,0.4929436757641248
normalized,curated-v2-0840,0,neutral,0.16106661521236032,0.7807803875608837,0.05815299722675599
normalized,curated-v2-0841,0,neutral,0.6384298236576978,0.285908211013752,0.07566196532855016
normalized,curated-v2-0848,0,negative,0.6665464263377109,0.23178524496104513,0.10166832870124395
normalized,curated-v2-0864,0,negative,0.5473560266495304,0.37339018597566137,0.0792537873748082
normalized,curated-v2-0872,0,negative,0.7291919454670602,0.17489773215975532,0.09591032237318428
normalized,curated-v2-0875,0,negative,0.6783163282740663,0.05106438258998717,0.27061928913594646
normalized,curated-v2-0891,0,neutral,0.21498772750228787,0.6675821606981259,0.11743011179958605
normalized,curated-v2-0894,0,positive,0.2119171283752595,0.22826709509418636,0.5598157765305541
normalized,curated-v2-0896,0,positive,0.3003684244668521,0.13903817881987823,0.5605933967132697
normalized,curated-v2-0004,1,positive,0.27977438852875064,0.12826849059194462,0.5919571208793046
normalized,curated-v2-0013,1,neutral,0.22163024649489194,0.5327269587145937,0.2456427947905144
normalized,curated-v2-0015,1,neutral,0.2483624250939305,0.4346801324958407,0.3169574424102289
normalized,curated-v2-0022,1,negative,0.8972825377871381,0.04347508548203519,0.05924237673082679
normalized,curated-v2-0027,1,neutral,0.30614347422637117,0.47984774120646645,0.21400878456716238
normalized,curated-v2-0032,1,positive,0.11221044480095368,0.12264204491310986,0.7651475102859364
normalized,curated-v2-0043,1,neutral,0.23024969662891648,0.5748722782526213,0.19487802511846222
normalized,curated-v2-0048,1,neutral,0.3309432347629729,0.22607047041636583,0.4429862948206613
normalized,curated-v2-0056,1,neutral,0.22806530986639975,0.26594347350613223,0.5059912166274679
normalized,curated-v2-0059,1,neutral,0.20505640218354587,0.7243908169254394,0.0705527808910147
normalized,curated-v2-0066,1,positive,0.1778724580252341,0.2557045819985909,0.566422959976175
normalized,curated-v2-0069,1,negative,0.681359819441137,0.17754560261391258,0.14109457794495037
normalized,curated-v2-0082,1,neutral,0.41226535329697594,0.14584372965650275,0.4418909170465214
normalized,curated-v2-0099,1,positive,0.2993607672504556,0.31332900736312164,0.38731022538642274
normalized,curated-v2-0102,1,positive,0.22383416388225877,0.1556600663002228,0.6205057698175185
normalized,curated-v2-0106,1,negative,0.24024343796260444,0.4823366218846472,0.2774199401527484
normalized,curated-v2-0110,1,positive,0.33432659404583126,0.07029297109158301,0.5953804348625857
normalized,curated-v2-0111,1,negative,0.33413680424950615,0.3694150381584296,0.2964481575920643
normalized,curated-v2-0120,1,negative,0.28155200845651046,0.348347807624429,0.3701001839190606
normalized,curated-v2-0125,1,negative,0.7153817747520299,0.16481685049917003,0.11980137474880016
normalized,curated-v2-0131,1,positive,0.24667734520298748,0.11436517329837032,0.6389574814986422
normalized,curated-v2-0135,1,negative,0.339649445929938,0.3454965321418291,0.3148540219282329
normalized,curated-v2-0152,1,positive,0.17208166858239063,0.19373382547700685,0.6341845059406025
normalized,curated-v2-0161,1,negative,0.6081216996760994,0.12922370530492705,0.2626545950189735
normalized,curated-v2-0194,1,neutral,0.028829268348830962,0.09853546412536447,0.8726352675258046
normalized,curated-v2-0205,1,neutral,0.13043388914894047,0.6411361678491615,0.22842994300189814
normalized,curated-v2-0212,1,neutral,0.1334302063004014,0.6005589497305477,0.266010843969051
normalized,curated-v2-0224,1,negative,0.7026827977033373,0.1077304662693188,0.18958673602734374
normalized,curated-v2-0240,1,positive,0.2024898699767537,0.35117740248952944,0.44633272753371683
normalized,curated-v2-0244,1,positive,0.15921449597503115,0.14049059387658522,0.7002949101483836
normalized,curated-v2-0250,1,negative,0.5244444778996409,0.1473421359818878,0.32821338611847123
normalized,curated-v2-0260,1,positive,0.07178629807022398,0.08546660749629179,0.8427470944334843
normalized,curated-v2-0261,1,positive,0.11559101948238196,0.08935928199823305,0.7950496985193849
normalized,curated-v2-0265,1,neutral,0.398114206558477,0.23016959072173082,0.37171620271979217
normalized,curated-v2-0268,1,negative,0.45270997748835606,0.08170424732662632,0.4655857751850176
normalized,curated-v2-0275,1,negative,0.5714179423652828,0.023828628792691903,0.4047534288420253
normalized,curated-v2-0282,1,positive,0.6520282709796437,0.18198766262056862,0.1659840663997878
normalized,curated-v2-0285,1,positive,0.1124153763501485,0.06363796935749971,0.8239466542923517
normalized,curated-v2-0286,1,positive,0.26120934196864276,0.6270724078768631,0.11171825015449408
normalized,curated-v2-0287,1,positive,0.5034243472060521,0.20439840226910946,0.29217725052483834
normalized,curated-v2-0288,1,positive,0.17730274748306096,0.5835157663256699,0.2391814861912691
normalized,curated-v2-0298,1,negative,0.5287118924615324,0.10051841316216456,0.370769694376303
normalized,curated-v2-0307,1,negative,0.12525191495260599,0.4438917760802678,0.43085630896712607
normalized,curated-v2-0308,1,negative,0.4798856142045562,0.0793114260429755,0.4408029597524682
normalized,curated-v2-0317,1,neutral,0.1222996470326709,0.7662435710456866,0.11145678192164249
normalized,curated-v2-0329,1,positive,0.29710538001650577,0.10828319247568664,0.5946114275078076
normalized,curated-v2-0331,1,negative,0.5953186195741677,0.20414174383472203,0.20053963659111035
normalized,curated-v2-0333,1,positive,0.06844903053698376,0.1575742911285802,0.7739766783344361
normalized,curated-v2-0337,1,positive,0.27262469016371776,0.08199754140382504,0.6453777684324572
normalized,curated-v2-0343,1,positive,0.09528979657336685,0.1611320337374043,0.7435781696892289
normalized,curated-v2-0348,1,neutral,0.17527577121669957,0.707198242731273,0.11752598605202753
normalized,curated-v2-0355,1,negative,0.5351693696695162,0.25177126576891173,0.21305936456157198
normalized,curated-v2-0363,1,negative,0.5758119397964342,0.10251264335031783,0.3216754168532479
normalized,curated-v2-0381,1,neutral,0.10928461827435634,0.8631726837590391,0.027542697966604458
normalized,curated-v2-0386,1,neutral,0.2795117915521812,0.3926134021587391,0.3278748062890798
normalized,curated-v2-0404,1,negative,0.6478522742566951,0.14039674152621226,0.21175098421709254
normalized,curated-v2-0406,1,positive,0.10499509291054854,0.49697220835031225,0.39803269873913916
normalized,curated-v2-0407,1,positive,0.19449290039874578,0.1192529810633129,0.6862541185379413
normalized,curated-v2-0408,1,positive,0.16407703261908443,0.2955268582190074,0.5403961091619082
normalized,curated-v2-0412,1,neutral,0.2926514346830696,0.5612135557032877,0.14613500961364276
normalized,curated-v2-0414,1,neutral,0.5817154349713727,0.22421561761229994,0.19406894741632735
normalized,curated-v2-0415,1,neutral,0.17727402285978147,0.1770094684189279,0.6457165087212906
normalized,curated-v2-0418,1,neutral,0.3408779012533744,0.2535436077843114,0.40557849096231413
normalized,curated-v2-0433,1,positive,0.04993629446281946,0.06111745834909358,0.888946247188087
normalized,curated-v2-0436,1,positive,0.3596054632310298,0.45777127008507407,0.18262326668389614
normalized,curated-v2-0437,1,positive,0.09527176750132313,0.4598589087917474,0.4448693237069294
normalized,curated-v2-0438,1,positive,0.4888611999964867,0.24336727918343573,0.26777152082007755
normalized,curated-v2-0445,1,negative,0.502816542447467,0.17403746187604693,0.32314599567648605
normalized,curated-v2-0446,1,negative,0.3875969069351236,0.3775899724635791,0.23481312060129722
normalized,curated-v2-0448,1,negative,0.8783251823780961,0.06887915453488842,0.05279566308701552
normalized,curated-v2-0454,1,positive,0.7405360336490269,0.12091448016838656,0.13854948618258645
normalized,curated-v2-0462,1,negative,0.43124002785165183,0.4314160273665624,0.1373439447817858
normalized,curated-v2-0471,1,positive,0.09666424404294725,0.16513454856734144,0.7382012073897113
normalized,curated-v2-0474,1,positive,0.21866134858237862,0.08634905117298412,0.6949896002446373
normalized,curated-v2-0479,1,neutral,0.13684935139133989,0.7829064022723664,0.08024424633629379
normalized,curated-v2-0487,1,positive,0.4604909152825226,0.13964545676863316,0.3998636279488442
normalized,curated-v2-0489,1,positive,0.09391700784955133,0.5898505023256976,0.3162324898247512
normalized,curated-v2-0495,1,negative,0.42195970132747085,0.2949860352173744,0.28305426345515466
normalized,curated-v2-0500,1,neutral,0.12725440743600416,0.6638853463982616,0.2088602461657342
normalized,curated-v2-0501,1,neutral,0.0979847756343927,0.7862141940221807,0.11580103034342645
normalized,curated-v2-0517,1,neutral,0.3742573668393614,0.29830559923688116,0.3274370339237575
normalized,curated-v2-0518,1,neutral,0.07443525718262224,0.20648308941838353,0.7190816533989942
normalized,curated-v2-0521,1,negative,0.23613005171337312,0.671799041792145,0.09207090649448184
normalized,curated-v2-0523,1,negative,0.10807669561041648,0.227242949183959,0.6646803552056245
normalized,curated-v2-0524,1,negative,0.3548942470802553,0.21672311320200568,0.428382639717739
normalized,curated-v2-0525,1,neutral,0.21778637296455564,0.6636328576869848,0.1185807693484595
normalized,curated-v2-0546,1,negative,0.2316435562398331,0.31433794202344767,0.4540185017367192
normalized,curated-v2-0552,1,positive,0.3792243468084749,0.4250620984803119,0.1957135547112131
normalized,curated-v2-0555,1,positive,0.01955132793652739,0.9699903422532126,0.010458329810260056
normalized,curated-v2-0556,1,neutral,0.14273252463691558,0.6847523695224077,0.17251510584067678
normalized,curated-v2-0563,1,negative,0.046188462771509946,0.9084198300905564,0.04539170713793357
normalized,curated-v2-0565,1,negative,0.41170619720365514,0.36598721467559375,0.22230658812075121
normalized,curated-v2-0569,1,neutral,0.18099142307097096,0.7022035468561395,0.1168050300728897
normalized,curated-v2-0575,1,positive,0.247939316298181,0.10790324966301754,0.6441574340388014
normalized,curated-v2-0584,1,negative,0.4951343755605458,0.31041420909336326,0.1944514153460909
normalized,curated-v2-0591,1,negative,0.43737250964079183,0.09412042004046609,0.46850707031874206
normalized,curated-v2-0603,1,neutral,0.22223636162489188,0.6813441837080657,0.0964194546670425
normalized,curated-v2-0605,1,neutral,0.11236050663797086,0.6448673923456202,0.24277210101640895
normalized,curated-v2-0606,1,neutral,0.12379315882552151,0.8084563987112175,0.06775044246326103
normalized,curated-v2-0629,1,negative,0.6801099210152101,0.14983020266307356,0.1700598763217164
normalized,curated-v2-0631,1,positive,0.2478655764797358,0.27273444012266757,0.47939998339759676
normalized,curated-v2-0639,1,neutral,0.05921125211330115,0.599173589180024,0.34161515870667497
normalized,curated-v2-0643,1,negative,0.3364928423347476,0.4477529402280347,0.21575421743721765
normalized,curated-v2-0648,1,positive,0.30788689534424424,0.09758202572567293,0.5945310789300828
normalized,curated-v2-0649,1,positive,0.11314070167001192,0.07023694367454934,0.8166223546554388
normalized,curated-v2-0653,1,neutral,0.35554624859084893,0.2484373992440512,0.39601635216509995
normalized,curated-v2-0654,1,neutral,0.2672901111767572,0.5540004123533018,0.17870947646994095
normalized,curated-v2-0666,1,neutral,0.20593159617068252,0.6311937141531472,0.16287468967617033
normalized,curated-v2-0673,1,negative,0.8021920105274958,0.1255988533091365,0.07220913616336769
normalized,curated-v2-0681,1,neutral,0.2786618670941563,0.3292333950531081,0.3921047378527356
normalized,curated-v2-0684,1,negative,0.40753243760588226,0.21692704069197946,0.3755405217021383
normalized,curated-v2-0690,1,neutral,0.0905541949051851,0.7569133458772082,0.15253245921760672
normalized,curated-v2-0697,1,positive,0.06211912250331808,0.6492946532443166,0.28858622425236546
normalized,curated-v2-0702,1,positive,0.3161235596133268,0.44155447859984526,0.24232196178682808
normalized,curated-v2-0703,1,positive,0.13127285911530617,0.52076177956723,0.3479653613174638
normalized,curated-v2-0717,1,negative,0.2164331260837016,0.7136709974358312,0.06989587648046715
normalized,curated-v2-0724,1,positive,0.21007847604709218,0.11066959790316834,0.6792519260497395
normalized,curated-v2-0733,1,negative,0.4532800052244295,0.39325243158258366,0.15346756319298696
normalized,curated-v2-0735,1,negative,0.4805255563865997,0.43796376234011647,0.08151068127328388
normalized,curated-v2-0738,1,positive,0.1794017382765013,0.28895456391899843,0.5316436978045003
normalized,curated-v2-0745,1,positive,0.4717722446237101,0.07684370669149425,0.45138404868479554
normalized,curated-v2-0758,1,positive,0.6272365282400192,0.2748375213735256,0.09792595038645519
normalized,curated-v2-0767,1,neutral,0.13636191328339423,0.7631582311698069,0.10047985554679903
normalized,curated-v2-0775,1,neutral,0.21096201474127343,0.4424269838442061,0.3466110014145205
normalized,curated-v2-0776,1,negative,0.7320184624756388,0.16285379570688785,0.10512774181747332
normalized,curated-v2-0779,1,negative,0.5292002755306505,0.3803959554789602,0.09040376899038922
normalized,curated-v2-0805,1,positive,0.29101504472291667,0.15511870471735434,0.553866250559729
normalized,curated-v2-0816,1,neutral,0.109538327989777,0.5903619379923656,0.3000997340178574
normalized,curated-v2-0819,1,neutral,0.4674711425314747,0.4108794744513942,0.12164938301713096
normalized,curated-v2-0822,1,neutral,0.16899055226950407,0.7020011096700988,0.12900833806039722
normalized,curated-v2-0838,1,neutral,0.3313613936408054,0.558892146585338,0.10974645977385654
normalized,curated-v2-0846,1,neutral,0.250148594400797,0.6037696153626423,0.14608179023656065
normalized,curated-v2-0851,1,negative,0.49879965638204804,0.17154499148414176,0.3296553521338102
normalized,curated-v2-0852,1,negative,0.8867549672114727,0.06076563132956675,0.05247940145896048
normalized,curated-v2-0858,1,negative,0.501067779198523,0.319585472747178,0.17934674805429904
normalized,curated-v2-0859,1,negative,0.1135086922831425,0.6785343855169241,0.20795692219993334
normalized,curated-v2-0866,1,negative,0.9320146466547903,0.04159388196414438,0.026391471381065415
normalized,curated-v2-0871,1,negative,0.5473340508901284,0.21319996574018737,0.23946598336968417
normalized,curated-v2-0874,1,negative,0.15704455717713034,0.7055936087885855,0.1373618340342842
normalized,curated-v2-0880,1,neutral,0.34734207242528353,0.5823454132159688,0.07031251435874761
normalized,curated-v2-0882,1,neutral,0.16461189071983928,0.46956261861470466,0.36582549066545617
normalized,curated-v2-0889,1,neutral,0.10108123529352571,0.659896131527303,0.23902263317917127
normalized,curated-v2-0890,1,neutral,0.17663836161761923,0.5102170965043711,0.3131445418780097
normalized,curated-v2-0897,1,positive,0.1508783446527742,0.4729878567921641,0.3761337985550617
normalized,curated-v2-0000,2,positive,0.5361744015498979,0.1910434316840605,0.2727821667660416
normalized,curated-v2-0009,2,negative,0.522527505927743,0.23787967327835113,0.23959282079390587
normalized,curated-v2-0021,2,positive,0.1204042551506956,0.14763523558915395,0.7319605092601504
normalized,curated-v2-0023,2,negative,0.44371700027374505,0.399635327066615,0.15664767265964002
normalized,curated-v2-0025,2,positive,0.4633866699565208,0.1589144264350588,0.3776989036084204
normalized,curated-v2-0029,2,neutral,0.2940417334830857,0.6394220928527299,0.06653617366418449
normalized,curated-v2-0049,2,neutral,0.1901849083512543,0.6212887571501868,0.18852633449855888
normalized,curated-v2-0050,2,neutral,0.16750267753396725,0.7082508620274789,0.12424646043855384
normalized,curated-v2-0053,2,negative,0.25433506310948006,0.4649202005390483,0.2807447363514716
normalized,curated-v2-0055,2,positive,0.1747590244239066,0.6297856495170702,0.19545532605902338
normalized,curated-v2-0058,2,neutral,0.2511621035970508,0.6319563537600824,0.1168815426428667
normalized,curated-v2-0067,2,negative,0.8413493049606791,0.037442084497647306,0.1212086105416735
normalized,curated-v2-0071,2,neutral,0.091623013171442,0.8460491886782036,0.062327798150354496
normalized,curated-v2-0074,2,neutral,0.0755947169019886,0.9058127704543064,0.01859251264370491
normalized,curated-v2-0076,2,negative,0.10456018531200216,0.8281468979707278,0.06729291671727013
normalized,curated-v2-0077,2,positive,0.5168555344774374,0.20569617706032517,0.27744828846223746
normalized,curated-v2-0078,2,negative,0.5424164764244801,0.33284374284544443,0.12473978073007544
normalized,curated-v2-0088,2,positive,0.14575839460983991,0.14711847795225258,0.7071231274379076
normalized,curated-v2-0090,2,positive,0.3779455214319914,0.08305079291275633,0.5390036856552523
normalized,curated-v2-0094,2,neutral,0.014111431254057309,0.333583230384684,0.6523053383612586
normalized,curated-v2-0100,2,negative,0.19951686025911522,0.6176887272346778,0.18279441250620695
normalized,curated-v2-0116,2,positive,0.2745118518920847,0.24960270792953007,0.4758854401783853
normalized,curated-v2-0122,2,positive,0.29932038375803066,0.18470002191884036,0.5159795943231289
normalized,curated-v2-0127,2,negative,0.5332701589797106,0.25990949942305486,0.2068203415972345
normalized,curated-v2-0129,2,neutral,0.5655586543804408,0.2413554958630749,0.1930858497564842
normalized,curated-v2-0134,2,positive,0.08412122796923524,0.15488928373617328,0.7609894882945915
normalized,curated-v2-0136,2,negative,0.35627398176489955,0.11080992512846018,0.5329160931066403
normalized,curated-v2-0145,2,positive,0.22743520861812572,0.11434271649773384,0.6582220748841404
normalized,curated-v2-0151,2,positive,0.06517477379580305,0.461404697201046,0.47342052900315096
normalized,curated-v2-0159,2,neutral,0.11826951131392308,0.43118924227677896,0.4505412464092979
normalized,curated-v2-0167,2,negative,0.7391904822003126,0.09635347958741024,0.16445603821227714
normalized,curated-v2-0169,2,positive,0.5382096906294263,0.10591823069029538,0.3558720786802784
normalized,curated-v2-0170,2,negative,0.23891154714610352,0.1735276106115481,0.5875608422423484
normalized,curated-v2-0173,2,negative,0.2334696475811699,0.3641353782556693,0.4023949741631609
normalized,curated-v2-0176,2,negative,0.41420476462262407,0.2811362199655444,0.3046590154118316
normalized,curated-v2-0186,2,positive,0.2434546201403458,0.21352243356469533,0.5430229462949588
normalized,curated-v2-0193,2,neutral,0.11618662962195207,0.8106848952013846,0.07312847517666331
normalized,curated-v2-0197,2,positive,0.20145650403642068,0.6991319884633583,0.09941150750022101
normalized,curated-v2-0202,2,negative,0.24436996721594542,0.0984955715305339,0.6571344612535207
normalized,curated-v2-0208,2,positive,0.31357869231514296,0.2960906752458379,0.3903306324390193
normalized,curated-v2-0214,2,neutral,0.15961703929149862,0.6871134950434046,0.1532694656650968
normalized,curated-v2-0217,2,negative,0.3974023755050706,0.3515532967781848,0.2510443277167447
normalized,curated-v2-0222,2,neutral,0.24564429123270357,0.5710556220447408,0.18330008672255566
normalized,curated-v2-0223,2,positive,0.2290959510502627,0.35556727223154067,0.41533677671819663
normalized,curated-v2-0225,2,positive,0.26269729923292245,0.47879076183759367,0.2585119389294839
normalized,curated-v2-0229,2,negative,0.6983631991917094,0.20984101114515896,0.09179578966313176
normalized,curated-v2-0233,2,positive,0.5887890175998985,0.20984787737368074,0.20136310502642066
normalized,curated-v2-0234,2,negative,0.6816716034702127,0.21081178076860804,0.10751661576117921
normalized,curated-v2-0256,2,negative,0.5150501887105903,0.1879634964648065,0.29698631482460325
normalized,curated-v2-0259,2,negative,0.4202517364700075,0.3847547579757903,0.19499350555420225
normalized,curated-v2-0270,2,neutral,0.2502477523004743,0.2675108407332045,0.48224140696632123
normalized,curated-v2-0271,2,positive,0.210075342414648,0.29624208029406746,0.4936825772912845
normalized,curated-v2-0274,2,neutral,0.4240917261517784,0.22429360110893162,0.35161467273929004
normalized,curated-v2-0276,2,positive,0.24919562003051338,0.17674527500479736,0.5740591049646893
normalized,curated-v2-0283,2,positive,0.794277076655128,0.03196662017010363,0.17375630317476823
normalized,curated-v2-0296,2,negative,0.6679764412967345,0.1671629556284945,0.1648606030747709
normalized,curated-v2-0304,2,negative,0.2721482521434523,0.21950569881042087,0.5083460490461269
normalized,curated-v2-0310,2,neutral,0.058008865108052275,0.784409570024445,0.15758156486750288
normalized,curated-v2-0316,2,neutral,0.13788520415307293,0.32112672386526475,0.5409880719816622
normalized,curated-v2-0327,2,negative,0.2712179719652373,0.35855409898981294,0.3702279290449498
normalized,curated-v2-0330,2,positive,0.4170429552137392,0.17466645815298198,0.40829058663327883
normalized,curated-v2-0336,2,positive,0.11912141779104593,0.4312531458221339,0.4496254363868201
normalized,curated-v2-0340,2,positive,0.16045531580806763,0.16838981335030187,0.6711548708416305
normalized,curated-v2-0356,2,positive,0.09679842374608466,0.12749405653190932,0.7757075197220059
normalized,curated-v2-0358,2,neutral,0.2607791872426729,0.42372713607257667,0.3154936766847504
normalized,curated-v2-0360,2,negative,0.2955024645678438,0.37058934177271374,0.33390819365944246
normalized,curated-v2-0369,2,negative,0.26065944716150136,0.19466373701125092,0.5446768158272477
normalized,curated-v2-0370,2,negative,0.6783873891062911,0.10893764224387975,0.2126749686498291
normalized,curated-v2-0372,2,positive,0.0863050404588943,0.2904589322176984,0.6232360273234073
normalized,curated-v2-0375,2,positive,0.20621602480662693,0.6107987821140803,0.18298519307929284
normalized,curated-v2-0377,2,positive,0.14711400238740718,0.13732249536240645,0.7155635022501864
normalized,curated-v2-0390,2,negative,0.8035162946843295,0.09798542890239433,0.09849827641327627
normalized,curated-v2-0392,2,negative,0.3188553706403574,0.16696601264684222,0.5141786167128004
normalized,curated-v2-0395,2,negative,0.5002422065282467,0.08958748669197743,0.41017030677977595
normalized,curated-v2-0401,2,negative,0.25366613168652286,0.2962973355740843,0.4500365327393928
normalized,curated-v2-0416,2,neutral,0.32638837735261905,0.5620008902414061,0.11161073240597486
normalized,curated-v2-0419,2,neutral,0.33592321535911046,0.31344566826027587,0.35063111638061367
normalized,curated-v2-0425,2,negative,0.6292666351162307,0.15949603907663656,0.21123732580713267
normalized,curated-v2-0427,2,negative,0.6978581960190611,0.07650544561857354,0.22563635836236548
normalized,curated-v2-0428,2,negative,0.19604200662369217,0.20583928088073,0.5981187124955778
normalized,curated-v2-0441,2,negative,0.5885450713613876,0.23462834434613714,0.17682658429247522
normalized,curated-v2-0459,2,negative,0.8668340874708731,0.04687202824503242,0.08629388428409455
normalized,curated-v2-0463,2,positive,0.10811583978074818,0.378878915774327,0.5130052444449249
normalized,curated-v2-0466,2,neutral,0.15727549605894425,0.6045654686052934,0.23815903533576238
normalized,curated-v2-0467,2,negative,0.8009942521176588,0.09009018655756881,0.10891556132477229
normalized,curated-v2-0475,2,positive,0.1038665370225469,0.24024884239587832,0.6558846205815748
normalized,curated-v2-0481,2,neutral,0.12299707676537133,0.7906218442699986,0.08638107896463013
normalized,curated-v2-0482,2,neutral,0.3133515091670803,0.38311837898549345,0.3035301118474263
normalized,curated-v2-0483,2,positive,0.2146753897880756,0.05503601400864748,0.7302885962032769
normalized,curated-v2-0505,2,positive,0.4440238761346431,0.20594877286195093,0.35002735100340593
normalized,curated-v2-0530,2,neutral,0.3158436998848509,0.48716619595473537,0.1969901041604138
normalized,curated-v2-0554,2,positive,0.10172334300882613,0.45697878774425865,0.4412978692469152
normalized,curated-v2-0560,2,neutral,0.3090138359198299,0.24010635008821896,0.4508798139919511
normalized,curated-v2-0574,2,positive,0.3967033222194012,0.37221676825625116,0.23107990952434768
normalized,curated-v2-0582,2,neutral,0.45228387836020195,0.1774798044543641,0.3702363171854339
normalized,curated-v2-0590,2,negative,0.7058908289681733,0.14220535917698002,0.1519038118548466
normalized,curated-v2-0592,2,negative,0.5387676499968995,0.2218895624381165,0.2393427875649839
normalized,curated-v2-0598,2,positive,0.25194836991712666,0.4150796389321708,0.33297199115070253
normalized,curated-v2-0599,2,positive,0.2975100752974655,0.19168266513417082,0.5108072595683637
normalized,curated-v2-0601,2,neutral,0.11774886102578386,0.6672396731255211,0.21501146584869502
normalized,curated-v2-0607,2,neutral,0.3182080522071001,0.5397456458149531,0.14204630197794685
normalized,curated-v2-0613,2,negative,0.414025501062872,0.2597224978180012,0.32625200111912683
normalized,curated-v2-0618,2,positive,0.5400692611759703,0.20456656730379677,0.255364171520233
normalized,curated-v2-0628,2,negative,0.8433763357801444,0.08710917412909297,0.06951449009076248
normalized,curated-v2-0632,2,positive,0.05377849791420941,0.17951543961846106,0.7667060624673295
normalized,curated-v2-0635,2,neutral,0.23463165868764818,0.7334940328207977,0.03187430849155403
normalized,curated-v2-0646,2,negative,0.8034799681802123,0.05175291771493081,0.14476711410485693
normalized,curated-v2-0664,2,neutral,0.4881729635591886,0.42737155737229043,0.084455479068521
normalized,curated-v2-0667,2,neutral,0.2737914178294453,0.1106219281799288,0.6155866539906258
normalized,curated-v2-0668,2,neutral,0.30647111516786874,0.5027837641113315,0.19074512072079972
normalized,curated-v2-0671,2,negative,0.7816234962897727,0.13173926743240402,0.08663723627782333
normalized,curated-v2-0674,2,neutral,0.32368432687780196,0.41301076215012944,0.26330491097206865
normalized,curated-v2-0678,2,neutral,0.18739538084307233,0.3740285064251733,0.4385761127317543
normalized,curated-v2-0679,2,neutral,0.230987510217875,0.5251727916716354,0.24383969811048958
normalized,curated-v2-0680,2,neutral,0.6071333156780492,0.27011433108304134,0.12275235323890935
normalized,curated-v2-0689,2,neutral,0.2723339152422098,0.416610490202706,0.31105559455508414
normalized,curated-v2-0699,2,positive,0.23642689944485837,0.30600580788224724,0.4575672926728943
normalized,curated-v2-0709,2,neutral,0.4272839544562928,0.27617078599877937,0.2965452595449278
normalized,curated-v2-0712,2,negative,0.302524350012387,0.2644350759151164,0.43304057407249663
normalized,curated-v2-0719,2,positive,0.22009722572100932,0.4181160674397987,0.36178670683919195
normalized,curated-v2-0727,2,neutral,0.0822918310305424,0.6047188472320308,0.31298932173742683
normalized,curated-v2-0728,2,neutral,0.2842389152084105,0.26134304158207605,0.45441804320951357
normalized,curated-v2-0734,2,negative,0.4547587102230916,0.20551088836532744,0.33973040141158106
normalized,curated-v2-0754,2,negative,0.2353089611294226,0.2468159406806376,0.5178750981899398
normalized,curated-v2-0755,2,negative,0.6577998035672702,0.10543199424737938,0.23676820218535044
normalized,curated-v2-0780,2,negative,0.28388031257306817,0.5192693695003084,0.1968503179266233
normalized,curated-v2-0783,2,neutral,0.2617733479585909,0.6584068160811533,0.07981983596025595
normalized,curated-v2-0789,2,neutral,0.2786919501352622,0.6654652581054917,0.055842791759246134
normalized,curated-v2-0791,2,positive,0.1422876788186874,0.16026307818073168,0.697449243000581
normalized,curated-v2-0796,2,neutral,0.33453984614490656,0.2721960446447433,0.39326410921035015
normalized,curated-v2-0799,2,negative,0.19850004776818445,0.1562627982663446,0.645237153965471
normalized,curated-v2-0809,2,positive,0.11951821475122439,0.24940467843901548,0.6310771068097603
normalized,curated-v2-0810,2,positive,0.1379486402958955,0.09148013648098952,0.770571223223115
normalized,curated-v2-0811,2,positive,0.44721215434772377,0.22964002635640898,0.3231478192958672
normalized,curated-v2-0812,2,positive,0.04268942975596282,0.30704977426586344,0.6502607959781737
normalized,curated-v2-0820,2,neutral,0.3727567839987314,0.5038675082149632,0.12337570778630544
normalized,curated-v2-0824,2,neutral,0.16787108281278212,0.7652409375483081,0.06688797963890979
normalized,curated-v2-0825,2,neutral,0.20897495010281233,0.7486791959558116,0.04234585394137616
normalized,curated-v2-0826,2,neutral,0.1308771069440991,0.6941883878546025,0.17493450520129855
normalized,curated-v2-0854,2,negative,0.6161088637147032,0.15671940589794722,0.22717173038734959
normalized,curated-v2-0884,2,neutral,0.1261234505234959,0.7513510744742015,0.12252547500230258
normalized,curated-v2-0887,2,neutral,0.10893253866857293,0.7939496565938765,0.09711780473755072
normalized,curated-v2-0892,2,positive,0.1285229752275921,0.3251505606955492,0.5463264640768587
normalized,curated-v2-0895,2,positive,0.4441342539322614,0.14000317017553573,0.4158625758922029
normalized,curated-v2-0017,3,neutral,0.2931358498477234,0.4963708970221636,0.21049325313011294
normalized,curated-v2-0033,3,positive,0.3676060113912962,0.2640917882746564,0.36830220033404737
normalized,curated-v2-0037,3,neutral,0.28613829598725327,0.3697962269141041,0.34406547709864266
normalized,curated-v2-0040,3,positive,0.14280805025072502,0.30848967995729254,0.5487022697919826
normalized,curated-v2-0041,3,neutral,0.27537088753700717,0.26392034502284284,0.46070876744014994
normalized,curated-v2-0046,3,neutral,0.1299108422303767,0.8092792180108019,0.060809939758821215
normalized,curated-v2-0047,3,neutral,0.1501111371155379,0.6845826005910329,0.16530626229342923
normalized,curated-v2-0051,3,positive,0.3416699734775406,0.544258180878585,0.11407184564387429
normalized,curated-v2-0061,3,negative,0.20811943131864982,0.7519827823264609,0.039897786354889275
normalized,curated-v2-0062,3,positive,0.3071124088918656,0.33910853774696326,0.3537790533611711
normalized,curated-v2-0065,3,positive,0.09358505002241663,0.20408362404768496,0.7023313259298984
normalized,curated-v2-0075,3,positive,0.1760017085443661,0.09824916837479265,0.7257491230808413
normalized,curated-v2-0080,3,positive,0.40675459611605885,0.5231456747008598,0.07009972918308142
normalized,curated-v2-0084,3,neutral,0.1722051508333658,0.6752193954782704,0.15257545368836384
normalized,curated-v2-0095,3,positive,0.20938690171550764,0.2583777318589335,0.5322353664255589
normalized,curated-v2-0098,3,neutral,0.5006039034793139,0.3113282476981904,0.1880678488224957
normalized,curated-v2-0108,3,positive,0.3829125714834089,0.2341444690414787,0.3829429594751124
normalized,curated-v2-0113,3,negative,0.20598321372342554,0.12074075203090157,0.673276034245673
normalized,curated-v2-0123,3,positive,0.601167233485733,0.17068383503626514,0.2281489314780019
normalized,curated-v2-0144,3,neutral,0.06818916614862416,0.04782082722502823,0.8839900066263476
normalized,curated-v2-0154,3,positive,0.18833806807068532,0.09885993512785461,0.7128019968014601
normalized,curated-v2-0164,3,positive,0.2345365634106169,0.4151787091441934,0.3502847274451896
normalized,curated-v2-0165,3,positive,0.2524241248090648,0.12405230210141538,0.6235235730895198
normalized,curated-v2-0171,3,positive,0.2562811615797676,0.12702730963837527,0.6166915287818572
normalized,curated-v2-0172,3,positive,0.3231337080187793,0.5960732981134607,0.08079299386776001
normalized,curated-v2-0179,3,negative,0.28958206002358444,0.3933786961279448,0.3170392438484708
normalized,curated-v2-0182,3,positive,0.28112308577386186,0.30124548355721437,0.4176314306689238
normalized,curated-v2-0188,3,negative,0.4229406224020867,0.44870777204769013,0.12835160555022318
normalized,curated-v2-0196,3,neutral,0.5869716601635828,0.345374164807744,0.06765417502867305
normalized,curated-v2-0207,3,negative,0.5404768972930603,0.23648725554570052,0.22303584716123928
normalized,curated-v2-0226,3,negative,0.4976019852507038,0.19053763111294056,0.31186038363635565
normalized,curated-v2-0230,3,positive,0.16501648672705257,0.15797775062002686,0.6770057626529205
normalized,curated-v2-0231,3,negative,0.10777270598216449,0.8036998793142099,0.08852741470362564
normalized,curated-v2-0237,3,positive,0.08975322457658495,0.7907898244673938,0.11945695095602135
normalized,curated-v2-0239,3,negative,0.8241851777829601,0.10098042354399049,0.07483439867304938
normalized,curated-v2-0241,3,neutral,0.37482408629811065,0.5414492304395392,0.08372668326235008
normalized,curated-v2-0247,3,neutral,0.5263507313310434,0.13560954689410115,0.3380397217748553
normalized,curated-v2-0255,3,positive,0.38062347973945565,0.16084195781041216,0.45853456245013213
normalized,curated-v2-0263,3,positive,0.23571578945307653,0.30135006679328,0.4629341437536434
normalized,curated-v2-0279,3,positive,0.20780969379453695,0.3031749500396946,0.48901535616576847
normalized,curated-v2-0280,3,negative,0.2008095854266085,0.3298265175613487,0.4693638970120429
normalized,curated-v2-0289,3,positive,0.28714331530529247,0.40340099359686715,0.30945569109784044
normalized,curated-v2-0305,3,negative,0.6165927429278096,0.23064200438891647,0.15276525268327404
normalized,curated-v2-0306,3,negative,0.44939701037025326,0.11983575486745635,0.4307672347622904
normalized,curated-v2-0314,3,neutral,0.20769199836721905,0.10021844271576333,0.6920895589170175
normalized,curated-v2-0322,3,neutral,0.3593531852244282,0.4044162574858378,0.23623055728973386
normalized,curated-v2-0325,3,negative,0.597085361635317,0.1689507730847094,0.2339638652799736
normalized,curated-v2-0328,3,neutral,0.37704175881749186,0.2992021609843366,0.3237560801981715
normalized,curated-v2-0332,3,negative,0.30773015052355085,0.3978241617326335,0.2944456877438157
normalized,curated-v2-0335,3,positive,0.16158129005742256,0.18212061567224447,0.6562980942703329
normalized,curated-v2-0345,3,neutral,0.2973891071174828,0.2560135511663941,0.44659734171612303
normalized,curated-v2-0353,3,positive,0.08053052405304693,0.03550082371452632,0.8839686522324268
normalized,curated-v2-0354,3,neutral,0.22882348441091127,0.5740873844507952,0.19708913113829338
normalized,curated-v2-0362,3,negative,0.32657882426495854,0.4465859824172324,0.22683519331780905
normalized,curated-v2-0367,3,negative,0.1731448837111418,0.35322726959632744,0.4736278466925308
normalized,curated-v2-0371,3,positive,0.19899380071129744,0.039159099217564525,0.7618471000711381
normalized,curated-v2-0373,3,positive,0.12367762027382388,0.6367927204668189,0.23952965925935712
normalized,curated-v2-0374,3,positive,0.20128974871968017,0.49028318887040256,0.30842706240991735
normalized,curated-v2-0385,3,neutral,0.2256607878129572,0.42160370775030054,0.3527355044367424
normalized,curated-v2-0387,3,neutral,0.2619038858940613,0.6206062100146735,0.11748990409126517
normalized,curated-v2-0389,3,neutral,0.20817720916834465,0.6359124108485759,0.1559103799830794
normalized,curated-v2-0396,3,negative,0.4276515751560838,0.3494083165002657,0.2229401083436505
normalized,curated-v2-0402,3,negative,0.43871112144493574,0.3215211244744804,0.2397677540805838
normalized,curated-v2-0413,3,neutral,0.23978844635655028,0.49611611590146987,0.26409543774197985
normalized,curated-v2-0429,3,negative,0.8839329788725236,0.0456432406292054,0.07042378049827094
normalized,curated-v2-0447,3,negative,0.6247588754971982,0.22847756274943282,0.1467635617533691
normalized,curated-v2-0449,3,positive,0.1890879391815291,0.7152553102028832,0.09565675061558768
normalized,curated-v2-0452,3,positive,0.38882584427436634,0.3488670190558505,0.2623071366697832
normalized,curated-v2-0453,3,positive,0.11955777972832884,0.03898566630649393,0.8414565539651773
normalized,curated-v2-0457,3,negative,0.6953040508664786,0.16432737400358866,0.14036857512993275
normalized,curated-v2-0469,3,positive,0.0332636245482697,0.6850448713621367,0.2816915040895937
normalized,curated-v2-0476,3,neutral,0.18300200146014362,0.605485442121343,0.21151255641851344
normalized,curated-v2-0486,3,negative,0.8176774750881277,0.06033886562730389,0.12198365928456835
normalized,curated-v2-0498,3,positive,0.13291858879811944,0.13722419008240203,0.7298572211194785
normalized,curated-v2-0504,3,negative,0.5677805763933941,0.12498169421574472,0.3072377293908613
normalized,curated-v2-0506,3,neutral,0.13173638467244678,0.7810121374882429,0.0872514778393102
normalized,curated-v2-0515,3,neutral,0.21942304358016534,0.39647022505666335,0.3841067313631713
normalized,curated-v2-0522,3,negative,0.4742326808419435,0.2269940751093119,0.2987732440487447
normalized,curated-v2-0527,3,neutral,0.1828519350326062,0.666123250503278,0.15102481446411584
normalized,curated-v2-0529,3,neutral,0.17593944691211508,0.7132490400930804,0.11081151299480452
normalized,curated-v2-0533,3,negative,0.7045337660520962,0.17077781579908352,0.12468841814882031
normalized,curated-v2-0535,3,negative,0.4262395321797847,0.17366843030444348,0.4000920375157717
normalized,curated-v2-0536,3,negative,0.703660071336786,0.12913237758972973,0.16720755107348426
normalized,curated-v2-0542,3,neutral,0.044081158614505386,0.05483051144082994,0.9010883299446646
normalized,curated-v2-0545,3,negative,0.8355584264186886,0.14090522192537855,0.023536351655932923
normalized,curated-v2-0549,3,negative,0.2501125187723754,0.4338952792274312,0.3159922020001934
normalized,curated-v2-0553,3,positive,0.7988138970317605,0.07876758946304549,0.12241851350519402
normalized,curated-v2-0561,3,neutral,0.3239338773686376,0.3140635990979415,0.3620025235334208
normalized,curated-v2-0577,3,positive,0.24204532471868567,0.4734931807949893,0.28446149448632496
normalized,curated-v2-0578,3,neutral,0.2507402688383005,0.6473152344963181,0.10194449666538143
normalized,curated-v2-0587,3,negative,0.21596668991631576,0.45719898559447175,0.32683432448921246
normalized,curated-v2-0608,3,negative,0.6938347670216132,0.12648812139520163,0.17967711158318514
normalized,curated-v2-0617,3,positive,0.6704360084076975,0.13321874420815535,0.1963452473841472
normalized,curated-v2-0622,3,neutral,0.2578652128003106,0.43533793932607445,0.30679684787361494
normalized,curated-v2-0623,3,neutral,0.145039334237157,0.7808288971686592,0.07413176859418386
normalized,curated-v2-0630,3,positive,0.2537453519418572,0.1212473951551379,0.6250072529030049
normalized,curated-v2-0638,3,neutral,0.11541356624483888,0.7251995249457004,0.1593869088094608
normalized,curated-v2-0640,3,neutral,0.07414325401494742,0.36324684785837763,0.562609898126675
normalized,curated-v2-0652,3,neutral,0.1621983361323218,0.30907183117608944,0.5287298326915888
normalized,curated-v2-0655,3,neutral,0.22754118982222707,0.558850753593949,0.21360805658382395
normalized,curated-v2-0662,3,negative,0.25380092886310024,0.06499560335955845,0.6812034677773413
normalized,curated-v2-0663,3,negative,0.13764113053576393,0.7264468142840315,0.13591205518020455
normalized,curated-v2-0670,3,negative,0.5807316459288541,0.17455275481397062,0.2447155992571753
normalized,curated-v2-0672,3,negative,0.08487717967842563,0.7852291072718666,0.1298937130497078
normalized,curated-v2-0677,3,neutral,0.1590683522698571,0.3248051125448996,0.5161265351852433
normalized,curated-v2-0688,3,positive,0.5479394907062616,0.17782824522233812,0.2742322640714003
normalized,curated-v2-0695,3,negative,0.39433095335318935,0.25452009231208683,0.35114895433472376
normalized,curated-v2-0696,3,negative,0.2975999531826204,0.4850538032945949,0.2173462435227848
normalized,curated-v2-0701,3,positive,0.1634766489972239,0.1616873704834752,0.6748359805193009
normalized,curated-v2-0704,3,positive,0.24638489580901046,0.2841003829017252,0.4695147212892644
normalized,curated-v2-0708,3,neutral,0.060779750756193136,0.11298344863799105,0.8262368006058158
normalized,curated-v2-0716,3,negative,0.826994784498822,0.03006412446002631,0.14294109104115182
normalized,curated-v2-0720,3,positive,0.2767709983395737,0.5206295348510743,0.20259946680935204
normalized,curated-v2-0722,3,positive,0.7241930621674271,0.07900987402613421,0.1967970638064388
normalized,curated-v2-0730,3,negative,0.519760292321978,0.16000207696602736,0.3202376307119948
normalized,curated-v2-0747,3,positive,0.2763160482975031,0.07062028478669526,0.6530636669158016
normalized,curated-v2-0748,3,neutral,0.14228339466033108,0.6888832134479158,0.16883339189175325
normalized,curated-v2-0750,3,neutral,0.4323252632025446,0.49123496919023807,0.07643976760721737
normalized,curated-v2-0761,3,neutral,0.13584567551178803,0.7575923187635591,0.10656200572465283
normalized,curated-v2-0768,3,neutral,0.19134337799216683,0.15626946242161724,0.652387159586216
normalized,curated-v2-0770,3,neutral,0.15365447039832,0.6702556263346247,0.17608990326705545
normalized,curated-v2-0777,3,negative,0.5152696643167621,0.14280873556550042,0.3419216001177375
normalized,curated-v2-0778,3,negative,0.7149173499872536,0.14145927153133792,0.14362337848140844
normalized,curated-v2-0784,3,negative,0.28159865400793244,0.45941076713910883,0.2589905788529587
normalized,curated-v2-0786,3,positive,0.4460721656698643,0.17113147140438323,0.3827963629257525
normalized,curated-v2-0792,3,negative,0.3659520629764238,0.25465917030615975,0.37938876671741645
normalized,curated-v2-0795,3,neutral,0.3560968435689482,0.5202141035585041,0.12368905287254786
normalized,curated-v2-0800,3,positive,0.1653618315833208,0.10839676099662485,0.7262414074200544
normalized,curated-v2-0806,3,positive,0.3278777367213576,0.33528708943431546,0.3368351738443269
normalized,curated-v2-0807,3,positive,0.1783455446582859,0.5002847193563194,0.32136973598539476
normalized,curated-v2-0814,3,positive,0.26678159651444205,0.2619401790156048,0.47127822446995316
normalized,curated-v2-0836,3,neutral,0.31493276472429804,0.5065100635442289,0.17855717173147326
normalized,curated-v2-0844,3,neutral,0.2973731458059665,0.3296828553442007,0.37294399884983287
normalized,curated-v2-0845,3,neutral,0.17578615635571634,0.6858454073472794,0.13836843629700413
normalized,curated-v2-0847,3,neutral,0.2800285807984904,0.6130607716674353,0.10691064753407432
normalized,curated-v2-0849,3,negative,0.5769854998787812,0.21411547184771693,0.20889902827350196
normalized,curated-v2-0850,3,negative,0.66548332634765,0.21369527719238626,0.12082139645996376
normalized,curated-v2-0860,3,negative,0.7880012813787615,0.1590685484369186,0.05293017018432002
normalized,curated-v2-0862,3,negative,0.20203642217687542,0.30156886535530836,0.4963947124678162
normalized,curated-v2-0868,3,negative,0.751543486518231,0.11452042153553783,0.13393609194623127
normalized,curated-v2-0873,3,negative,0.3851174659783591,0.09642516058036578,0.5184573734412751
normalized,curated-v2-0881,3,neutral,0.10521335704669195,0.7666004505723085,0.12818619238099965
normalized,curated-v2-0888,3,neutral,0.07954034460040484,0.8833101434268427,0.037149511972752396
normalized,curated-v2-0893,3,positive,0.28918420048769683,0.3154557787816489,0.3953600207306542
normalized,curated-v2-0012,4,negative,0.30216753299118737,0.198954720230328,0.4988777467784847
normalized,curated-v2-0014,4,neutral,0.12596208912579424,0.7697035402248462,0.10433437064935963
normalized,curated-v2-0020,4,positive,0.2086213783698894,0.28889444502640144,0.5024841766037091
normalized,curated-v2-0030,4,positive,0.2662056077335725,0.22407281716954672,0.5097215750968808
normalized,curated-v2-0035,4,neutral,0.6201660370381907,0.11141172110343174,0.2684222418583775
normalized,curated-v2-0042,4,positive,0.22839862561668042,0.36617904684245345,0.4054223275408661
normalized,curated-v2-0054,4,negative,0.32950680106614966,0.4904343115098754,0.180058887423975
normalized,curated-v2-0085,4,negative,0.20559574030972963,0.28971603021326525,0.5046882294770051
normalized,curated-v2-0086,4,positive,0.2977881062651862,0.07555530484137538,0.6266565888934383
normalized,curated-v2-0087,4,positive,0.10906630409707549,0.26083922646103297,0.6300944694418915
normalized,curated-v2-0093,4,positive,0.17945462860882963,0.1986703952508973,0.621874976140273
normalized,curated-v2-0096,4,negative,0.29891810021094156,0.384711932523646,0.31636996726541244
normalized,curated-v2-0107,4,positive,0.1338296079758049,0.1104224861440989,0.7557479058800961
normalized,curated-v2-0112,4,negative,0.7410888295808498,0.09156687968702501,0.16734429073212523
normalized,curated-v2-0117,4,positive,0.46320655097761104,0.14810584871429658,0.3886876003080923
normalized,curated-v2-0118,4,negative,0.3519201498870336,0.03847092014434248,0.6096089299686239
normalized,curated-v2-0128,4,neutral,0.4231823338099535,0.1650160746757043,0.4118015915143421
normalized,curated-v2-0138,4,positive,0.17189511920093353,0.0793970403763173,0.7487078404227491
normalized,curated-v2-0141,4,positive,0.16963398146054476,0.47483678129868806,0.3555292372407672
normalized,curated-v2-0146,4,positive,0.10097940569121654,0.37869752370104476,0.5203230706077387
normalized,curated-v2-0150,4,negative,0.7924176446019691,0.12255466423082148,0.08502769116720935
normalized,curated-v2-0156,4,neutral,0.47932799879477556,0.08615324591586002,0.43451875528936446
normalized,curated-v2-0158,4,positive,0.3283762588917903,0.0666105592554815,0.6050131818527282
normalized,curated-v2-0163,4,negative,0.2724076548126411,0.20437816381511387,0.523214181372245
normalized,curated-v2-0177,4,neutral,0.2834626738716163,0.3343176235366687,0.38221970259171495
normalized,curated-v2-0183,4,neutral,0.09780531079241299,0.6432386424913538,0.2589560467162333
normalized,curated-v2-0184,4,positive,0.17921583396720217,0.09236226432983256,0.7284219017029653
normalized,curated-v2-0189,4,negative,0.29943815979416977,0.3461870110793133,0.3543748291265169
normalized,curated-v2-0190,4,positive,0.08733679579822673,0.33058721061350577,0.5820759935882676
normalized,curated-v2-0199,4,positive,0.11164743270681787,0.5232614866763011,0.365091080616881
normalized,curated-v2-0201,4,positive,0.24148398131186616,0.6085951922477023,0.14992082644043148
normalized,curated-v2-0203,4,neutral,0.3005645973636603,0.40780367915452304,0.29163172348181654
normalized,curated-v2-0204,4,positive,0.15170100349882082,0.5033354312447008,0.3449635652564785
normalized,curated-v2-0215,4,neutral,0.05930647298606007,0.8059109825520065,0.13478254446193347
normalized,curated-v2-0218,4,positive,0.5247359782046844,0.17018700861354255,0.3050770131817731
normalized,curated-v2-0238,4,negative,0.7972218013203737,0.09113326734329519,0.11164493133633116
normalized,curated-v2-0245,4,negative,0.5381808174912946,0.09587951927283288,0.3659396632358725
normalized,curated-v2-0251,4,neutral,0.09414683827973053,0.1573772909997925,0.7484758707204769
normalized,curated-v2-0254,4,neutral,0.25675083574571095,0.5144756848959486,0.22877347935834033
normalized,curated-v2-0257,4,neutral,0.19663966050934362,0.1626847486168484,0.640675590873808
normalized,curated-v2-0258,4,neutral,0.5292135841765174,0.08871969848554102,0.38206671733794145
normalized,curated-v2-0262,4,negative,0.40493598904372247,0.5108795104787418,0.08418450047753578
normalized,curated-v2-0266,4,positive,0.1835079347040612,0.516009730607416,0.3004823346885227
normalized,curated-v2-0269,4,positive,0.36510485871782555,0.3808364559550029,0.2540586853271715
normalized,curated-v2-0272,4,positive,0.20777433045166177,0.3048816930608359,0.4873439764875024
normalized,curated-v2-0277,4,negative,0.46194528859757145,0.37029592023624236,0.16775879116618625
normalized,curated-v2-0281,4,positive,0.2844361930899859,0.16860171236555474,0.5469620945444593
normalized,curated-v2-0292,4,positive,0.2995136860463298,0.4039258482896511,0.29656046566401895
normalized,curated-v2-0303,4,negative,0.17192838279288702,0.4048345895707391,0.42323702763637394
normalized,curated-v2-0309,4,neutral,0.24017222451168266,0.4598657985793319,0.29996197690898535
normalized,curated-v2-0311,4,neutral,0.06546026937211603,0.4983499769921778,0.43618975363570617
normalized,curated-v2-0319,4,neutral,0.513983831335194,0.43188364213549985,0.054132526529306266
normalized,curated-v2-0338,4,positive,0.09958318233947897,0.24746033242967952,0.6529564852308416
normalized,curated-v2-0339,4,positive,0.39745176100095825,0.16825935381284324,0.4342888851861984
normalized,curated-v2-0347,4,neutral,0.14678544709374086,0.6296937867342446,0.22352076617201455
normalized,curated-v2-0352,4,neutral,0.3084211936194097,0.1340314727485222,0.5575473336320681
normalized,curated-v2-0366,4,neutral,0.203687330128329,0.6516544325824779,0.14465823728919303
normalized,curated-v2-0368,4,positive,0.3973652438852371,0.045414335647457726,0.5572204204673052
normalized,curated-v2-0379,4,positive,0.319954737588108,0.43207697104023535,0.24796829137165677
normalized,curated-v2-0383,4,neutral,0.14040434970487078,0.7412437529457551,0.11835189734937411
normalized,curated-v2-0388,4,neutral,0.596452901315294,0.16719960752254803,0.2363474911621579
normalized,curated-v2-0403,4,negative,0.5483792577672958,0.04299575397388558,0.40862498825881854
normalized,curated-v2-0405,4,positive,0.3185042194778267,0.10149084749894063,0.5800049330232327
normalized,curated-v2-0410,4,positive,0.386252237469512,0.32438588739764124,0.2893618751328468
normalized,curated-v2-0424,4,negative,0.5598732159850003,0.1582126167373044,0.28191416727769536
normalized,curated-v2-0430,4,negative,0.7592752045253345,0.1050335656598533,0.13569122981481221
normalized,curated-v2-0431,4,positive,0.3597100229572796,0.17464927521554605,0.4656407018271744
normalized,curated-v2-0434,4,positive,0.18527211999191004,0.11516249624224115,0.6995653837658489
normalized,curated-v2-0440,4,negative,0.6372164909972184,0.22347412948964046,0.13930937951314112
normalized,curated-v2-0470,4,positive,0.5389047214045719,0.16814855897692993,0.29294671961849816
normalized,curated-v2-0478,4,neutral,0.18020579261752598,0.6355524555263866,0.18424175185608735
normalized,curated-v2-0488,4,positive,0.051545542790257415,0.024265460006645125,0.9241889972030974
normalized,curated-v2-0492,4,negative,0.5203977987208404,0.09098495024403927,0.3886172510351204
normalized,curated-v2-0507,4,positive,0.05867028177297122,0.03979854464869304,0.9015311735783357
normalized,curated-v2-0509,4,positive,0.25844510787182684,0.5997027346416232,0.14185215748654997
normalized,curated-v2-0510,4,positive,0.0660508913887734,0.04153200194745987,0.8924171066637667
normalized,curated-v2-0511,4,neutral,0.24010288707847657,0.22580963337920004,0.5340874795423234
normalized,curated-v2-0519,4,negative,0.7930866289528146,0.11167086758566126,0.09524250346152403
normalized,curated-v2-0528,4,neutral,0.4055391659546515,0.3287286304589608,0.2657322035863878
normalized,curated-v2-0532,4,negative,0.5290527437081155,0.20650993050497454,0.26443732578691
normalized,curated-v2-0543,4,negative,0.7034656124691737,0.20661043401706033,0.08992395351376607
normalized,curated-v2-0548,4,negative,0.6691369455214787,0.19246948627418647,0.1383935682043349
normalized,curated-v2-0557,4,neutral,0.29794046416718717,0.6009181097246064,0.1011414261082065
normalized,curated-v2-0562,4,negative,0.5228355929247583,0.31068213207990364,0.16648227499533802
normalized,curated-v2-0580,4,neutral,0.12174368170724416,0.5566213008604023,0.3216350174323535
normalized,curated-v2-0588,4,negative,0.7619778811247941,0.06845626916677343,0.1695658497084324
normalized,curated-v2-0593,4,positive,0.12356208367879705,0.16032296604784085,0.716114950273362
normalized,curated-v2-0595,4,positive,0.18431874038812893,0.5975345867486241,0.21814667286324702
normalized,curated-v2-0597,4,positive,0.3664558909859315,0.22884852645655832,0.40469558255751015
normalized,curated-v2-0602,4,neutral,0.4368432541235803,0.23514725044748327,0.32800949542893637
normalized,curated-v2-0612,4,negative,0.25408970840879685,0.29504046588366817,0.45086982570753487
normalized,curated-v2-0614,4,negative,0.8911187008018747,0.03423226612579394,0.07464903307233141
normalized,curated-v2-0615,4,negative,0.751540667934217,0.2013137285428905,0.04714560352289247
normalized,curated-v2-0620,4,neutral,0.33007559346329957,0.30081413273644025,0.3691102738002602
normalized,curated-v2-0633,4,positive,0.6795101921948681,0.19968786683371467,0.12080194097141729
normalized,curated-v2-0641,4,negative,0.6781672203463506,0.13887718696044102,0.18295559269320844
normalized,curated-v2-0650,4,positive,0.03628035198669126,0.04857899118299378,0.915140656830315
normalized,curated-v2-0659,4,negative,0.6360777815350094,0.08349855499254437,0.28042366347244624
normalized,curated-v2-0675,4,negative,0.5341610264794622,0.2473313016231741,0.21850767189736384
normalized,curated-v2-0683,4,negative,0.5183002501177083,0.2660969988702259,0.2156027510120658
normalized,curated-v2-0693,4,neutral,0.08244782568627472,0.895987380932507,0.02156479338121837
normalized,curated-v2-0694,4,negative,0.2588317453750262,0.31346793945825036,0.42770031516672347
normalized,curated-v2-0698,4,positive,0.2314029428392076,0.31861188959204817,0.44998516756874424
normalized,curated-v2-0710,4,negative,0.446929212658045,0.10609022929767611,0.4469805580442789
normalized,curated-v2-0718,4,negative,0.15965109193550325,0.05607950847617482,0.7842693995883219
normalized,curated-v2-0726,4,neutral,0.3393275648401546,0.3251017879243834,0.3355706472354621
normalized,curated-v2-0736,4,positive,0.5214481890777966,0.0955283624535055,0.38302344846869785
normalized,curated-v2-0740,4,negative,0.5032347718272169,0.0870136850775158,0.40975154309526735
normalized,curated-v2-0741,4,negative,0.44129844530134305,0.47546901877943315,0.08323253591922396
normalized,curated-v2-0742,4,negative,0.45704706080340884,0.26896371975620537,0.2739892194403858
normalized,curated-v2-0749,4,neutral,0.1743741731123723,0.48448928131699504,0.3411365455706325
normalized,curated-v2-0762,4,negative,0.6692991428763612,0.1453688812236795,0.18533197589995934
normalized,curated-v2-0769,4,negative,0.28373453770943974,0.41738744639629377,0.29887801589426655
normalized,curated-v2-0771,4,neutral,0.2375463335777726,0.3385397062010609,0.42391396022116656
normalized,curated-v2-0772,4,neutral,0.12662329503961284,0.7236673222139256,0.14970938274646164
normalized,curated-v2-0774,4,neutral,0.29102340315321723,0.5724536186978076,0.13652297814897504
normalized,curated-v2-0785,4,negative,0.748277491623207,0.03702075608506994,0.21470175229172295
normalized,curated-v2-0787,4,neutral,0.09287326204012679,0.2506587581195556,0.6564679798403176
normalized,curated-v2-0788,4,neutral,0.44792251941576877,0.4290648731487968,0.12301260743543428
normalized,curated-v2-0793,4,negative,0.9419727170231474,0.035963109410245754,0.022064173566606702
normalized,curated-v2-0794,4,neutral,0.2796536482942074,0.3760656854649064,0.3442806662408863
normalized,curated-v2-0798,4,neutral,0.18274584902194455,0.7685471565460725,0.04870699443198288
normalized,curated-v2-0801,4,positive,0.42270393092796466,0.10484538558268541,0.47245068348934993
normalized,curated-v2-0802,4,positive,0.7016848598407182,0.0838062468717879,0.21450889328749395
normalized,curated-v2-0803,4,positive,0.1398320477616997,0.280928362073958,0.5792395901643423
normalized,curated-v2-0804,4,positive,0.28862978798955335,0.11436076996921173,0.597009442041235
normalized,curated-v2-0815,4,neutral,0.07050883045250196,0.8361957251410235,0.09329544440647462
normalized,curated-v2-0818,4,neutral,0.10947110164663286,0.7399691232650433,0.15055977508832386
normalized,curated-v2-0831,4,neutral,0.1655997011321185,0.7888886902045732,0.04551160866330835
normalized,curated-v2-0834,4,neutral,0.4362990203288099,0.3819350763887823,0.18176590328240774
normalized,curated-v2-0835,4,neutral,0.1884899141793958,0.7667461068030613,0.044763979017542976
normalized,curated-v2-0837,4,neutral,0.3637145514633276,0.3155779708843159,0.32070747765235647
normalized,curated-v2-0842,4,neutral,0.2111283528902566,0.48501740117755787,0.3038542459321856
normalized,curated-v2-0861,4,negative,0.8542670756925225,0.043785766501998016,0.10194715780547942
normalized,curated-v2-0863,4,negative,0.7844391801128143,0.16378748792818457,0.05177333195900119
normalized,curated-v2-0865,4,negative,0.9512084700020699,0.02127673578772795,0.02751479421020227
normalized,curated-v2-0867,4,negative,0.5577244941158834,0.2090765929035396,0.23319891298057693
normalized,curated-v2-0870,4,negative,0.6484194014962894,0.11362059780796294,0.2379600006957476
normalized,curated-v2-0876,4,negative,0.5493957529302991,0.2677454354304247,0.1828588116392762
normalized,curated-v2-0878,4,neutral,0.12803328677092246,0.6585060606385162,0.21346065259056124
normalized,curated-v2-0879,4,neutral,0.11938898700940258,0.8547137253983718,0.02589728759222556
normalized,curated-v2-0885,4,neutral,0.0739734861450796,0.6883773159866562,0.23764919786826416
normalized,curated-v2-0886,4,neutral,0.02712480803590391,0.958547240395734,0.014327951568361984
normalized,curated-v2-0899,4,positive,0.5256567136854197,0.07691938587272976,0.39742390044185055
