id,raw_text,normalized_text,label,aspect,style,noise_types,difficulty,canonical_group_id,generation_batch,approved
curated-v2-0000,"Sau 20.000 km, động cơ Mazda CX-5 vẫn êm như lúc mới nhận xe, tăng tốc mượt không giật cục.","Sau 20.000 km, động cơ Mazda cũng-5 vẫn êm như lúc mới nhận xe, tăng tốc mượt không giật cục.",positive,động cơ,review,[],easy,curated-v2-g0000,curated-v2,approved
curated-v2-0001,"Toy Camry 2.5 của anh chạy nghề 5 năm máy vẫn bốc, lên 120km/h nhẹ nhàng lắm.","Toyota Camry 2.5 của anh chạy nghề 5 năm máy vẫn bốc, lên 120km/h nhẹ nhàng lắm.",positive,động cơ,review,"[""brand_alias""]",easy,curated-v2-g0001,curated-v2,approved
curated-v2-0002,"Động cơ Vinfast VF 7 chạy đường trường rất im, tới 100km/h là chỉ còn nghe gió thôi.","Động cơ Vinfast Vinfast 7 chạy đường trường rất im, tới 100km/h là chỉ còn nghe gió thôi.",positive,động cơ,review,[],easy,curated-v2-g0002,curated-v2,approved
curated-v2-0003,"Ghế da của Hyundai SantaFe ngồi đường dài không mỏi lưng, đệm dày vừa đủ êm.","Ghế da của Hyundai SantaFe ngồi đường dài không mỏi lưng, đệm dày vừa đủ êm.",positive,nội thất,review,[],easy,curated-v2-g0003,curated-v2,approved
curated-v2-0004,"Kia Sorento hoàn thiện cabin rấttt chắc tay, đi 2 năm không thấy kêu ọp ẹp gì sất.","Kia Sorento hoàn thiện cabin rất chắc tay, đi 2 năm không thấy kêu ọp ẹp gì sất.",positive,nội thất,review,"[""elongation""]",medium,curated-v2-g0004,curated-v2,approved
curated-v2-0005,Mazda2 ở mức dưới 500 triệu mà được trang bị như vậy là quá hời cho người lần đầu mua xe.,Mazda2 ở mức dưới 500 triệu mà được trang bị như vậy là quá hời cho người lần đầu mua xe.,positive,giá cả,review,[],easy,curated-v2-g0005,curated-v2,approved
curated-v2-0006,"Giá Ford Territory sau khi giảm đang tốt ghê, mua dc tặng thêm phụ kiện đủ luôn.","Giá Ford Territory sau khi giảm đang tốt ghê, mua được tặng thêm phụ kiện đủ luôn.",positive,giá cả,review,"[""teencode""]",medium,curated-v2-g0006,curated-v2,approved
curated-v2-0007,"Máy Hyundai Tucson trên cao tốc có phần hụt hơi, vượt xe phải đạp sâu mới gượng nổi.","Máy Hyundai Tucson trên cao tốc có phần hụt hơi, vượt xe phải đạp sâu mới gượng nổi.",negative,động cơ,review,[],medium,curated-v2-g0007,curated-v2,approved
curated-v2-0008,"Nội thất Mitsubishi Xforce ồn quá trời, đi qua đường xấu nghe lạch cạch rõ 😡","Nội thất Mitsubishi Xforce ồn quá trời, đi qua đường xấu nghe lạch cạch rõ 😡",negative,nội thất,review,"[""emoji""]",easy,curated-v2-g0008,curated-v2,approved
curated-v2-0009,"Vinfast VF 6 sau 3 năm bán lại mất gần nửa giá, ai định chạy lâu phải tính kỹ chuyện này.","Vinfast Vinfast 6 sau 3 năm bán lại mất gần nửa giá, ai định chạy lâu phải tính kỹ chuyện này.",negative,giá cả,review,[],medium,curated-v2-g0009,curated-v2,approved
curated-v2-0010,"Động cơ diesel của Ford Everest ồn và rung khi nguội máy, sáng sớm nổ lên cả xóm nghe.","Động cơ diesel của Ford Everest ồn và rung khi nguội máy, sáng sớm nổ lên cả xóm nghe.",negative,động cơ,review,[],medium,curated-v2-g0010,curated-v2,approved
curated-v2-0011,"Đi 30.000 km thì ghế trước của Toyota Corolla Cross đã xẹp lún, ngồi lâu ê ối cả lưng.","Đi 30.000 km thì ghế trước của Toyota Corolla Cross đã xẹp lún, ngồi lâu ê ối cả lưng.",negative,nội thất,review,[],medium,curated-v2-g0011,curated-v2,approved
curated-v2-0012,"Lăn bánh có 1 năm mà giá xe Hyundai Creta đã rớt mạnh, bán lại thiệt nặng hơn tưởng tượng.","Lăn bánh có 1 năm mà giá xe Hyundai Creta đã rớt mạnh, bán lại thiệt nặng hơn tưởng tượng.",negative,giá cả,review,[],easy,curated-v2-g0012,curated-v2,approved
curated-v2-0013,"Mức tiêu hao của Kia K3 dao động 6.5 đến 7 lít/100km tùy tuyến, đúng như hãng công bố.","Mức tiêu hao của Kia K3 dao động 6.5 đến 7 lít/100km tùy tuyến, đúng như hãng công bố.",neutral,mức tiêu hao nhiên liệu,review,[],easy,curated-v2-g0013,curated-v2,approved
curated-v2-0014,"Nội thất Vinfast VF 8 dùng vật liệu khá ổn trong tầm giá, chẳng sang cũng chẳng tệ.","Nội thất Vinfast Vinfast 8 dùng vật liệu khá ổn trong tầm giá, chẳng sang cũng chẳng tệ.",neutral,nội thất,review,[],medium,curated-v2-g0014,curated-v2,approved
curated-v2-0015,"Giá xe Mercedes GLC 2026 nhỉnh hơn thế hệ cũ chừng 60 triệu, coi như điều chỉnh theo thị trường.","Giá xe Mercedes GLC 2026 nhỉnh hơn thế hệ cũ chừng 60 triệu, coi như điều chỉnh theo thị trường.",neutral,giá cả,review,[],medium,curated-v2-g0015,curated-v2,approved
curated-v2-0016,"Động cơ hybrid của Toyota Corolla Cross vận hành mượt, tiết kiệm nhiên liệu rõ rệt so với bản xăng.","Động cơ hybrid của Toyota Corolla Cross vận hành mượt, tiết kiệm nhiên liệu rõ rệt so với bản xăng.",positive,động cơ,review,[],easy,curated-v2-g0016,curated-v2,approved
curated-v2-0017,"Vinfast VF 5plus đi phố tiêu hao khoảng 8 lít, chấp nhận được với chiếc xe nặng cỡ này.","Vinfast Vinfast 5plus đi phố tiêu hao khoảng 8 lít, chấp nhận được với chiếc xe nặng cỡ này.",neutral,mức tiêu hao nhiên liệu,review,[],medium,curated-v2-g0017,curated-v2,approved
curated-v2-0018,"Cabin Hyundai Accent cách âm ở mức trung bình, tốc độ cao vẫn nghe hơi nhiều tiếng đường.","Cabin Hyundai Accent cách âm ở mức trung bình, tốc độ cao vẫn nghe hơi nhiều tiếng đường.",neutral,nội thất,review,[],easy,curated-v2-g0018,curated-v2,approved
curated-v2-0019,"Giá Toyota Fortuner tuy cao nhưng giữ giá tốt, bán sau 5 năm thiệt hại ít hơn hẳn mặt bằng chung.","Giá Toyota Fortuner tuy cao nhưng giữ giá tốt, bán sau 5 năm thiệt hại ít hơn hẳn mặt bằng chung.",positive,giá cả,review,[],medium,curated-v2-g0019,curated-v2,approved
curated-v2-0020,"Máy Kia Seltos 1.4 turbo bốc ở dải số thấp, chạy trong phố vượt xe thoải mái không chậm chân.","Máy Kia Seltos 1.4 turbo bốc ở dải số thấp, chạy trong phố vượt xe thoải mái không chậm chân.",positive,động cơ,review,[],easy,curated-v2-g0020,curated-v2,approved
curated-v2-0021,"Toy Vios tiêu hao chỉ 5.8 lít/100km đường hỗn hợp, chạy nghề tiết kiệm thấy rõ mỗi tháng.","Toyota Vios tiêu hao chỉ 5.8 lít/100km đường hỗn hợp, chạy nghề tiết kiệm thấy rõ mỗi tháng.",positive,mức tiêu hao nhiên liệu,review,"[""brand_alias""]",easy,curated-v2-g0021,curated-v2,approved
curated-v2-0022,"Nội thất Mazda CX-8 nhiều mùi nhựa mới, mới mua về phải mở cửa xe phơi mấy hôm mới chịu được.","Nội thất Mazda cũng-8 nhiều mùi nhựa mới, mới mua về phải mở cửa xe phơi mấy hôm mới chịu được.",negative,nội thất,review,[],easy,curated-v2-g0022,curated-v2,approved
curated-v2-0023,"Honda Civic bản 2025 tăng giá gần 100 triệu so với đời trước, đơn giản là không còn hấp dẫn.","Honda Civic bản 2025 tăng giá gần 100 triệu so với đời trước, đơn giản là không còn hấp dẫn.",negative,giá cả,review,[],medium,curated-v2-g0023,curated-v2,approved
curated-v2-0024,"Động cơ Vinfast VF 9 nặng gần 2.5 tấn nhưng tăng tốc vẫn khá mượt khi pin đầy, hết nửa pin là chậm dần.","Động cơ Vinfast Vinfast 9 nặng gần 2.5 tấn nhưng tăng tốc vẫn khá mượt khi pin đầy, hết nửa pin là chậm dần.",neutral,động cơ,review,[],hard,curated-v2-g0024,curated-v2,approved
curated-v2-0025,"Máy Mercedes E200 êm như nhung, chạy 150km liên tục không nghe một tiếng động lạ nào cả.","Máy Mercedes E200 êm như nhung, chạy 150km liên tục không nghe một tiếng động lạ nào cả.",positive,động cơ,review,[],easy,curated-v2-g0025,curated-v2,approved
curated-v2-0026,"Xăng của BMW 520i khoảng 7.5 lít/100km trên cao tốc, với sedan hạng sang thì thuộc nhóm tốt.","Xăng của BMW 520i khoảng 7.5 lít/100km trên cao tốc, với sedan hạng sang thì thuộc nhóm tốt.",positive,mức tiêu hao nhiên liệu,review,[],medium,curated-v2-g0026,curated-v2,approved
curated-v2-0027,"Ford Territory máy 1.5 turbo có phần nhả hơi ít, chạy phố 9 lít là bình thường thôi anh em ạ.","Ford Territory máy 1.5 turbo có phần nhả hơi ít, chạy phố 9 lít là bình thường thôi anh em ạ.",neutral,mức tiêu hao nhiên liệu,review,[],easy,curated-v2-g0027,curated-v2,approved
curated-v2-0028,"Động cơ của Kia Carnival kéo đủ 7 người cùng hành lý vẫn không ì, leo dốc Đà Lạt phàn nàn được.","Động cơ của Kia Carnival kéo đủ 7 người cùng hành lý vẫn không ì, leo dốc Đà Lạt phàn nàn được.",positive,động cơ,review,[],medium,curated-v2-g0028,curated-v2,approved
curated-v2-0029,"Vinfast VF 7 đi 500km đầu máy hơi kêu, sau bảo dưỡng lần đầu thì êm lại bình thường.","Vinfast Vinfast 7 đi 500km đầu máy hơi kêu, sau bảo dưỡng lần đầu thì êm lại bình thường.",neutral,động cơ,review,[],medium,curated-v2-g0029,curated-v2,approved
curated-v2-0030,"So với xe Nhật, máy Hyundai Stargazer chạy đường trường có phần nhanh chán hơn, dải điện hồi đáp đều.","So với xe Nhật, máy Hyundai Stargazer chạy đường trường có phần nhanh chán hơn, dải điện hồi đáp đều.",positive,động cơ,comparison,[],medium,curated-v2-g0030,curated-v2,approved
curated-v2-0031,"Toyota Innova tiêu xăng hơn hẳn Kia Carnival khi kéo đủ người, khác nhau tới 2 lít mỗi trăm cây.","Toyota Innova tiêu xăng hơn hẳn Kia Carnival khi kéo đủ người, khác nhau tới 2 lít mỗi trăm cây.",negative,mức tiêu hao nhiên liệu,comparison,[],medium,curated-v2-g0031,curated-v2,approved
curated-v2-0032,"Vinfast rẻ hơn đối thủ Nhật khoảng 100 đến 150 triệu cùng phân khúc, đây là lợi thế rõ nhất.","Vinfast rẻ hơn đối thủ Nhật khoảng 100 đến 150 triệu cùng phân khúc, đây là lợi thế rõ nhất.",positive,giá cả,comparison,[],easy,curated-v2-g0032,curated-v2,approved
curated-v2-0033,"Ghế hàng 3 của Hyundai Stargazer thoải mái hơn Mitsubishi Xpander, hai đứa nhỏ ngồi thoải mái suốt chặng dài.","Ghế hàng 3 của Hyundai Stargazer thoải mái hơn Mitsubishi Xpander, hai đứa nhỏ ngồi thoải mái suốt chặng dài.",positive,nội thất,comparison,[],easy,curated-v2-g0033,curated-v2,approved
curated-v2-0034,"Máy Mazda3 yếu hơn Honda Civic một nhịp ở tầm tốc độ trung bình, ai thích phanh gấp sẽ thấy chậm.","Máy Mazda3 yếu hơn Honda Civic một nhịp ở tầm tốc độ trung bình, ai thích phanh gấp sẽ thấy chậm.",negative,động cơ,comparison,[],medium,curated-v2-g0034,curated-v2,approved
curated-v2-0035,"Về giá trị còn lại sau 5 năm, Toyota giữ tiền tốt hơn Vinfast rõ rệt, đây là điều nhiều người cân nhắc.","Về giá trị còn lại sau 5 năm, Toyota giữ tiền tốt hơn Vinfast rõ rệt, đây là điều nhiều người cân nhắc.",neutral,giá cả,comparison,[],medium,curated-v2-g0035,curated-v2,approved
curated-v2-0036,"Cách âm của Kia K5 tốt hơn Toyota Camry ở dải tiếng gió, nhưng tiếng mặt đường thì ngược lại.","Cách âm của Kia K5 tốt hơn Toyota Camry ở dải tiếng gió, nhưng tiếng mặt đường thì ngược lại.",positive,nội thất,comparison,[],hard,curated-v2-g0036,curated-v2,approved
curated-v2-0037,"Vinfast VF 6 hao hơn Vinfast VF 7 chút xíu dù nhẹ hơn, pin và phương thức chạy quyết định hết.","Vinfast Vinfast 6 hao hơn Vinfast Vinfast 7 chút xíu dù nhẹ hơn, pin và phương thức chạy quyết định hết.",neutral,mức tiêu hao nhiên liệu,comparison,[],medium,curated-v2-g0037,curated-v2,approved
curated-v2-0038,"Nội thất Ford Ranger rít hơn Ford Everest, ai chở gia đình nên chọn Everest cho thoáng ghế sau.","Nội thất Ford Ranger rít hơn Ford Everest, ai chở gia đình nên chọn Everest cho thoáng ghế sau.",neutral,nội thất,comparison,[],easy,curated-v2-g0038,curated-v2,approved
curated-v2-0039,"Máy Mazda CX-8 yếu hơn Hyundai SantaFe khi leo dốc, đoàn 6 người là phải nhả số rõ rệt.","Máy Mazda cũng-8 yếu hơn Hyundai SantaFe khi leo dốc, đoàn 6 người là phải nhả số rõ rệt.",negative,động cơ,comparison,[],medium,curated-v2-g0039,curated-v2,approved
curated-v2-0040,"Kia Morning rẻ nhất phân khúc nhưng trang bị không hề nghèo, so với xe Trung cùng giá vẫn hơn một bậc.","Kia Morning rẻ nhất phân khúc nhưng trang bị không hề nghèo, so với xe Trung cùng giá vẫn hơn một bậc.",positive,giá cả,comparison,[],easy,curated-v2-g0040,curated-v2,approved
curated-v2-0041,"Mitsubishi Attrage tiết kiệm hơn Toyota Vios khoảng nửa lít, nhưng cách âm thì thua xa luôn.","Mitsubishi Attrage tiết kiệm hơn Toyota Vios khoảng nửa lít, nhưng cách âm thì thua xa luôn.",neutral,mức tiêu hao nhiên liệu,comparison,[],medium,curated-v2-g0041,curated-v2,approved
curated-v2-0042,"Toyota Corolla Altis cách âm tốt hơn Mazda3, chạy cao tốc tai không mệt bằng.","Toyota Corolla Altis cách âm tốt hơn Mazda3, chạy cao tốc tai không mệt bằng.",positive,nội thất,comparison,[],easy,curated-v2-g0042,curated-v2,approved
curated-v2-0043,"Xe Trung giá mềm hơn Honda City khoảng 150 triệu, nhưng rồi giữ giá và độ bền thì chuyện khác hẳn.","Xe Trung giá mềm hơn Honda City khoảng 150 triệu, nhưng rồi giữ giá và độ bền thì chuyện khác hẳn.",neutral,giá cả,comparison,[],medium,curated-v2-g0043,curated-v2,approved
curated-v2-0044,"Máy Vinfast VF 6 yếu hơn đối thủ cùng khối, lấy lại bằng mô-men điện ở dải đầu nhưng dài đường là thấy.","Máy Vinfast Vinfast 6 yếu hơn đối thủ cùng khối, lấy lại bằng mô-men điện ở dải đầu nhưng dài đường là thấy.",negative,động cơ,comparison,[],hard,curated-v2-g0044,curated-v2,approved
curated-v2-0045,Động cơ của Vinfast VF 9 lấy được bao nhiêu km khi chạy cao tốc?,Động cơ của Vinfast Vinfast 9 lấy được bao nhiêu km khi chạy cao tốc?,neutral,động cơ,question,[],easy,curated-v2-g0045,curated-v2,approved
curated-v2-0046,Kia Seltos 2026 có máy mới hay vẫn giữ khối 1.4 cũ vậy mọi người?,Kia Seltos 2026 có máy mới hay vẫn giữ khối 1.4 cũ vậy mọi người?,neutral,động cơ,question,[],easy,curated-v2-g0046,curated-v2,approved
curated-v2-0047,"Xăng Vinfast VF 8 cao tốc thực tế bao nhiêu lít, ai chạy dài rồi cho em xin số với.","Xăng Vinfast Vinfast 8 cao tốc thực tế bao nhiêu lít, ai chạy dài rồi cho em xin số với.",neutral,mức tiêu hao nhiên liệu,question,[],easy,curated-v2-g0047,curated-v2,approved
curated-v2-0048,Toyota Fortuner máy dầu có đáng cộng thêm 100 triệu so với máy xăng không anh em?,Toyota Fortuner máy dầu có đáng cộng thêm 100 triệu so với máy xăng không anh em?,neutral,động cơ,question,[],medium,curated-v2-g0048,curated-v2,approved
curated-v2-0049,"Hyundai Accent giá lăn bánh giờ còn bao nhiêu, có khuyến mãi gì cuối năm không?","Hyundai Accent giá lăn bánh giờ còn bao nhiêu, có khuyến mãi gì cuối năm không?",neutral,giá cả,question,[],easy,curated-v2-g0049,curated-v2,approved
curated-v2-0050,Nội thất Kia Carnival có chỉnh điện hàng 3 không hay chỉ hàng 1 vậy mọi người?,Nội thất Kia Carnival có chỉnh điện hàng 3 không hay chỉ hàng 1 vậy mọi người?,neutral,nội thất,question,[],medium,curated-v2-g0050,curated-v2,approved
curated-v2-0051,"Ford Territory có đáng mua hơn Honda CR-V về máy móc không, ai đi cả hai rồi cho xin ý kiến.","Ford Territory có đáng mua hơn Honda CR-V về máy móc không, ai đi cả hai rồi cho xin ý kiến.",positive,động cơ,question,[],medium,curated-v2-g0051,curated-v2,approved
curated-v2-0052,Vinfast VF 5plus chạy 400km mỗi tuần thì có cần sạc giữa đường không các bác?,Vinfast Vinfast 5plus chạy 400km mỗi tuần thì có cần sạc giữa đường không các bác?,neutral,mức tiêu hao nhiên liệu,question,[],easy,curated-v2-g0052,curated-v2,approved
curated-v2-0053,"Mazda CX-5 sau 5 năm máy có ì đi nhiều không, ai dùng lâu rồi trả lời giúp em với.","Mazda cũng-5 sau 5 năm máy có ì đi nhiều không, ai dùng lâu rồi trả lời giúp em với.",negative,động cơ,question,[],medium,curated-v2-g0053,curated-v2,approved
curated-v2-0054,Vinfast VF 7 giá bản cao nhất có đáng chênh 80 triệu so với bản giữa không mọi người?,Vinfast Vinfast 7 giá bản cao nhất có đáng chênh 80 triệu so với bản giữa không mọi người?,negative,giá cả,question,[],medium,curated-v2-g0054,curated-v2,approved
curated-v2-0055,Động cơ Toyota Hilux máy dầu 2.8 có thực sự bền hơn bản 2.4 không anh em ơi?,Động cơ Toyota Hilux máy dầu 2.8 có thực sự bền hơn bản 2.4 không anh em ơi?,positive,động cơ,question,[],medium,curated-v2-g0055,curated-v2,approved
curated-v2-0056,Xe Vinfast chạy quãng 300km đầu máy có cần chạy rớt không hay dùng luôn được?,Xe Vinfast chạy quãng 300km đầu máy có cần chạy rớt không hay dùng luôn được?,neutral,động cơ,question,[],easy,curated-v2-g0056,curated-v2,approved
curated-v2-0057,"Nội thất Mercedes GLB 7 chỗ có chật quá không, chở hai người lớn ba đứa nhỏ có thoải mái không mọi người?","Nội thất Mercedes GLB 7 chỗ có chật quá không, chở hai người lớn ba đứa nhỏ có thoải mái không mọi người?",neutral,nội thất,question,[],hard,curated-v2-g0057,curated-v2,approved
curated-v2-0058,Honda CR-V 2026 giá đang là bao nhiêu và có kèm gói bảo dưỡng không mấy bác?,Honda CR-V 2026 giá đang là bao nhiêu và có kèm gói bảo dưỡng không mấy bác?,neutral,giá cả,question,[],easy,curated-v2-g0058,curated-v2,approved
curated-v2-0059,"Máy BMW 320i chạy phố tiêu hao thực tế bao nhiêu lít, có tốn như lời đồn không?","Máy BMW 320i chạy phố tiêu hao thực tế bao nhiêu lít, có tốn như lời đồn không?",neutral,mức tiêu hao nhiên liệu,question,[],easy,curated-v2-g0059,curated-v2,approved
curated-v2-0060,Toyota Yaris Cross có ghế chỉnh điện ghế lái không hay toàn chỉnh tay hết vậy?,Toyota Yaris Cross có ghế chỉnh điện ghế lái không hay toàn chỉnh tay hết vậy?,negative,nội thất,question,[],medium,curated-v2-g0060,curated-v2,approved
curated-v2-0061,Vinfast VF e34 giờ giá còn bao nhiêu và có chương trình đổi pin mới không mọi người?,Vinfast Vinfast e34 giờ giá còn bao nhiêu và có chương trình đổi pin mới không mọi người?,negative,giá cả,question,[],medium,curated-v2-g0061,curated-v2,approved
curated-v2-0062,"Máy tuyệt, êm và không tiếng ồn gì hết.","Máy tuyệt, êm và không tiếng ồn gì hết.",positive,động cơ,short,[],easy,curated-v2-g0062,curated-v2,approved
curated-v2-0063,"Pin sạc nhanh, 30 phút đạt 80%.","Pin sạc nhanh, 30 phút đạt 80%.",positive,động cơ,short,[],easy,curated-v2-g0063,curated-v2,approved
curated-v2-0064,"Cabin rộng, cửa mở thoáng.","Cabin rộng, cửa mở thoáng.",positive,nội thất,short,[],easy,curated-v2-g0064,curated-v2,approved
curated-v2-0065,"Ghế êm, đồng hồ kỹ thuật số đẹp mắt.","Ghế êm, đồng hồ kỹ thuật số đẹp mắt.",positive,nội thất,short,[],easy,curated-v2-g0065,curated-v2,approved
curated-v2-0066,"Giá mềm, trả góp nhẹ.","Giá mềm, trả góp nhẹ.",positive,giá cả,short,[],easy,curated-v2-g0066,curated-v2,approved
curated-v2-0067,"Máy ì quá, vượt xe khó chịu.","Máy ì quá, vượt xe khó chịu.",negative,động cơ,short,[],easy,curated-v2-g0067,curated-v2,approved
curated-v2-0068,Nội thất kêu lạch cạch ngay năm đầu.,Nội thất kêu lạch cạch ngay năm đầu.,negative,nội thất,short,[],easy,curated-v2-g0068,curated-v2,approved
curated-v2-0069,Giá cao mà trang bị không tương xứng.,Giá cao mà trang bị không tương xứng.,negative,giá cả,short,[],easy,curated-v2-g0069,curated-v2,approved
curated-v2-0070,"Hao xăng bất thường, 10 lít/100km trong phố.","Hao xăng bất thường, 10 lít/100km trong phố.",negative,mức tiêu hao nhiên liệu,short,[],easy,curated-v2-g0070,curated-v2,approved
curated-v2-0071,"Vận hành bình thường, không điểm nhấn.","Vận hành bình thường, không điểm nhấn.",neutral,động cơ,short,[],easy,curated-v2-g0071,curated-v2,approved
curated-v2-0072,"Giá thị trường, không đắt không rẻ.","Giá thị trường, không đắt không rẻ.",neutral,giá cả,short,[],easy,curated-v2-g0072,curated-v2,approved
curated-v2-0073,"Nội thất đủ dùng, không màu mè.","Nội thất đủ dùng, không màu mè.",neutral,nội thất,short,[],easy,curated-v2-g0073,curated-v2,approved
curated-v2-0074,Tiêu hao trung bình tầm 7 lít.,Tiêu hao trung bình tầm 7 lít.,neutral,mức tiêu hao nhiên liệu,short,[],easy,curated-v2-g0074,curated-v2,approved
curated-v2-0075,"Máy Toy chạy bốc quáaa, vượt xe nhẹ tênh luôn.","Máy Toyota chạy bốc quá, vượt xe nhẹ tênh luôn.",positive,động cơ,short,"[""brand_alias"", ""elongation""]",easy,curated-v2-g0075,curated-v2,approved
curated-v2-0076,Nội thất Hyundai tạm ổn nhưng cách âm hơi kém.,Nội thất Hyundai tạm ổn nhưng cách âm hơi kém.,negative,nội thất,short,"[""teencode""]",medium,curated-v2-g0076,curated-v2,approved
curated-v2-0077,Vinfast giá giờ cx cạnh tranh hẳn so với trước.,Vinfast giá giờ cũng cạnh tranh hẳn so với trước.,positive,giá cả,short,"[""teencode""]",medium,curated-v2-g0077,curated-v2,approved
curated-v2-0078,"Kia K3 máy hụt, chậm phản hồi 😡","Kia K3 máy hụt, chậm phản hồi 😡",negative,động cơ,short,"[""emoji""]",easy,curated-v2-g0078,curated-v2,approved
curated-v2-0079,"Honda City máy đc, xăng hơi hao chút thôi.","Honda City máy được, xăng hơi hao chút thôi.",neutral,mức tiêu hao nhiên liệu,short,"[""teencode""]",medium,curated-v2-g0079,curated-v2,approved
curated-v2-0080,"Máy bốc, nội thất ổn, giá hơi chát nhưng đáng.","Máy bốc, nội thất ổn, giá hơi chát nhưng đáng.",positive,giá cả,short,[],medium,curated-v2-g0080,curated-v2,approved
curated-v2-0081,"Vận hành trơn tru, đủ dùng mọi ngày.","Vận hành trơn tru, đủ dùng mọi ngày.",positive,động cơ,conversational,[],easy,curated-v2-g0081,curated-v2,approved
curated-v2-0082,"Xe tôi sạc 2 lần mỗi tuần, mỗi lần 45 phút, cũng tiện đấy chứ.","Xe tôi sạc 2 lần mỗi tuần, mỗi lần 45 phút, cũng tiện đấy chứ.",neutral,mức tiêu hao nhiên liệu,conversational,[],medium,curated-v2-g0082,curated-v2,approved
curated-v2-0083,"Bảo hành Vinfast 7 năm nên tôi chạy rất an tâm, hỏng gì cũng có hãng lo.","Bảo hành Vinfast 7 năm nên tôi chạy rất an tâm, hỏng gì cũng có hãng lo.",positive,dịch vụ hậu mãi,conversational,[],easy,curated-v2-g0083,curated-v2,approved
curated-v2-0084,"Nội thất Toyota Raize nhìn đơn giản nhưng dùng thì tiện, đúng chất Nhật.","Nội thất Toyota Raize nhìn đơn giản nhưng dùng thì tiện, đúng chất Nhật.",neutral,nội thất,conversational,[],easy,curated-v2-g0084,curated-v2,approved
curated-v2-0085,"Động cơ Vinfast Fadil lần nào leo dốc cũng rú lên, nhỏ mà có võ đó mọi người.","Động cơ Vinfast Fadil lần nào leo dốc cũng rú lên, nhỏ mà có võ đó mọi người.",negative,động cơ,conversational,[],medium,curated-v2-g0085,curated-v2,approved
curated-v2-0086,"Mua Mazda CX-8, chủ đại lý giảm ngay 50 triệu, tính ra hời hơn mua trung tâm nhiều.","Mua Mazda cũng-8, chủ đại lý giảm ngay 50 triệu, tính ra hời hơn mua trung tâm nhiều.",positive,giá cả,conversational,[],easy,curated-v2-g0086,curated-v2,approved
curated-v2-0087,"Đi Vinfast VF 6 một tuần, sạc ở nhà ban đêm, sáng ra đầy pin, khỏi ghé trạm.","Đi Vinfast Vinfast 6 một tuần, sạc ở nhà ban đêm, sáng ra đầy pin, khỏi ghé trạm.",positive,mức tiêu hao nhiên liệu,conversational,[],easy,curated-v2-g0087,curated-v2,approved
curated-v2-0088,"Hyundai Tucson bảo dưỡng lần 2 hết có 1 triệu rưỡi, rẻ hơn tưởng tượng của tôi nhiều.","Hyundai Tucson bảo dưỡng lần 2 hết có 1 triệu rưỡi, rẻ hơn tưởng tượng của tôi nhiều.",positive,dịch vụ hậu mãi,conversational,[],easy,curated-v2-g0088,curated-v2,approved
curated-v2-0089,"Máy Kia Seltos của vợ tôi giờ khởi động lúc nào cũng lì lợm, phải đề 2 lần mới nổ 😡","Máy Kia Seltos của vợ tôi giờ khởi động lúc nào cũng lì lợm, phải đề 2 lần mới nổ 😡",negative,động cơ,conversational,"[""emoji""]",medium,curated-v2-g0089,curated-v2,approved
curated-v2-0090,"Toyota Vios của bố 10 năm chưa bao giờ dở chứng giữa đường, tin được thật sự.","Toyota Vios của bố 10 năm chưa bao giờ dở chứng giữa đường, tin được thật sự.",positive,động cơ,conversational,[],easy,curated-v2-g0090,curated-v2,approved
curated-v2-0091,"Vinfast VF 7 giờ cx đông trên đường phết, thấy hãng nội đã khác rồi.","Vinfast Vinfast 7 giờ cũng đông trên đường phết, thấy hãng nội đã khác rồi.",neutral,động cơ,conversational,"[""teencode""]",easy,curated-v2-g0091,curated-v2,approved
curated-v2-0092,"Giá xe Hyundai đang xuống đều mỗi quý, mua sớm hơn là thiệt ngay ý.","Giá xe Hyundai đang xuống đều mỗi quý, mua sớm hơn là thiệt ngay ý.",negative,giá cả,conversational,[],easy,curated-v2-g0092,curated-v2,approved
curated-v2-0093,"Ford Ranger đi phượt 3 năm, chưa lần nào bỏ tôi giữa đường núi.","Ford Ranger đi phượt 3 năm, chưa lần nào bỏ tôi giữa đường núi.",positive,động cơ,conversational,[],medium,curated-v2-g0093,curated-v2,approved
curated-v2-0094,"Toyota Corolla Cross máy dầu là lựa chọn ổn áp nhất phân khúc hiện tại, ý kiến cá nhân thôi.","Toyota Corolla Cross máy dầu là lựa chọn ổn áp nhất phân khúc hiện tại, ý kiến cá nhân thôi.",neutral,động cơ,conversational,[],medium,curated-v2-g0094,curated-v2,approved
curated-v2-0095,"Vinfast vf 7 chạy đêm lên Ba Vì đầy pin vẫn còn 40%, quá ổn cho chuyến cuối tuần.","Vinfast Vinfast 7 chạy đêm lên Ba Vì đầy pin vẫn còn 40%, quá ổn cho chuyến cuối tuần.",positive,mức tiêu hao nhiên liệu,conversational,"[""brand_alias""]",medium,curated-v2-g0095,curated-v2,approved
curated-v2-0096,"Động cơ Mercedes GLB của tôi phát tiếng lách tách khi nguội, hãng bảo là bình thường nhưng tôi không yên tâm.","Động cơ Mercedes GLB của tôi phát tiếng lách tách khi nguội, hãng bảo là bình thường nhưng tôi không yên tâm.",negative,động cơ,conversational,[],medium,curated-v2-g0096,curated-v2,approved
curated-v2-0097,"Xăng xe giờ đắt, xe Vinfast sạc ở nhà tiết kiệm hẳn 2 triệu mỗi tháng cho tôi.","Xăng xe giờ đắt, xe Vinfast sạc ở nhà tiết kiệm hẳn 2 triệu mỗi tháng cho tôi.",positive,mức tiêu hao nhiên liệu,conversational,[],easy,curated-v2-g0097,curated-v2,approved
curated-v2-0098,"Nội thất Kia Morning nhựa là chủ yếu, tiền đó thì thôi, chấp nhận được còn gì.","Nội thất Kia Morning nhựa là chủ yếu, tiền đó thì thôi, chấp nhận được còn gì.",neutral,nội thất,conversational,[],easy,curated-v2-g0098,curated-v2,approved
curated-v2-0099,"Đại lý Mazda trả lời hotline nhanh, đặt lịch bảo dưỡng chỉ 5 phút là xong.","Đại lý Mazda trả lời hotline nhanh, đặt lịch bảo dưỡng chỉ 5 phút là xong.",positive,dịch vụ hậu mãi,conversational,[],easy,curated-v2-g0099,curated-v2,approved
curated-v2-0100,"Toyota Innova máy dầu hụt hơi trên đốc dẫn, chạy đủ tải là rõ nhất mọi người nhá.","Toyota Innova máy dầu hụt hơi trên đốc dẫn, chạy đủ tải là rõ nhất mọi người nhá.",negative,động cơ,conversational,[],medium,curated-v2-g0100,curated-v2,approved
curated-v2-0101,"Thiết kế của Hyundai Elantra nhìn sang hẳn đời cũ, dải đèn ban ngày chạy dọc hốc xe rất tinh.","Thiết kế của Hyundai Elantra nhìn sang hẳn đời cũ, dải đèn ban ngày chạy dọc hốc xe rất tinh.",positive,thiết kế,review,[],easy,curated-v2-g0101,curated-v2,approved
curated-v2-0102,"Vinfast VF 6 có dáng xe khép kín và cân đối, đứng trước nhìn lúc nào cũng đã mắt.","Vinfast Vinfast 6 có dáng xe khép kín và cân đối, đứng trước nhìn lúc nào cũng đã mắt.",positive,thiết kế,review,[],medium,curated-v2-g0102,curated-v2,approved
curated-v2-0103,"Mâm xăm của Kia K5 là chi tiết tôi ưng nhất, nhìn xuống đầu gối nào cũng thấy đẹp.","Mâm xăm của Kia K5 là chi tiết tôi ưng nhất, nhìn xuống đầu gối nào cũng thấy đẹp.",positive,thiết kế,review,[],easy,curated-v2-g0103,curated-v2,approved
curated-v2-0104,"Đuôi xe Ford Ranger Raptor thô nhưng rất ngầu, đèn kiểu dọc nhận diện tốt ban đêm.","Đuôi xe Ford Ranger Raptor thô nhưng rất ngầu, đèn kiểu dọc nhận diện tốt ban đêm.",positive,thiết kế,review,[],easy,curated-v2-g0104,curated-v2,approved
curated-v2-0105,"Toyota Veloz Cross nhìn bên ngoài tầm thường quá, như một chiếc MPV giành cho chạy dịch vụ.","Toyota Veloz Cross nhìn bên ngoài tầm thường quá, như một chiếc MPV giành cho chạy dịch vụ.",negative,thiết kế,review,[],easy,curated-v2-g0105,curated-v2,approved
curated-v2-0106,"Màu sơn trắng của Vinfast VF 8 bị ố vàng ở nắp capo chỉ sau 1 năm, thiết kế thì ổn nhưng sơn thất vọng.","Màu sơn trắng của Vinfast Vinfast 8 bị ố vàng ở nắp capo chỉ sau 1 năm, thiết kế thì ổn nhưng sơn thất vọng.",negative,thiết kế,review,[],medium,curated-v2-g0106,curated-v2,approved
curated-v2-0107,"Vinfast VF 7 luôn làm tôi nhớ đến chi tiết vô-lăng dạng phẳng, ngồi vào là thấy thể thao hẳn.","Vinfast Vinfast 7 luôn làm tôi nhớ đến chi tiết vô-lăng dạng phẳng, ngồi vào là thấy thể thao hẳn.",positive,công nghệ & tiện nghi,review,[],medium,curated-v2-g0107,curated-v2,approved
curated-v2-0108,"Màn hình Mazda CX-5 nhỏ mà dùng mượt, Apple CarPlay nối dây nhận liền không cần chờ.","Màn hình Mazda cũng-5 nhỏ mà dùng mượt, Apple CarPlay nối dây nhận liền không cần chờ.",positive,công nghệ & tiện nghi,review,[],easy,curated-v2-g0108,curated-v2,approved
curated-v2-0109,"Cruise control của Toyota Corolla Altis giữ làn ổn định, chạy cao tốc chân tôi được nghỉ hẳn.","Cruise control của Toyota Corolla Altis giữ làn ổn định, chạy cao tốc chân tôi được nghỉ hẳn.",positive,công nghệ & tiện nghi,review,[],easy,curated-v2-g0109,curated-v2,approved
curated-v2-0110,"Hyundai Tucson bản cao có ghế thông gió, mùa hè nóng 38 độ mà lên xe là mát ngay.","Hyundai Tucson bản cao có ghế thông gió, mùa hè nóng 38 độ mà lên xe là mát ngay.",positive,công nghệ & tiện nghi,review,[],easy,curated-v2-g0110,curated-v2,approved
curated-v2-0111,"Cảnh báo điểm mù của Kia Seltos hay báo nhầm xe máy, thi thoảng nó réo lên oan cho mình.","Cảnh báo điểm mù của Kia Seltos hay báo nhầm xe máy, thi thoảng nó réo lên oan cho mình.",negative,công nghệ & tiện nghi,review,[],medium,curated-v2-g0111,curated-v2,approved
curated-v2-0112,"Màn hình cảm ứng của Honda City giật lag mỗi lần trời lạnh, bấm 3 lần mới ăn lệnh.","Màn hình cảm ứng của Honda City giật lag mỗi lần trời lạnh, bấm 3 lần mới ăn lệnh.",negative,công nghệ & tiện nghi,review,[],easy,curated-v2-g0112,curated-v2,approved
curated-v2-0113,"Vinfast VF 9 có hệ thống giọng nói hay nhận sai lệnh tiếng Việt, gọi mở cửa sổ nó mở rèm.","Vinfast Vinfast 9 có hệ thống giọng nói hay nhận sai lệnh tiếng Việt, gọi mở cửa sổ nó mở rèm.",negative,công nghệ & tiện nghi,review,[],medium,curated-v2-g0113,curated-v2,approved
curated-v2-0114,"Phanh của Vinfast VF 6 ăn ngay khi thử phanh gấp trong bãi, tự tin hơn xe xăng tôi từng đi.","Phanh của Vinfast Vinfast 6 ăn ngay khi thử phanh gấp trong bãi, tự tin hơn xe xăng tôi từng đi.",positive,an toàn,review,[],medium,curated-v2-g0114,curated-v2,approved
curated-v2-0115,"Toyota Fortuner có 7 túi khí tiêu chuẩn, chở con cái đi xa thấy nhẹ lòng hẳn.","Toyota Fortuner có 7 túi khí tiêu chuẩn, chở con cái đi xa thấy nhẹ lòng hẳn.",positive,an toàn,review,[],easy,curated-v2-g0115,curated-v2,approved
curated-v2-0116,"Mitsubishi Xpander Cross có camera 360 độ, lót bánh vào chỗ hẹp ở chợ là tự tin luôn.","Mitsubishi Xpander Cross có camera 360 độ, lót bánh vào chỗ hẹp ở chợ là tự tin luôn.",positive,an toàn,review,[],easy,curated-v2-g0116,curated-v2,approved
curated-v2-0117,"Đèn pha tự động của Kia Morning cảm ứng nhanh, vào hầm là bật sáng không cần nhắc.","Đèn pha tự động của Kia Morning cảm ứng nhanh, vào hầm là bật sáng không cần nhắc.",positive,an toàn,review,[],easy,curated-v2-g0117,curated-v2,approved
curated-v2-0118,"Phanh của Hyundai Stargazer có vẻ mềm, đạp sâu rưỡi mới dừng hẳn mà xe đầy người.","Phanh của Hyundai Stargazer có vẻ mềm, đạp sâu rưỡi mới dừng hẳn mà xe đầy người.",negative,an toàn,review,[],medium,curated-v2-g0118,curated-v2,approved
curated-v2-0119,"Vinfast VF 5 Plus cảnh báo va chạm báo liên tục trên đường đông, chạy 30km/h nó vẫn réo.","Vinfast Vinfast 5 Plus cảnh báo va chạm báo liên tục trên đường đông, chạy 30km/h nó vẫn réo.",negative,an toàn,review,[],medium,curated-v2-g0119,curated-v2,approved
curated-v2-0120,"Toyota Innova Cross không có gói ADAS bản thấp, cùng tiền xe Nhật khác thì đầy.","Toyota Innova Cross không có gói ADAS bản thấp, cùng tiền xe Nhật khác thì đầy.",negative,an toàn,review,[],medium,curated-v2-g0120,curated-v2,approved
curated-v2-0121,"Bảo dưỡng định kỳ xe Mazda tại hãng hết 1.2 triệu, họ báo trước từng hạng mục rõ ràng.","Bảo dưỡng định kỳ xe Mazda tại hãng hết 1.2 triệu, họ báo trước từng hạng mục rõ ràng.",neutral,dịch vụ hậu mãi,review,[],easy,curated-v2-g0121,curated-v2,approved
curated-v2-0122,"Đại lý Vinfast có ứng dụng đặt lịch, xe vào đúng giờ hẹn, thủ tục 10 phút là xong.","Đại lý Vinfast có ứng dụng đặt lịch, xe vào đúng giờ hẹn, thủ tục 10 phút là xong.",positive,dịch vụ hậu mãi,review,[],easy,curated-v2-g0122,curated-v2,approved
curated-v2-0123,"Hyundai trả bảo hành pin xe điện trong vòng 1 tuần, thay luôn cả cụm không tính tiền.","Hyundai trả bảo hành pin xe điện trong vòng 1 tuần, thay luôn cả cụm không tính tiền.",positive,dịch vụ hậu mãi,review,[],medium,curated-v2-g0123,curated-v2,approved
curated-v2-0124,"Đội kỹ thuật của đại lý Toyota kiểm tra 24 hạng mục mỗi lần bảo dưỡng, giấy ghi chi tiết đàng hoàng.","Đội kỹ thuật của đại lý Toyota kiểm tra 24 hạng mục mỗi lần bảo dưỡng, giấy ghi chi tiết đàng hoàng.",positive,dịch vụ hậu mãi,review,[],easy,curated-v2-g0124,curated-v2,approved
curated-v2-0125,"Hotline của Mercedes trả lời chậm, gọi 3 lần mới có người nghe máy vào giờ hành chính.","Hotline của Mercedes trả lời chậm, gọi 3 lần mới có người nghe máy vào giờ hành chính.",negative,dịch vụ hậu mãi,review,[],easy,curated-v2-g0125,curated-v2,approved
curated-v2-0126,"Đại lý Ford bắt mua gói bảo dưỡng trọn đời mới nhận xe, cảm giác như bị ép kèm hàng.","Đại lý Ford bắt mua gói bảo dưỡng trọn đời mới nhận xe, cảm giác như bị ép kèm hàng.",negative,dịch vụ hậu mãi,review,[],medium,curated-v2-g0126,curated-v2,approved
curated-v2-0127,"Kia báo giá sửa cửa sau va chạm nhỏ tới 8 triệu, ra tiệm ngoài chỉ hết 3 triệu.","Kia báo giá sửa cửa sau va chạm nhỏ tới 8 triệu, ra tiệm ngoài chỉ hết 3 triệu.",negative,dịch vụ hậu mãi,review,[],easy,curated-v2-g0127,curated-v2,approved
curated-v2-0128,"Thiết kế của Toyota Camry 2026 giữ nguyên khung cũ, chỉ đổi đèn hậu nhìn kỹ mới thấy.","Thiết kế của Toyota Camry 2026 giữ nguyên khung cũ, chỉ đổi đèn hậu nhìn kỹ mới thấy.",neutral,thiết kế,review,[],medium,curated-v2-g0128,curated-v2,approved
curated-v2-0129,"Vinfast VF 8 thiết kế thì đẹp thật, nhưng số đo khoang chân hàng sau không hơn VF 7 là mấy.","Vinfast Vinfast 8 thiết kế thì đẹp thật, nhưng số đo khoang chân hàng sau không hơn Vinfast 7 là mấy.",neutral,thiết kế,review,[],medium,curated-v2-g0129,curated-v2,approved
curated-v2-0130,"Ford Territory có vai xe góc cạnh đúng phong cách Mỹ, người thích tròn trịa sẽ chê gắt.","Ford Territory có vai xe góc cạnh đúng phong cách Mỹ, người thích tròn trịa sẽ chê gắt.",neutral,thiết kế,review,[],medium,curated-v2-g0130,curated-v2,approved
curated-v2-0131,"Vinfast VF 9 có cửa sổ trời hai tấm rộng, về đêm nằm ngắm sao trong xe được luôn.","Vinfast Vinfast 9 có cửa sổ trời hai tấm rộng, về đêm nằm ngắm sao trong xe được luôn.",positive,công nghệ & tiện nghi,review,[],medium,curated-v2-g0131,curated-v2,approved
curated-v2-0132,"Toyota Hilux 2026 bịa lại cản trước nhìn nặng nề, đèn pha như của xe cũ chỉ đổi khung.","Toyota Hilux 2026 bịa lại cản trước nhìn nặng nề, đèn pha như của xe cũ chỉ đổi khung.",negative,thiết kế,comment,[],easy,curated-v2-g0132,curated-v2,approved
curated-v2-0133,"Vinfast VF 6 đèn hậu liền khối nhìn đêm rất đẹp, đâu cần độ gì thêm.","Vinfast Vinfast 6 đèn hậu liền khối nhìn đêm rất đẹp, đâu cần độ gì thêm.",positive,thiết kế,comment,[],easy,curated-v2-g0133,curated-v2,approved
curated-v2-0134,"Mâm của Mazda2 theo tôi là đẹp nhất phân khúc, không cần đổi mâm nữa.","Mâm của Mazda2 theo tôi là đẹp nhất phân khúc, không cần đổi mâm nữa.",positive,thiết kế,comment,[],easy,curated-v2-g0134,curated-v2,approved
curated-v2-0135,"Toyota Fortuner mặt ga-lăng to đùng, đeo biển quảng cáo di động vậy thôi.","Toyota Fortuner mặt ga-lăng to đùng, đeo biển quảng cáo di động vậy thôi.",negative,thiết kế,comment,[],easy,curated-v2-g0135,curated-v2,approved
curated-v2-0136,"Sơn xe Vinfast VF 7 dễ bám bụi đường đỏ, hai ngày không rửa là xám xịt cả xe.","Sơn xe Vinfast Vinfast 7 dễ bám bụi đường đỏ, hai ngày không rửa là xám xịt cả xe.",negative,thiết kế,comment,[],medium,curated-v2-g0136,curated-v2,approved
curated-v2-0137,"Toyota Corolla Cross bản 2026 thêm màu mới, nhìn cũng ổn mà chẳng đặc biệt gì.","Toyota Corolla Cross bản 2026 thêm màu mới, nhìn cũng ổn mà chẳng đặc biệt gì.",neutral,thiết kế,comment,[],easy,curated-v2-g0137,curated-v2,approved
curated-v2-0138,"Cửa sổ Kia K5 viền crôm kéo quanh nóc, nhìn cao ráo hẳn so với giá.","Cửa sổ Kia K5 viền crôm kéo quanh nóc, nhìn cao ráo hẳn so với giá.",positive,thiết kế,comment,[],easy,curated-v2-g0138,curated-v2,approved
curated-v2-0139,"Vinfast VF 5 Plus nhỏ gọn, đỗ nơi chật hẹp dễ hơn hẳn xe nhà hàng xóm.","Vinfast Vinfast 5 Plus nhỏ gọn, đỗ nơi chật hẹp dễ hơn hẳn xe nhà hàng xóm.",positive,công nghệ & tiện nghi,comment,[],easy,curated-v2-g0139,curated-v2,approved
curated-v2-0140,"Toyota Camry có sạc không dây cho điện thoại, đặt xuống là sạc luôn tiện phết.","Toyota Camry có sạc không dây cho điện thoại, đặt xuống là sạc luôn tiện phết.",positive,công nghệ & tiện nghi,comment,[],easy,curated-v2-g0140,curated-v2,approved
curated-v2-0141,"Hyundai SantaFe bản cao có màn hình phụ cho hành khách, chuyến đi trẻ con không tranh nhau điện thoại.","Hyundai SantaFe bản cao có màn hình phụ cho hành khách, chuyến đi trẻ con không tranh nhau điện thoại.",positive,công nghệ & tiện nghi,comment,[],easy,curated-v2-g0141,curated-v2,approved
curated-v2-0142,"Vinfast VF 9 trợ lý giọng nói hay hiểu nhầm giọng miền Trung, gọi 3 lần mới ra.","Vinfast Vinfast 9 trợ lý giọng nói hay hiểu nhầm giọng miền Trung, gọi 3 lần mới ra.",negative,công nghệ & tiện nghi,comment,[],medium,curated-v2-g0142,curated-v2,approved
curated-v2-0143,"Màn hình của Ford Everest đơ luôn sau khi cập nhật, phải tháo ắc-quy reset mới sống lại.","Màn hình của Ford Everest đơ luôn sau khi cập nhật, phải tháo ắc-quy reset mới sống lại.",negative,công nghệ & tiện nghi,comment,[],medium,curated-v2-g0143,curated-v2,approved
curated-v2-0144,"Kia Sorento có nhớ ghế 2 vị trí, sáng đi chiều về một nút là xong.","Kia Sorento có nhớ ghế 2 vị trí, sáng đi chiều về một nút là xong.",neutral,công nghệ & tiện nghi,comment,[],easy,curated-v2-g0144,curated-v2,approved
curated-v2-0145,"Cửa hộc để ly của Toyota Veloz có làm nóng/làm mát, uống trà mùa đông vẫn nóng.","Cửa hộc để ly của Toyota Veloz có làm nóng/làm mát, uống trà mùa đông vẫn nóng.",positive,công nghệ & tiện nghi,comment,[],medium,curated-v2-g0145,curated-v2,approved
curated-v2-0146,"Vinfast VF 7 có camera 360 nét, góc chết nhỏ hẹp nào cũng thấy rõ.","Vinfast Vinfast 7 có camera 360 nét, góc chết nhỏ hẹp nào cũng thấy rõ.",positive,an toàn,comment,[],easy,curated-v2-g0146,curated-v2,approved
curated-v2-0147,"Toyota Innova Cross có 6 túi khí mọi bản, điểm cộng lớn cho gia đình đông con.","Toyota Innova Cross có 6 túi khí mọi bản, điểm cộng lớn cho gia đình đông con.",positive,an toàn,comment,[],easy,curated-v2-g0147,curated-v2,approved
curated-v2-0148,"Mitsubishi Xforce có phanh tay điện tử + auto hold, kẹt xe dốc cầu Hà Nội nhẹ cả chân.","Mitsubishi Xforce có phanh tay điện tử + auto hold, kẹt xe dốc cầu Hà Nội nhẹ cả chân.",positive,an toàn,comment,[],easy,curated-v2-g0148,curated-v2,approved
curated-v2-0149,"Hyundai Accent không có ổn định thân điện tử bản thấp, đọc thông số xong thấy lo cho người mới chạy.","Hyundai Accent không có ổn định thân điện tử bản thấp, đọc thông số xong thấy lo cho người mới chạy.",negative,an toàn,comment,[],medium,curated-v2-g0149,curated-v2,approved
curated-v2-0150,"Vinfast VF e34 có camera lùi nhưng không vạch dẫn hướng, lùi chỗ chật cứ lo va.","Vinfast Vinfast e34 có camera lùi nhưng không vạch dẫn hướng, lùi chỗ chật cứ lo va.",negative,an toàn,comment,[],easy,curated-v2-g0150,curated-v2,approved
curated-v2-0151,"Toyota Fortuner có 7 túi khí tiêu chuẩn tại Việt Nam, điểm cộng lớn so với vài đối thủ.","Toyota Fortuner có 7 túi khí tiêu chuẩn tại Việt Nam, điểm cộng lớn so với vài đối thủ.",positive,an toàn,comment,[],easy,curated-v2-g0151,curated-v2,approved
curated-v2-0152,"Honda CR-V có cảnh báo buồn ngủ phát hiện mắt nhắm, chạy đêm về quê an tâm hơn.","Honda CR-V có cảnh báo buồn ngủ phát hiện mắt nhắm, chạy đêm về quê an tâm hơn.",positive,an toàn,comment,[],medium,curated-v2-g0152,curated-v2,approved
curated-v2-0153,"Ford Territory bản tiêu chuẩn không có túi khí rèm, đọc spec xong hơi hụt hẫng.","Ford Territory bản tiêu chuẩn không có túi khí rèm, đọc spec xong hơi hụt hẫng.",negative,an toàn,comment,[],medium,curated-v2-g0153,curated-v2,approved
curated-v2-0154,"Mazda CX-8 có phanh tự động khẩn cấp hoạt động chuẩn, thử trong bãi đỗ không xảy ra chuyện gì.","Mazda cũng-8 có phanh tự động khẩn cấp hoạt động chuẩn, thử trong bãi đỗ không xảy ra chuyện gì.",positive,an toàn,comment,[],medium,curated-v2-g0154,curated-v2,approved
curated-v2-0155,"Toyota Vios bản base không có camera lùi, chỉ có cảm biến, quen rồi thì thôi.","Toyota Vios bản base không có camera lùi, chỉ có cảm biến, quen rồi thì thôi.",neutral,an toàn,comment,[],easy,curated-v2-g0155,curated-v2,approved
curated-v2-0156,"Vinfast VF 7 với VF 8 cùng ngôn ngữ thiết kế, đứng xa khó phân biệt ai là ai.","Vinfast Vinfast 7 với Vinfast 8 cùng ngôn ngữ thiết kế, đứng xa khó phân biệt ai là ai.",neutral,thiết kế,comparison,[],medium,curated-v2-g0156,curated-v2,approved
curated-v2-0157,"Vinfast VF 9 to và dày dặn hơn Ford Explorer chút xíu, đứng cạnh mới thấy.","Vinfast Vinfast 9 to và dày dặn hơn Ford Explorer chút xíu, đứng cạnh mới thấy.",neutral,thiết kế,comparison,[],medium,curated-v2-g0157,curated-v2,approved
curated-v2-0158,"Thiết kế Toyota Innova Cross hiện đại hơn Innova đời cũ nhiều, hết cái dáng xe gia đình nhàm chán.","Thiết kế Toyota Innova Cross hiện đại hơn Innova đời cũ nhiều, hết cái dáng xe gia đình nhàm chán.",positive,thiết kế,comparison,[],easy,curated-v2-g0158,curated-v2,approved
curated-v2-0159,"Kia K5 nhìn thể thao hơn Toyota Camry thế hệ này, Camry thì sang trọng kiểu người trung niên.","Kia K5 nhìn thể thao hơn Toyota Camry thế hệ này, Camry thì sang trọng kiểu người trung niên.",neutral,thiết kế,comparison,[],easy,curated-v2-g0159,curated-v2,approved
curated-v2-0160,"Vinfast VF 6 vs Hyundai Tucson về ngoại hình, Tucson nhìn sang hơn một bậc dù cùng tầm tiền.","Vinfast Vinfast 6 vs Hyundai Tucson về ngoại hình, Tucson nhìn sang hơn một bậc dù cùng tầm tiền.",negative,thiết kế,comparison,[],easy,curated-v2-g0160,curated-v2,approved
curated-v2-0161,"Toyota Vios 2026 giữ nguyên kiểu dáng 3 năm liền, nhìn phát chán liền không muốn vào showroom.","Toyota Vios 2026 giữ nguyên kiểu dáng 3 năm liền, nhìn phát chán liền không muốn vào showroom.",negative,thiết kế,comparison,[],easy,curated-v2-g0161,curated-v2,approved
curated-v2-0162,"Mercedes GLC thiết kế tinh hơn BMW X3, từng đường gân là có chủ đích chứ không rườm rà.","Mercedes GLC thiết kế tinh hơn BMW X3, từng đường gân là có chủ đích chứ không rườm rà.",positive,thiết kế,comparison,[],hard,curated-v2-g0162,curated-v2,approved
curated-v2-0163,"Vinfast VF 7 đèn pha nhìn xấu hơn VF 6, không hiểu nhà thiết kế nghĩ gì.","Vinfast Vinfast 7 đèn pha nhìn xấu hơn Vinfast 6, không hiểu nhà thiết kế nghĩ gì.",negative,thiết kế,comparison,[],easy,curated-v2-g0163,curated-v2,approved
curated-v2-0164,"Toyota Innova Cross ADAS đầy đủ hơn Fortuner bản thấp, phân khúc cao mà ít đồ an toàn thì kỳ.","Toyota Innova Cross ADAS đầy đủ hơn Fortuner bản thấp, phân khúc cao mà ít đồ an toàn thì kỳ.",positive,an toàn,comparison,[],medium,curated-v2-g0164,curated-v2,approved
curated-v2-0165,"Hyundai Tucson camera 360 nét hơn Kia Sportage, so trực tiếp hai xe cùng chỗ đỗ là thấy ngay.","Hyundai Tucson camera 360 nét hơn Kia Sportage, so trực tiếp hai xe cùng chỗ đỗ là thấy ngay.",positive,an toàn,comparison,[],medium,curated-v2-g0165,curated-v2,approved
curated-v2-0166,Vinfast VF 8 hệ thống phanh khẩn cấp ăn nhanh hơn Toyota Camry hybrid khi thử cùng tốc độ.,Vinfast Vinfast 8 hệ thống phanh khẩn cấp ăn nhanh hơn Toyota Camry hybrid khi thử cùng tốc độ.,positive,an toàn,comparison,[],hard,curated-v2-g0166,curated-v2,approved
curated-v2-0167,"Toyota Vios chỉ có 2 túi khí bản thấp, trong khi Mitsubishi Attrage đã 7 túi, cân lại đi hãng ơi.","Toyota Vios chỉ có 2 túi khí bản thấp, trong khi Mitsubishi Attrage đã 7 túi, cân lại đi hãng ơi.",negative,an toàn,comparison,[],easy,curated-v2-g0167,curated-v2,approved
curated-v2-0168,Kia Seltos bản cao vs Honda HR-V bản cao: Seltos nhiều công nghệ an toàn hơn hẳn một bậc.,Kia Seltos bản cao vs Honda HR-V bản cao: Seltos nhiều công nghệ an toàn hơn hẳn một bậc.,positive,an toàn,comparison,[],medium,curated-v2-g0168,curated-v2,approved
curated-v2-0169,Vinfast VF 7 màn hình 15 inch ăn đứt màn hình 10 inch của đối thủ Nhật cùng giá.,Vinfast Vinfast 7 màn hình 15 inch ăn đứt màn hình 10 inch của đối thủ Nhật cùng giá.,positive,công nghệ & tiện nghi,comparison,[],easy,curated-v2-g0169,curated-v2,approved
curated-v2-0170,"Toyota Camry không có Apple CarPlay không dây, trong khi Kia K5 có sẵn, rõ ràng là tụt hậu.","Toyota Camry không có Apple CarPlay không dây, trong khi Kia K5 có sẵn, rõ ràng là tụt hậu.",negative,công nghệ & tiện nghi,comparison,[],easy,curated-v2-g0170,curated-v2,approved
curated-v2-0171,"Hyundai SantaFe có 2 màn hình 12.3 inch liền nhau, nhìn sang hơn hẳn Toyota Fortuner bản cùng tiền.","Hyundai SantaFe có 2 màn hình 12.3 inch liền nhau, nhìn sang hơn hẳn Toyota Fortuner bản cùng tiền.",positive,công nghệ & tiện nghi,comparison,[],easy,curated-v2-g0171,curated-v2,approved
curated-v2-0172,"Vinfast VF 9 có ghế massage, Ford Explorer bản thấp không có, tiền chênh 200 triệu nhưng giá trị khác biệt.","Vinfast Vinfast 9 có ghế massage, Ford Explorer bản thấp không có, tiền chênh 200 triệu nhưng giá trị khác biệt.",positive,công nghệ & tiện nghi,comparison,[],medium,curated-v2-g0172,curated-v2,approved
curated-v2-0173,"Màn hình của Mazda3 nhỏ và không cảm ứng rộng, so với Hyundai Elantra thì thua về tiện nghi rõ.","Màn hình của Mazda3 nhỏ và không cảm ứng rộng, so với Hyundai Elantra thì thua về tiện nghi rõ.",negative,công nghệ & tiện nghi,comparison,[],medium,curated-v2-g0173,curated-v2,approved
curated-v2-0174,"Toyota Fortuner có cửa gió hàng 3, Kia Carnival có luôn ghế sưởi hàng 3, đắt hơn mà đáng.","Toyota Fortuner có cửa gió hàng 3, Kia Carnival có luôn ghế sưởi hàng 3, đắt hơn mà đáng.",positive,công nghệ & tiện nghi,comparison,[],hard,curated-v2-g0174,curated-v2,approved
curated-v2-0175,"Vinfast VF 6 có kết nối xe từ xa qua app, mở máy lạnh trước khi lên xe mùa hè là hạnh phúc.","Vinfast Vinfast 6 có kết nối xe từ xa qua app, mở máy lạnh trước khi lên xe mùa hè là hạnh phúc.",positive,công nghệ & tiện nghi,comparison,[],easy,curated-v2-g0175,curated-v2,approved
curated-v2-0176,"Kia Morning không có kiểm soát hành trình bản thấp, còn Hyundai i10 bản cùng tiền thì có.","Kia Morning không có kiểm soát hành trình bản thấp, còn Hyundai i10 bản cùng tiền thì có.",negative,công nghệ & tiện nghi,comparison,[],easy,curated-v2-g0176,curated-v2,approved
curated-v2-0177,Toyota Corolla Altis vs Honda Civic về tiện nghi: Civic nhiều đồ chơi hơn nhưng bảo hành ngắn hơn.,Toyota Corolla Altis vs Honda Civic về tiện nghi: Civic nhiều đồ chơi hơn nhưng bảo hành ngắn hơn.,neutral,công nghệ & tiện nghi,comparison,[],medium,curated-v2-g0177,curated-v2,approved
curated-v2-0178,"Vinfast bảo hành 7 năm, Toyota chỉ 3 năm, ai chạy lâu dài thì con số này nặng ký lắm.","Vinfast bảo hành 7 năm, Toyota chỉ 3 năm, ai chạy lâu dài thì con số này nặng ký lắm.",positive,dịch vụ hậu mãi,comparison,[],easy,curated-v2-g0178,curated-v2,approved
curated-v2-0179,"Đại lý Hyundai đông khách nên đặt lịch bảo dưỡng phải chờ 1 tuần, Toyota thì 2 ngày là có slot.","Đại lý Hyundai đông khách nên đặt lịch bảo dưỡng phải chờ 1 tuần, Toyota thì 2 ngày là có slot.",negative,dịch vụ hậu mãi,comparison,[],easy,curated-v2-g0179,curated-v2,approved
curated-v2-0180,"Kia hỗ trợ cứu hộ miễn phí 10 năm, Ford chỉ 5 năm, chạy đường dài thì chuyện này quan trọng.","Kia hỗ trợ cứu hộ miễn phí 10 năm, Ford chỉ 5 năm, chạy đường dài thì chuyện này quan trọng.",positive,dịch vụ hậu mãi,comparison,[],medium,curated-v2-g0180,curated-v2,approved
curated-v2-0181,"Mitsubishi phụ tùng chờ hàng hơi lâu, thay cánh cửa sau va chạm mất 3 tuần mới có hàng.","Mitsubishi phụ tùng chờ hàng hơi lâu, thay cánh cửa sau va chạm mất 3 tuần mới có hàng.",negative,dịch vụ hậu mãi,comparison,[],medium,curated-v2-g0181,curated-v2,approved
curated-v2-0182,"Vinfast VF 6 bảo dưỡng xe điện gần như không tốn, chỉ kiểm tra phần mềm và lọc gió.","Vinfast Vinfast 6 bảo dưỡng xe điện gần như không tốn, chỉ kiểm tra phần mềm và lọc gió.",positive,dịch vụ hậu mãi,comparison,[],easy,curated-v2-g0182,curated-v2,approved
curated-v2-0183,Toyota Camry giữ giá rồi nhưng chi phí bảo dưỡng mỗi lần cao hơn Kia K3 khoảng 40%.,Toyota Camry giữ giá rồi nhưng chi phí bảo dưỡng mỗi lần cao hơn Kia K3 khoảng 40%.,neutral,dịch vụ hậu mãi,comparison,[],medium,curated-v2-g0183,curated-v2,approved
curated-v2-0184,"Vinfast có trạm sửa chữa lưu động tới nhà, hỏng nhẹ không cần chạy ra đại lý.","Vinfast có trạm sửa chữa lưu động tới nhà, hỏng nhẹ không cần chạy ra đại lý.",positive,dịch vụ hậu mãi,comparison,[],medium,curated-v2-g0184,curated-v2,approved
curated-v2-0185,"Honda hotline giờ ngoài 17h30 là không ai nghe, trong khi Toyota 24/7 luôn có người.","Honda hotline giờ ngoài 17h30 là không ai nghe, trong khi Toyota 24/7 luôn có người.",negative,dịch vụ hậu mãi,comparison,[],easy,curated-v2-g0185,curated-v2,approved
curated-v2-0186,"Mercedes có chương trình gọi xe đưa đón khi bảo dưỡng, phiền phức đưa xe đi lại giảm hẳn.","Mercedes có chương trình gọi xe đưa đón khi bảo dưỡng, phiền phức đưa xe đi lại giảm hẳn.",positive,dịch vụ hậu mãi,comparison,[],medium,curated-v2-g0186,curated-v2,approved
curated-v2-0187,"Mazda đại lý nhỏ tỉnh lẻ thiếu phụ tùng, vành xe chờ 1 tháng mới về, Toyota thì sẵn.","Mazda đại lý nhỏ tỉnh lẻ thiếu phụ tùng, vành xe chờ 1 tháng mới về, Toyota thì sẵn.",negative,dịch vụ hậu mãi,comparison,[],medium,curated-v2-g0187,curated-v2,approved
curated-v2-0188,"Thiết kế xe Vinfast VF 6 đẹp không mọi người, mình thấy đuôi xe hơi cụt?","Thiết kế xe Vinfast Vinfast 6 đẹp không mọi người, mình thấy đuôi xe hơi cụt?",negative,thiết kế,question,[],easy,curated-v2-g0188,curated-v2,approved
curated-v2-0189,"Vinfast VF 8 mâm 20 inch có đẹp ngoài thực tế không, trong ảnh nhìn hơi to?","Vinfast Vinfast 8 mâm 20 inch có đẹp ngoài thực tế không, trong ảnh nhìn hơi to?",negative,thiết kế,question,[],medium,curated-v2-g0189,curated-v2,approved
curated-v2-0190,"Toyota Camry 2026 có bản màu đen nhám không, nhìn trong video rất sang?","Toyota Camry 2026 có bản màu đen nhám không, nhìn trong video rất sang?",positive,thiết kế,question,[],easy,curated-v2-g0190,curated-v2,approved
curated-v2-0191,"Vinfast VF 7 có mấy màu sơn, màu nào bán chạy nhất vậy mọi người?","Vinfast Vinfast 7 có mấy màu sơn, màu nào bán chạy nhất vậy mọi người?",neutral,thiết kế,question,[],easy,curated-v2-g0191,curated-v2,approved
curated-v2-0192,"Kia K5 đèn sau chạy qua có đẹp không, mình thích kiểu đèn liền ngang?","Kia K5 đèn sau chạy qua có đẹp không, mình thích kiểu đèn liền ngang?",positive,thiết kế,question,[],easy,curated-v2-g0192,curated-v2,approved
curated-v2-0193,Toyota Fortuner Legender khác bản thường chỗ nào về ngoại hình vậy anh em?,Toyota Fortuner Legender khác bản thường chỗ nào về ngoại hình vậy anh em?,neutral,thiết kế,question,[],medium,curated-v2-g0193,curated-v2,approved
curated-v2-0194,Vinfast VF 9 có kích thước lớn nhất phân khúc không hay Ford Explorer vẫn hơn?,Vinfast Vinfast 9 có kích thước lớn nhất phân khúc không hay Ford Explorer vẫn hơn?,neutral,thiết kế,question,[],medium,curated-v2-g0194,curated-v2,approved
curated-v2-0195,"Hyundai Palisade Calligraphy có lưới tản nhiệt kiểu mới không, nhìn ảnh nhìn không rõ?","Hyundai Palisade Calligraphy có lưới tản nhiệt kiểu mới không, nhìn ảnh nhìn không rõ?",positive,thiết kế,question,[],medium,curated-v2-g0195,curated-v2,approved
curated-v2-0196,Vinfast VF 5 Plus có gói trang bị ADAS không hay chỉ bản cao mới có?,Vinfast Vinfast 5 Plus có gói trang bị ADAS không hay chỉ bản cao mới có?,neutral,an toàn,question,[],easy,curated-v2-g0196,curated-v2,approved
curated-v2-0197,Toyota Innova Cross bản 2026 có thêm cảnh báo cửa mở khi chạy không vậy mọi người?,Toyota Innova Cross bản 2026 có thêm cảnh báo cửa mở khi chạy không vậy mọi người?,positive,an toàn,question,[],medium,curated-v2-g0197,curated-v2,approved
curated-v2-0198,"Kia Sorento có túi khí giữa hàng ghế trước không, đọc spec thấy thiếu thiếu gì đó?","Kia Sorento có túi khí giữa hàng ghế trước không, đọc spec thấy thiếu thiếu gì đó?",negative,an toàn,question,[],medium,curated-v2-g0198,curated-v2,approved
curated-v2-0199,"Vinfast VF 7 hệ thống giữ làn hoạt động tốt trên đường Hồ Chí Minh không, ai chạy rồi cho ý kiến?","Vinfast Vinfast 7 hệ thống giữ làn hoạt động tốt trên đường Hồ Chí Minh không, ai chạy rồi cho ý kiến?",positive,an toàn,question,[],medium,curated-v2-g0199,curated-v2,approved
curated-v2-0200,Toyota Fortuner có camera hành trình phía trước không hay chỉ camera lùi thôi?,Toyota Fortuner có camera hành trình phía trước không hay chỉ camera lùi thôi?,negative,an toàn,question,[],easy,curated-v2-g0200,curated-v2,approved
curated-v2-0201,"Mitsubishi Pajero Sport có chế độ địa hình gồm mấy chế độ, leo núi đất đỏ có ổn không?","Mitsubishi Pajero Sport có chế độ địa hình gồm mấy chế độ, leo núi đất đỏ có ổn không?",positive,an toàn,question,[],medium,curated-v2-g0201,curated-v2,approved
curated-v2-0202,"Vinfast VF 9 có cánh cửa sập khi mất điện không, mình lo chuyện này khi mua xe điện?","Vinfast Vinfast 9 có cánh cửa sập khi mất điện không, mình lo chuyện này khi mua xe điện?",negative,an toàn,question,[],hard,curated-v2-g0202,curated-v2,approved
curated-v2-0203,"Hyundai SantaFe 2026 có cảm biến áp suất lốp không, bản thấp có luôn không mọi người?","Hyundai SantaFe 2026 có cảm biến áp suất lốp không, bản thấp có luôn không mọi người?",neutral,an toàn,question,[],easy,curated-v2-g0203,curated-v2,approved
curated-v2-0204,"Vinfast VF 8 có chức năng tự đỗ xe không, dùng thực tế có chính xác không vậy?","Vinfast Vinfast 8 có chức năng tự đỗ xe không, dùng thực tế có chính xác không vậy?",positive,công nghệ & tiện nghi,question,[],medium,curated-v2-g0204,curated-v2,approved
curated-v2-0205,Toyota Camry 2026 có sạc điện thoại không dây bản thấp không hay chỉ bản cao?,Toyota Camry 2026 có sạc điện thoại không dây bản thấp không hay chỉ bản cao?,neutral,công nghệ & tiện nghi,question,[],easy,curated-v2-g0205,curated-v2,approved
curated-v2-0206,"Kia Carnival có ghế captain seat chỉnh điện không, hạng 2 chỉnh được mấy hướng vậy?","Kia Carnival có ghế captain seat chỉnh điện không, hạng 2 chỉnh được mấy hướng vậy?",positive,công nghệ & tiện nghi,question,[],medium,curated-v2-g0206,curated-v2,approved
curated-v2-0207,"Vinfast VF 7 có kết nối CarPlay không dây chưa, bản cập nhật mới có chưa mọi người?","Vinfast Vinfast 7 có kết nối CarPlay không dây chưa, bản cập nhật mới có chưa mọi người?",negative,công nghệ & tiện nghi,question,[],easy,curated-v2-g0207,curated-v2,approved
curated-v2-0208,"Mercedes GLC có màn hình kỹ thuật số kính mắt không, nhìn thực tế có nét không?","Mercedes GLC có màn hình kỹ thuật số kính mắt không, nhìn thực tế có nét không?",positive,công nghệ & tiện nghi,question,[],medium,curated-v2-g0208,curated-v2,approved
curated-v2-0209,Toyota Fortuner bản thấp có điều hòa hàng 2 không hay chỉ điều hòa đơn vùng?,Toyota Fortuner bản thấp có điều hòa hàng 2 không hay chỉ điều hòa đơn vùng?,negative,công nghệ & tiện nghi,question,[],easy,curated-v2-g0209,curated-v2,approved
curated-v2-0210,"Vinfast VF 9 có mấy loa, âm thanh Meridian có xứng tiền không mọi người?","Vinfast Vinfast 9 có mấy loa, âm thanh Meridian có xứng tiền không mọi người?",positive,công nghệ & tiện nghi,question,[],medium,curated-v2-g0210,curated-v2,approved
curated-v2-0211,Hyundai Accent có khóa proximity không hay vẫn phải rút chìa khóa ra mở?,Hyundai Accent có khóa proximity không hay vẫn phải rút chìa khóa ra mở?,negative,công nghệ & tiện nghi,question,[],easy,curated-v2-g0211,curated-v2,approved
curated-v2-0212,"Kia K5 có sưởi ghế hàng trước không, mùa đông Hà Nội cần lắm đó mọi người?","Kia K5 có sưởi ghế hàng trước không, mùa đông Hà Nội cần lắm đó mọi người?",neutral,công nghệ & tiện nghi,question,[],easy,curated-v2-g0212,curated-v2,approved
curated-v2-0213,"Vinfast VF 6 có app theo dõi xe từ xa không, báo vị trí xe đâu ra đó không mọi người?","Vinfast Vinfast 6 có app theo dõi xe từ xa không, báo vị trí xe đâu ra đó không mọi người?",positive,dịch vụ hậu mãi,question,[],medium,curated-v2-g0213,curated-v2,approved
curated-v2-0214,"Vinfast có mấy trung tâm bảo dưỡng ở Hà Nội, có đông khách không vậy mọi người?","Vinfast có mấy trung tâm bảo dưỡng ở Hà Nội, có đông khách không vậy mọi người?",neutral,dịch vụ hậu mãi,question,[],easy,curated-v2-g0214,curated-v2,approved
curated-v2-0215,Toyota Corolla Cross bảo dưỡng mỗi 10.000 km hay 5.000 km vậy mọi người?,Toyota Corolla Cross bảo dưỡng mỗi 10.000 km hay 5.000 km vậy mọi người?,neutral,dịch vụ hậu mãi,question,[],easy,curated-v2-g0215,curated-v2,approved
curated-v2-0216,Kia Seltos đặt lịch bảo dưỡng online được không hay phải gọi điện tới đại lý?,Kia Seltos đặt lịch bảo dưỡng online được không hay phải gọi điện tới đại lý?,positive,dịch vụ hậu mãi,question,[],easy,curated-v2-g0216,curated-v2,approved
curated-v2-0217,"Honda City sửa chữa dột nước sàn có được bảo hành không, xe hết bảo hành chưa vậy?","Honda City sửa chữa dột nước sàn có được bảo hành không, xe hết bảo hành chưa vậy?",negative,dịch vụ hậu mãi,question,[],medium,curated-v2-g0217,curated-v2,approved
curated-v2-0218,Vinfast VF 8 thay pin sau 8 năm có tốn tiền không hay miễn phí hoàn toàn?,Vinfast Vinfast 8 thay pin sau 8 năm có tốn tiền không hay miễn phí hoàn toàn?,positive,dịch vụ hậu mãi,question,[],medium,curated-v2-g0218,curated-v2,approved
curated-v2-0219,"Toyota Vios đổi nhớt 1 lần hết bao nhiêu, có gói bảo dưỡng trọn gói không mọi người?","Toyota Vios đổi nhớt 1 lần hết bao nhiêu, có gói bảo dưỡng trọn gói không mọi người?",neutral,dịch vụ hậu mãi,question,[],easy,curated-v2-g0219,curated-v2,approved
curated-v2-0220,"Mazda CX-5 đại lý nào ở HCM care khách tốt nhất vậy, xin kinh nghiệm với?","Mazda cũng-5 đại lý nào ở HCM care khách tốt nhất vậy, xin kinh nghiệm với?",positive,dịch vụ hậu mãi,question,[],medium,curated-v2-g0220,curated-v2,approved
curated-v2-0221,"Ford Ranger gọi cứu hộ trên cao tốc có mất phí không, giờ hành chính gọi có nhanh không?","Ford Ranger gọi cứu hộ trên cao tốc có mất phí không, giờ hành chính gọi có nhanh không?",negative,dịch vụ hậu mãi,question,[],medium,curated-v2-g0221,curated-v2,approved
curated-v2-0222,"Mercedes có gói bảo dưỡng định kỳ trọn gói 5 năm không, mua có lời không mọi người?","Mercedes có gói bảo dưỡng định kỳ trọn gói 5 năm không, mua có lời không mọi người?",neutral,dịch vụ hậu mãi,question,[],medium,curated-v2-g0222,curated-v2,approved
curated-v2-0223,Thiết kế đẹp.,Thiết kế đẹp.,positive,thiết kế,short,[],easy,curated-v2-g0223,curated-v2,approved
curated-v2-0224,"Đuôi xe cụt, nhìn thiếu cân đối.","Đuôi xe cụt, nhìn thiếu cân đối.",negative,thiết kế,short,[],easy,curated-v2-g0224,curated-v2,approved
curated-v2-0225,"Mâm đẹp, màu sơn đều.","Mâm đẹp, màu sơn đều.",positive,thiết kế,short,[],easy,curated-v2-g0225,curated-v2,approved
curated-v2-0226,"Cản trước thô, đèn pha tối.","Cản trước thô, đèn pha tối.",negative,thiết kế,short,[],easy,curated-v2-g0226,curated-v2,approved
curated-v2-0227,"Ngoại hình ổn, không nổi bật.","Ngoại hình ổn, không nổi bật.",neutral,thiết kế,short,[],easy,curated-v2-g0227,curated-v2,approved
curated-v2-0228,"7 túi khí, phanh ABS.","7 túi khí, phanh ABS.",positive,an toàn,short,[],easy,curated-v2-g0228,curated-v2,approved
curated-v2-0229,"Camera lùi mờ, khó nhìn.","Camera lùi mờ, khó nhìn.",negative,an toàn,short,[],easy,curated-v2-g0229,curated-v2,approved
curated-v2-0230,Cảnh báo điểm mù chính xác.,Cảnh báo điểm mù chính xác.,positive,an toàn,short,[],easy,curated-v2-g0230,curated-v2,approved
curated-v2-0231,Không có ổn định thân.,Không có ổn định thân.,negative,an toàn,short,[],easy,curated-v2-g0231,curated-v2,approved
curated-v2-0232,"An toàn cơ bản, đủ chuẩn.","An toàn cơ bản, đủ chuẩn.",neutral,an toàn,short,[],easy,curated-v2-g0232,curated-v2,approved
curated-v2-0233,"Màn hình to, nét.","Màn hình to, nét.",positive,công nghệ & tiện nghi,short,[],easy,curated-v2-g0233,curated-v2,approved
curated-v2-0234,"App hay lỗi, kết nối chậm.","App hay lỗi, kết nối chậm.",negative,công nghệ & tiện nghi,short,[],easy,curated-v2-g0234,curated-v2,approved
curated-v2-0235,CarPlay nối liền mạch.,CarPlay nối liền mạch.,positive,công nghệ & tiện nghi,short,[],easy,curated-v2-g0235,curated-v2,approved
curated-v2-0236,"Loa thường, âm thanh tạm.","Loa thường, âm thanh tạm.",neutral,công nghệ & tiện nghi,short,[],easy,curated-v2-g0236,curated-v2,approved
curated-v2-0237,"Bảo dưỡng rẻ, nhân viên nhiệt tình.","Bảo dưỡng rẻ, nhân viên nhiệt tình.",positive,dịch vụ hậu mãi,short,[],easy,curated-v2-g0237,curated-v2,approved
curated-v2-0238,Chờ phụ tùng 3 tuần.,Chờ phụ tùng 3 tuần.,negative,dịch vụ hậu mãi,short,[],easy,curated-v2-g0238,curated-v2,approved
curated-v2-0239,Hotline không ai nghe.,Hotline không ai nghe.,negative,dịch vụ hậu mãi,short,[],easy,curated-v2-g0239,curated-v2,approved
curated-v2-0240,"Đặt lịch online, có xe đưa đón.","Đặt lịch online, có xe đưa đón.",positive,dịch vụ hậu mãi,short,[],easy,curated-v2-g0240,curated-v2,approved
curated-v2-0241,"Bảo hành tiêu chuẩn, không thêm gì.","Bảo hành tiêu chuẩn, không thêm gì.",neutral,dịch vụ hậu mãi,short,[],easy,curated-v2-g0241,curated-v2,approved
curated-v2-0242,"Thiết kế Vinfast VF 6 nhìn quáaa đẹp ngoài đời, ảnh chụp không nổi bằng.","Thiết kế Vinfast Vinfast 6 nhìn quá đẹp ngoài đời, ảnh chụp không nổi bằng.",positive,thiết kế,short,"[""elongation""]",medium,curated-v2-g0242,curated-v2,approved
curated-v2-0243,"Toyota Yaris Cross an toàn cơ bản dc, thêm camera 360 thì tốt hơn.","Toyota Yaris Cross an toàn cơ bản được, thêm camera 360 thì tốt hơn.",neutral,an toàn,short,"[""teencode""]",medium,curated-v2-g0243,curated-v2,approved
curated-v2-0244,"Kia K5 đèn hậu đẹp quáaa, ban đêm nhìn từ xa là thấy liền.","Kia K5 đèn hậu đẹp quá, ban đêm nhìn từ xa là thấy liền.",positive,thiết kế,short,"[""elongation""]",easy,curated-v2-g0244,curated-v2,approved
curated-v2-0245,"Vinfast VF 5 Plus ko có túi khí rèm, hơi tiếc chỗ này.","Vinfast Vinfast 5 Plus không có túi khí rèm, hơi tiếc chỗ này.",negative,an toàn,short,"[""teencode""]",easy,curated-v2-g0245,curated-v2,approved
curated-v2-0246,"Toyota Camry có sạc điện thoại cx tiện, để điện thoại xuống là chạy.","Toyota Camry có sạc điện thoại cũng tiện, để điện thoại xuống là chạy.",positive,công nghệ & tiện nghi,short,"[""teencode""]",medium,curated-v2-g0246,curated-v2,approved
curated-v2-0247,"Hyundai Accent bản base màn hình nhỏ quá, nhìn chưa hiện đại 😐","Hyundai Accent bản base màn hình nhỏ quá, nhìn chưa hiện đại 😐",neutral,công nghệ & tiện nghi,short,"[""emoji""]",easy,curated-v2-g0247,curated-v2,approved
curated-v2-0248,"Vinfast VF 9 camera 360 nét, đáng tiền đấy.","Vinfast Vinfast 9 camera 360 nét, đáng tiền đấy.",positive,an toàn,short,[],easy,curated-v2-g0248,curated-v2,approved
curated-v2-0249,Thiết kế Mazda3 kiểu nữa là lỗi thời rồi.,Thiết kế Mazda3 kiểu nữa là lỗi thời rồi.,negative,thiết kế,short,[],medium,curated-v2-g0249,curated-v2,approved
curated-v2-0250,"Màn hình Ford Everest đơ liên tục, cập nhật hoài không hết lỗi 😡","Màn hình Ford Everest đơ liên tục, cập nhật hoài không hết lỗi 😡",negative,công nghệ & tiện nghi,short,"[""emoji""]",medium,curated-v2-g0250,curated-v2,approved
curated-v2-0251,"Bảo dưỡng Toyota hết 800k, hợp lý.","Bảo dưỡng Toyota hết 800k, hợp lý.",neutral,dịch vụ hậu mãi,short,[],easy,curated-v2-g0251,curated-v2,approved
curated-v2-0252,"Đại lý Vinfast hổ trợ lịch hẹn nhanh, có xe đưa đón.","Đại lý Vinfast hổ trợ lịch hẹn nhanh, có xe đưa đón.",positive,dịch vụ hậu mãi,short,"[""missing_diacritics""]",medium,curated-v2-g0252,curated-v2,approved
curated-v2-0253,"Vinfast VF 7 ngoại hình này chắc 5 năm nữa nhìn vẫn ok, thời thượng mà không quá mốt.","Vinfast Vinfast 7 ngoại hình này chắc 5 năm nữa nhìn vẫn ok, thời thượng mà không quá mốt.",positive,thiết kế,conversational,[],easy,curated-v2-g0253,curated-v2,approved
curated-v2-0254,"Toyota Fortuner Legender mặt ca-lăng to nhìn hơi lố, nhưng khách doanh nhân thích.","Toyota Fortuner Legender mặt ca-lăng to nhìn hơi lố, nhưng khách doanh nhân thích.",neutral,thiết kế,conversational,[],medium,curated-v2-g0254,curated-v2,approved
curated-v2-0255,"Vinfast VF 6 đuôi xe nhìn từ xa cứ tưởng xe sang loại lớn, thiết kế đắt giá thật.","Vinfast Vinfast 6 đuôi xe nhìn từ xa cứ tưởng xe sang loại lớn, thiết kế đắt giá thật.",positive,thiết kế,conversational,[],easy,curated-v2-g0255,curated-v2,approved
curated-v2-0256,"Kia Seltos mâm 17 inch xấu quá, đổi mâm khác tốn thêm 8 triệu nữa 😡","Kia Seltos mâm 17 inch xấu quá, đổi mâm khác tốn thêm 8 triệu nữa 😡",negative,thiết kế,conversational,"[""emoji""]",medium,curated-v2-g0256,curated-v2,approved
curated-v2-0257,"Toyota Innova Cross nhìn ngoài giống xe khách 9 chỗ, đúng chất gia đình Việt luôn.","Toyota Innova Cross nhìn ngoài giống xe khách 9 chỗ, đúng chất gia đình Việt luôn.",neutral,thiết kế,conversational,[],medium,curated-v2-g0257,curated-v2,approved
curated-v2-0258,"Vinfast VF 9 to như con tàu, đỗ bãi xe chung cư tôi là mê cung mới mở được.","Vinfast Vinfast 9 to như con tàu, đỗ bãi xe chung cư tôi là mê cung mới mở được.",neutral,thiết kế,conversational,[],medium,curated-v2-g0258,curated-v2,approved
curated-v2-0259,"Mercedes GLB thiết kế vuông vức kiểu hộp, ai thích dáng tròn trĩnh sẽ không hợp.","Mercedes GLB thiết kế vuông vức kiểu hộp, ai thích dáng tròn trĩnh sẽ không hợp.",negative,thiết kế,conversational,[],medium,curated-v2-g0259,curated-v2,approved
curated-v2-0260,"Toyota Camry đèn hậu đêm qua nhìn phát mê luôn, kiểu led chạy dọc sang phết.","Toyota Camry đèn hậu đêm qua nhìn phát mê luôn, kiểu led chạy dọc sang phết.",positive,thiết kế,conversational,[],easy,curated-v2-g0260,curated-v2,approved
curated-v2-0261,"Vinfast VF 5 Plus chạy app đặt xe mở khóa tự động, hành khách lên xe không cần chìa khóa.","Vinfast Vinfast 5 Plus chạy app đặt xe mở khóa tự động, hành khách lên xe không cần chìa khóa.",positive,công nghệ & tiện nghi,conversational,[],medium,curated-v2-g0261,curated-v2,approved
curated-v2-0262,"Toyota Vios màn hình có CarPlay nhưng dây cắm hay lỏng, thi thoảng ngắt giữa chừng khó chịu.","Toyota Vios màn hình có CarPlay nhưng dây cắm hay lỏng, thi thoảng ngắt giữa chừng khó chịu.",negative,công nghệ & tiện nghi,conversational,[],easy,curated-v2-g0262,curated-v2,approved
curated-v2-0263,"Vinfast VF 8 có đầu tư loa 14 cái nghe hay, nhạc bass dày mà không chát tai.","Vinfast Vinfast 8 có đầu tư loa 14 cái nghe hay, nhạc bass dày mà không chát tai.",positive,công nghệ & tiện nghi,conversational,[],medium,curated-v2-g0263,curated-v2,approved
curated-v2-0264,"Kia Morning không có điều hòa tự động, chỉnh tay mỗi sáng trời rét là phiền lắm rồi.","Kia Morning không có điều hòa tự động, chỉnh tay mỗi sáng trời rét là phiền lắm rồi.",negative,công nghệ & tiện nghi,conversational,[],easy,curated-v2-g0264,curated-v2,approved
curated-v2-0265,"Hyundai Crena có Apple CarPlay không dây chạy mượt, nghe nhạc offline online đều ổn.","Hyundai Crena có Apple CarPlay không dây chạy mượt, nghe nhạc offline online đều ổn.",neutral,công nghệ & tiện nghi,conversational,[],easy,curated-v2-g0265,curated-v2,approved
curated-v2-0266,"Toyota Fortuner có ghế lái chỉnh điện nhớ 2 vị trí, đổi người chạy là 1 nút xong.","Toyota Fortuner có ghế lái chỉnh điện nhớ 2 vị trí, đổi người chạy là 1 nút xong.",positive,công nghệ & tiện nghi,conversational,[],medium,curated-v2-g0266,curated-v2,approved
curated-v2-0267,"Vinfast VF 7 có app mở khóa và khởi động từ xa, mùa đông sưởi xe trước khi lên như khách sạn.","Vinfast Vinfast 7 có app mở khóa và khởi động từ xa, mùa đông sưởi xe trước khi lên như khách sạn.",positive,công nghệ & tiện nghi,conversational,[],medium,curated-v2-g0267,curated-v2,approved
curated-v2-0268,"Toyota Yaris Cross camera lùi nét thấp, trời tối nhìn màn hình cứ mờ mờ lo lo.","Toyota Yaris Cross camera lùi nét thấp, trời tối nhìn màn hình cứ mờ mờ lo lo.",negative,công nghệ & tiện nghi,conversational,[],easy,curated-v2-g0268,curated-v2,approved
curated-v2-0269,"Vinfast VF 6 sưởi ghế mùa đông Bắc Bộ là chân lý, không tưởng tượng nổi sống thiếu nó.","Vinfast Vinfast 6 sưởi ghế mùa đông Bắc Bộ là chân lý, không tưởng tượng nổi sống thiếu nó.",positive,công nghệ & tiện nghi,conversational,[],easy,curated-v2-g0269,curated-v2,approved
curated-v2-0270,"Mitsubishi Attrage có cruise control đơn giản, giữ tốc là chính, đỡ mỏi chân đường dài.","Mitsubishi Attrage có cruise control đơn giản, giữ tốc là chính, đỡ mỏi chân đường dài.",neutral,công nghệ & tiện nghi,conversational,[],easy,curated-v2-g0270,curated-v2,approved
curated-v2-0271,"Bảo dưỡng Toyota Vios mỗi 5.000 km, chủ xe gọi hotline được nhắc lịch không cần nhớ.","Bảo dưỡng Toyota Vios mỗi 5.000 km, chủ xe gọi hotline được nhắc lịch không cần nhớ.",positive,dịch vụ hậu mãi,conversational,[],easy,curated-v2-g0271,curated-v2,approved
curated-v2-0272,"Vinfast VF 7 đại lý giờ mở khắp tỉnh, đi tỉnh nào cũng có chỗ sửa pin để ý.","Vinfast Vinfast 7 đại lý giờ mở khắp tỉnh, đi tỉnh nào cũng có chỗ sửa pin để ý.",positive,dịch vụ hậu mãi,conversational,[],medium,curated-v2-g0272,curated-v2,approved
curated-v2-0273,"Kia Seltos báo giá thay lốp gồm cả công cân chỉnh, không phát sinh thêm đồng nào.","Kia Seltos báo giá thay lốp gồm cả công cân chỉnh, không phát sinh thêm đồng nào.",positive,dịch vụ hậu mãi,conversational,[],easy,curated-v2-g0273,curated-v2,approved
curated-v2-0274,"Toyota Fortuner đặt lịch bảo dưỡng phải chờ 5 ngày, đông khách quá thì phải nói trước.","Toyota Fortuner đặt lịch bảo dưỡng phải chờ 5 ngày, đông khách quá thì phải nói trước.",neutral,dịch vụ hậu mãi,conversational,[],medium,curated-v2-g0274,curated-v2,approved
curated-v2-0275,"Hyundai Tucson sửa máy lạnh mất 2 tuần, mùa hè oi ả mà xe nằm đại lý là cực hình.","Hyundai Tucson sửa máy lạnh mất 2 tuần, mùa hè oi ả mà xe nằm đại lý là cực hình.",negative,dịch vụ hậu mãi,conversational,[],easy,curated-v2-g0275,curated-v2,approved
curated-v2-0276,"Vinfast VF 6 bảo dưỡng định kỳ báo qua app, xe vào giờ hẹn chính xác tới phút.","Vinfast Vinfast 6 bảo dưỡng định kỳ báo qua app, xe vào giờ hẹn chính xác tới phút.",positive,dịch vụ hậu mãi,conversational,[],easy,curated-v2-g0276,curated-v2,approved
curated-v2-0277,"Ford Territory chính sách bảo hành đọc kỹ lại thấy nhiều điều khoản trừ, hơi bức xúc.","Ford Territory chính sách bảo hành đọc kỹ lại thấy nhiều điều khoản trừ, hơi bức xúc.",negative,dịch vụ hậu mãi,conversational,[],medium,curated-v2-g0277,curated-v2,approved
curated-v2-0278,"Mazda CX-5 nhân viên kỹ thuật giải thích từng hạng mục thay thế, trong veo hết mức.","Mazda cũng-5 nhân viên kỹ thuật giải thích từng hạng mục thay thế, trong veo hết mức.",positive,dịch vụ hậu mãi,conversational,[],easy,curated-v2-g0278,curated-v2,approved
curated-v2-0279,"Toyota Innova Cross đổi nhớt thêm gói bảo dưỡng trọn gói 5 năm, tính ra tiết kiệm 20%.","Toyota Innova Cross đổi nhớt thêm gói bảo dưỡng trọn gói 5 năm, tính ra tiết kiệm 20%.",positive,dịch vụ hậu mãi,conversational,[],medium,curated-v2-g0279,curated-v2,approved
curated-v2-0280,"Honda CR-V đại lý gọi nhắc bảo dưỡng 3 lần trong tuần, phiền thật sự không cần thiết.","Honda CR-V đại lý gọi nhắc bảo dưỡng 3 lần trong tuần, phiền thật sự không cần thiết.",negative,dịch vụ hậu mãi,conversational,[],easy,curated-v2-g0280,curated-v2,approved
curated-v2-0281,"Vinfast VF 8 bảo hành 10 năm pin, chạy taxi cũng đỡ lo chuyện pin xuống cấp.","Vinfast Vinfast 8 bảo hành 10 năm pin, chạy taxi cũng đỡ lo chuyện pin xuống cấp.",positive,dịch vụ hậu mãi,conversational,[],easy,curated-v2-g0281,curated-v2,approved
curated-v2-0282,"Giá xe Hyundai Accent giảm gần 40 triệu so với đầu năm, mua lúc này là hợp lý nhất.","Giá xe Hyundai Accent giảm gần 40 triệu so với đầu năm, mua lúc này là hợp lý nhất.",positive,giá cả,review,[],easy,curated-v2-g0282,curated-v2,approved
curated-v2-0283,"Lăn bánh 3 năm bán lại Toyota Yaris Cross, tôi mất chưa tới 15%, giữ tiền thật sự tốt.","Lăn bánh 3 năm bán lại Toyota Yaris Cross, tôi mất chưa tới 15%, giữ tiền thật sự tốt.",positive,giá cả,review,[],medium,curated-v2-g0283,curated-v2,approved
curated-v2-0284,"Vinfast VF 6 bản cao đầu đủ tiện nghi mà rẻ hơn đối thủ Nhật chừng 120 triệu, đáng tiền thật.","Vinfast Vinfast 6 bản cao đầu đủ tiện nghi mà rẻ hơn đối thủ Nhật chừng 120 triệu, đáng tiền thật.",positive,giá cả,review,[],medium,curated-v2-g0284,curated-v2,approved
curated-v2-0285,"Chi phí owning của xe điện Vinfast thấp hơn xe xăng rõ rệt, sạc ở nhà chỉ tốn vài trăm nghìn tháng.","Chi phí owning của xe điện Vinfast thấp hơn xe xăng rõ rệt, sạc ở nhà chỉ tốn vài trăm nghìn tháng.",positive,giá cả,review,[],medium,curated-v2-g0285,curated-v2,approved
curated-v2-0286,"Kia K3 lăn bánh dưới 700 triệu bản tầm trung, so với Mazda3 thì mềm hơn một chút.","Kia K3 lăn bánh dưới 700 triệu bản tầm trung, so với Mazda3 thì mềm hơn một chút.",positive,giá cả,comparison,[],easy,curated-v2-g0286,curated-v2,approved
curated-v2-0287,"Toyota Fortuner bán lại được giá, năm thứ 5 vẫn lấy về gần 70% giá mua, quá hời.","Toyota Fortuner bán lại được giá, năm thứ 5 vẫn lấy về gần 70% giá mua, quá hời.",positive,giá cả,comparison,[],medium,curated-v2-g0287,curated-v2,approved
curated-v2-0288,"Mercedes GLC đắt hơn BMW X3 khoảng 80 triệu cùng bản, nhưng lại được nhiều đồ chơi hơn.","Mercedes GLC đắt hơn BMW X3 khoảng 80 triệu cùng bản, nhưng lại được nhiều đồ chơi hơn.",positive,giá cả,comparison,[],medium,curated-v2-g0288,curated-v2,approved
curated-v2-0289,"Hyundai Stargazer giá đang thấp nhất phân khúc MPV 7 chỗ, hợp gia đình đông người ít tiền.","Hyundai Stargazer giá đang thấp nhất phân khúc MPV 7 chỗ, hợp gia đình đông người ít tiền.",positive,giá cả,comment,[],easy,curated-v2-g0289,curated-v2,approved
curated-v2-0290,"Mua Toyota Vios bảnbase giờ lăn bánh chưa tới 500 triệu, rẻ chưa thấy trước đây.","Mua Toyota Vios bảnbase giờ lăn bánh chưa tới 500 triệu, rẻ chưa thấy trước đây.",positive,giá cả,comment,"[""brand_alias""]",easy,curated-v2-g0290,curated-v2,approved
curated-v2-0291,"Vinfast VF 5 Plus giờ cx dễ mua hơn trước, đại lý giảm thêm 20 triệu kèm phụ kiện.","Vinfast Vinfast 5 Plus giờ cũng dễ mua hơn trước, đại lý giảm thêm 20 triệu kèm phụ kiện.",positive,giá cả,comment,"[""teencode""]",medium,curated-v2-g0291,curated-v2,approved
curated-v2-0292,"Ford Ranger Wildtrak đắt nhưng dựng lại bán vẫn cháy hàng, giá trị giữ tốt thật sự.","Ford Ranger Wildtrak đắt nhưng dựng lại bán vẫn cháy hàng, giá trị giữ tốt thật sự.",positive,giá cả,conversational,[],medium,curated-v2-g0292,curated-v2,approved
curated-v2-0293,"Toy ta Corolla Cross giữ giá ghê lắm, tôi bán xe 4 năm tuổi chỉ lỗ nhẹ so với xe mới.","Toyota ta Corolla Cross giữ giá ghê lắm, tôi bán xe 4 năm tuổi chỉ lỗ nhẹ so với xe mới.",positive,giá cả,conversational,"[""brand_alias""]",medium,curated-v2-g0293,curated-v2,approved
curated-v2-0294,"Mazda CX-5 đang có gói trả góp lãi suất 0%, mua lúc này nhẹ ví hẳn anh em ạ.","Mazda cũng-5 đang có gói trả góp lãi suất 0%, mua lúc này nhẹ ví hẳn anh em ạ.",positive,giá cả,conversational,[],easy,curated-v2-g0294,curated-v2,approved
curated-v2-0295,"Xe Vinfast xe miễn phí sạc 1 năm, tính ra tiết kiệm thêm chục triệu nữa đó.","Xe Vinfast xe miễn phí sạc 1 năm, tính ra tiết kiệm thêm chục triệu nữa đó.",positive,giá cả,comment,[],easy,curated-v2-g0295,curated-v2,approved
curated-v2-0296,"Đặt cọc Toyota Innova Cross chờ 2 tháng mới có xe, hãng chẳng giảm giá lấy một đồng.","Đặt cọc Toyota Innova Cross chờ 2 tháng mới có xe, hãng chẳng giảm giá lấy một đồng.",negative,giá cả,review,[],medium,curated-v2-g0296,curated-v2,approved
curated-v2-0297,"Vinfast VF 8 giá bản cao ngang xe sang Đức nhập, trong khi chất lượng hoàn thiện chưa tương xứng.","Vinfast Vinfast 8 giá bản cao ngang xe sang Đức nhập, trong khi chất lượng hoàn thiện chưa tương xứng.",negative,giá cả,review,[],medium,curated-v2-g0297,curated-v2,approved
curated-v2-0298,"Đại lý Hyundai trả giá trade-in xe cũ thấp hơn thị trường 30 triệu, nói giảm giá thật ra trừ vào đó.","Đại lý Hyundai trả giá trade-in xe cũ thấp hơn thị trường 30 triệu, nói giảm giá thật ra trừ vào đó.",negative,giá cả,review,[],hard,curated-v2-g0298,curated-v2,approved
curated-v2-0299,"Honda City bản cao giờ lăn bánh gần 620 triệu, tiền đó mua xe Nhật khác lớn hơn được rồi.","Honda City bản cao giờ lăn bánh gần 620 triệu, tiền đó mua xe Nhật khác lớn hơn được rồi.",negative,giá cả,review,[],easy,curated-v2-g0299,curated-v2,approved
curated-v2-0300,"Ford Territory mới ra mắt giá cao rồi 6 tháng sau giảm mạnh, người mua sớm thiệt thòi.","Ford Territory mới ra mắt giá cao rồi 6 tháng sau giảm mạnh, người mua sớm thiệt thòi.",negative,giá cả,review,[],medium,curated-v2-g0300,curated-v2,approved
curated-v2-0301,"Mercedes A200 đắt hơn BMW 218i tới 100 triệu mà trang bị chẳng hơn gì, tính lại thấy không đáng.","Mercedes A200 đắt hơn BMW 218i tới 100 triệu mà trang bị chẳng hơn gì, tính lại thấy không đáng.",negative,giá cả,comparison,[],medium,curated-v2-g0301,curated-v2,approved
curated-v2-0302,"Vinfast VF 7 giá chênh VF 6 tới 150 triệu nhưng khác biệt chủ yếu là size, hơi phí.","Vinfast Vinfast 7 giá chênh Vinfast 6 tới 150 triệu nhưng khác biệt chủ yếu là size, hơi phí.",negative,giá cả,comparison,[],medium,curated-v2-g0302,curated-v2,approved
curated-v2-0303,Kia Seltos bản cao gần 800 triệu trong khi Toyota Corolla Cross bản thấp rẻ hơn mà giữ giá hơn.,Kia Seltos bản cao gần 800 triệu trong khi Toyota Corolla Cross bản thấp rẻ hơn mà giữ giá hơn.,negative,giá cả,comparison,[],easy,curated-v2-g0303,curated-v2,approved
curated-v2-0304,"Toyota Camry hybrid giá cao hơn bản xăng 130 triệu, bao nhiêu năm tiết kiệm xăng mới hòa vốn được.","Toyota Camry hybrid giá cao hơn bản xăng 130 triệu, bao nhiêu năm tiết kiệm xăng mới hòa vốn được.",negative,giá cả,comparison,[],hard,curated-v2-g0304,curated-v2,approved
curated-v2-0305,"Mitsubishi Xforce ra giá hơi chát so với kỳ vọng, cùng tiền mua Xpander Cross còn dư.","Mitsubishi Xforce ra giá hơi chát so với kỳ vọng, cùng tiền mua Xpander Cross còn dư.",negative,giá cả,comment,[],easy,curated-v2-g0305,curated-v2,approved
curated-v2-0306,"Honda HR-V giá không giảm trong khi đối thủ giảm hết, hãng Nhật kỳ cục thật.","Honda HR-V giá không giảm trong khi đối thủ giảm hết, hãng Nhật kỳ cục thật.",negative,giá cả,comment,[],medium,curated-v2-g0306,curated-v2,approved
curated-v2-0307,"Vinfast VF 9 giá giờ cx đã mềm hơn trước nhưng vẫn trên 1.5 tỷ, người mua cần cân nhắc.","Vinfast Vinfast 9 giá giờ cũng đã mềm hơn trước nhưng vẫn trên 1.5 tỷ, người mua cần cân nhắc.",negative,giá cả,conversational,"[""teencode""]",medium,curated-v2-g0307,curated-v2,approved
curated-v2-0308,"Giá xe giờ down liên tục, mua sớm là lỗ ngay anh em tính kỹ nhé.","Giá xe giờ down liên tục, mua sớm là lỗ ngay anh em tính kỹ nhé.",negative,giá cả,conversational,[],easy,curated-v2-g0308,curated-v2,approved
curated-v2-0309,"Vinfast VF 6 đang bán giá niêm yết 750 triệu cho bản Plus, không kèm khuyến mãi.","Vinfast Vinfast 6 đang bán giá niêm yết 750 triệu cho bản Plus, không kèm khuyến mãi.",neutral,giá cả,review,[],easy,curated-v2-g0309,curated-v2,approved
curated-v2-0310,"Toyota Fortuner máy dầu bản cao niêm yết 1.335 triệu, tặng kèm phụ kiện cơ bản.","Toyota Fortuner máy dầu bản cao niêm yết 1.335 triệu, tặng kèm phụ kiện cơ bản.",neutral,giá cả,review,[],easy,curated-v2-g0310,curated-v2,approved
curated-v2-0311,"Chi phí sử dụng xe điện Vinfast gồm sạc và bảo dưỡng định kỳ, mỗi tháng khoảng 1 triệu.","Chi phí sử dụng xe điện Vinfast gồm sạc và bảo dưỡng định kỳ, mỗi tháng khoảng 1 triệu.",neutral,giá cả,review,[],medium,curated-v2-g0311,curated-v2,approved
curated-v2-0312,"Kia Carnival niêm yết 1.845 triệu bản Deluxe, đại lý thu thêm phí trước bạ hỗ trợ.","Kia Carnival niêm yết 1.845 triệu bản Deluxe, đại lý thu thêm phí trước bạ hỗ trợ.",neutral,giá cả,comment,[],easy,curated-v2-g0312,curated-v2,approved
curated-v2-0313,"Giá xe Mazda CX-8 biến động nhẹ theo quý, hiện chênh khoảng 20 triệu so với đầu năm.","Giá xe Mazda cũng-8 biến động nhẹ theo quý, hiện chênh khoảng 20 triệu so với đầu năm.",neutral,giá cả,conversational,[],medium,curated-v2-g0313,curated-v2,approved
curated-v2-0314,"Toy Vios bản trung lăn bánh 530 triệu, tùy đại lý tặng thêm đồ hoặc giảm tiền mặt.","Toyota Vios bản trung lăn bánh 530 triệu, tùy đại lý tặng thêm đồ hoặc giảm tiền mặt.",neutral,giá cả,conversational,"[""brand_alias""]",easy,curated-v2-g0314,curated-v2,approved
curated-v2-0315,"Giá xe Hyundai SantaFe Calligraphy là 1.155 triệu, thấp hơn đời cũ một chút.","Giá xe Hyundai SantaFe Calligraphy là 1.155 triệu, thấp hơn đời cũ một chút.",neutral,giá cả,question,[],easy,curated-v2-g0315,curated-v2,approved
curated-v2-0316,"Vinfast VF 7 bản Plus giá bao nhiêu lăn bánh đầy đủ, có trả góp 90% được không?","Vinfast Vinfast 7 bản Plus giá bao nhiêu lăn bánh đầy đủ, có trả góp 90% được không?",neutral,giá cả,question,[],easy,curated-v2-g0316,curated-v2,approved
curated-v2-0317,"Toyota Corolla Cross giảm giá được nhiều nhất bao nhiêu, mua cuối quý có rẻ hơn không mọi người?","Toyota Corolla Cross giảm giá được nhiều nhất bao nhiêu, mua cuối quý có rẻ hơn không mọi người?",neutral,giá cả,question,[],easy,curated-v2-g0317,curated-v2,approved
curated-v2-0318,"Kia K5 có bản nào dưới 800 triệu không, hay toàn bản cao thôi vậy anh em?","Kia K5 có bản nào dưới 800 triệu không, hay toàn bản cao thôi vậy anh em?",neutral,giá cả,question,[],easy,curated-v2-g0318,curated-v2,approved
curated-v2-0319,"Ford Everest máy dầu với máy xăng chênh giá bao nhiêu, đáng đầu tư máy dầu không?","Ford Everest máy dầu với máy xăng chênh giá bao nhiêu, đáng đầu tư máy dầu không?",neutral,giá cả,question,[],medium,curated-v2-g0319,curated-v2,approved
curated-v2-0320,"Honda City hay Toyota Vios giữ giá hơn, ai bán xe cũ rồi cho xin kinh nghiệm?","Honda City hay Toyota Vios giữ giá hơn, ai bán xe cũ rồi cho xin kinh nghiệm?",neutral,giá cả,question,[],easy,curated-v2-g0320,curated-v2,approved
curated-v2-0321,"Mercedes GLC 300 4MATIC niêm yết 2.599 triệu, giá thực tế tại đại lý bao nhiêu vậy?","Mercedes GLC 300 4MATIC niêm yết 2.599 triệu, giá thực tế tại đại lý bao nhiêu vậy?",neutral,giá cả,question,[],easy,curated-v2-g0321,curated-v2,approved
curated-v2-0322,"Vinfast VF 8 thuê pin hay mua đứt có lợi hơn, tính dài hạn thì sao mọi người?","Vinfast Vinfast 8 thuê pin hay mua đứt có lợi hơn, tính dài hạn thì sao mọi người?",neutral,giá cả,question,[],hard,curated-v2-g0322,curated-v2,approved
curated-v2-0323,Giá xe này ổn.,Giá xe này ổn.,neutral,giá cả,short,[],easy,curated-v2-g0323,curated-v2,approved
curated-v2-0324,Rẻ hơn đối thủ rõ.,Rẻ hơn đối thủ rõ.,positive,giá cả,short,[],easy,curated-v2-g0324,curated-v2,approved
curated-v2-0325,Đắt mà không đáng.,Đắt mà không đáng.,negative,giá cả,short,[],easy,curated-v2-g0325,curated-v2,approved
curated-v2-0326,"Giữ tiền tốt, bán lại lỗ ít.","Giữ tiền tốt, bán lại lỗ ít.",positive,giá cả,short,[],medium,curated-v2-g0326,curated-v2,approved
curated-v2-0327,"Giá cao, khuyến mãi ít 😡","Giá cao, khuyến mãi ít 😡",negative,giá cả,short,"[""emoji""]",easy,curated-v2-g0327,curated-v2,approved
curated-v2-0328,"Vinfast VF 7 giá ok, nhưng phí sạc trạm hơi cao.","Vinfast Vinfast 7 giá ok, nhưng phí sạc trạm hơi cao.",neutral,giá cả,short,[],medium,curated-v2-g0328,curated-v2,approved
curated-v2-0329,"Toy ta rẻ hơn nghĩ nhiều, quà tặng đủ.","Toyota ta rẻ hơn nghĩ nhiều, quà tặng đủ.",positive,giá cả,short,"[""brand_alias""]",easy,curated-v2-g0329,curated-v2,approved
curated-v2-0330,"Honda City giá giờ cx dễ chịu, trả góp nhẹ.","Honda City giá giờ cũng dễ chịu, trả góp nhẹ.",positive,giá cả,short,"[""teencode""]",medium,curated-v2-g0330,curated-v2,approved
curated-v2-0331,"Kia K3 xuống giá nhanh quáaa, người mua sớm lỗ to.","Kia K3 xuống giá nhanh quá, người mua sớm lỗ to.",negative,giá cả,short,"[""elongation""]",medium,curated-v2-g0331,curated-v2,approved
curated-v2-0332,"Đại lý Ford chưa đồng bộ giá, mỗi nơi mỗi giá khác nhau.","Đại lý Ford chưa đồng bộ giá, mỗi nơi mỗi giá khác nhau.",negative,giá cả,short,[],medium,curated-v2-g0332,curated-v2,approved
curated-v2-0333,"Toyota Fortuner value for money ở phân khúc này, bán lại vẫn cao.","Toyota Fortuner value for money ở phân khúc này, bán lại vẫn cao.",positive,giá cả,short,"[""code_switching""]",medium,curated-v2-g0333,curated-v2,approved
curated-v2-0334,"Xăng Vinfast VF 7 sạc 1 lần chạy được quãng 420km thực tế, đủ đi liên tỉnh.","Xăng Vinfast Vinfast 7 sạc 1 lần chạy được quãng 420km thực tế, đủ đi liên tỉnh.",positive,mức tiêu hao nhiên liệu,review,[],medium,curated-v2-g0334,curated-v2,approved
curated-v2-0335,"Toyota Corolla Cross hybrid chỉ tốn 4.5 lít/100km phố, máy dầu ắt hẳn phải học hỏi.","Toyota Corolla Cross hybrid chỉ tốn 4.5 lít/100km phố, máy dầu ắt hẳn phải học hỏi.",positive,mức tiêu hao nhiên liệu,review,[],easy,curated-v2-g0335,curated-v2,approved
curated-v2-0336,"Kia Seltos 1.4 turbo chạy hỗn hợp 6.8 lít, với SUV đô thị là thuộc nhóm tiết kiệm.","Kia Seltos 1.4 turbo chạy hỗn hợp 6.8 lít, với SUV đô thị là thuộc nhóm tiết kiệm.",positive,mức tiêu hao nhiên liệu,review,[],easy,curated-v2-g0336,curated-v2,approved
curated-v2-0337,"Hyundai Accent chạy nghề mỗi tháng chỉ hết 2 triệu xăng, rẻ hơn xe cũ của tôi 1/3.","Hyundai Accent chạy nghề mỗi tháng chỉ hết 2 triệu xăng, rẻ hơn xe cũ của tôi 1/3.",positive,mức tiêu hao nhiên liệu,review,[],easy,curated-v2-g0337,curated-v2,approved
curated-v2-0338,"Toyota Vios 1.5 đường trường chỉ 5 lít/100km, chạy nghề grab biết ơn máy này.","Toyota Vios 1.5 đường trường chỉ 5 lít/100km, chạy nghề grab biết ơn máy này.",positive,mức tiêu hao nhiên liệu,review,[],easy,curated-v2-g0338,curated-v2,approved
curated-v2-0339,"Mitsubishi Attrage tiết kiệm xăng số 1 phân khúc sedan giá rẻ, 4.8 lít/100km là chuyện thường.","Mitsubishi Attrage tiết kiệm xăng số 1 phân khúc sedan giá rẻ, 4.8 lít/100km là chuyện thường.",positive,mức tiêu hao nhiên liệu,comparison,[],easy,curated-v2-g0339,curated-v2,approved
curated-v2-0340,"Toyota Innova Cross hybrid tiết kiệm hơn bản xăng cũ tới 3 lít, cải thiện rõ.","Toyota Innova Cross hybrid tiết kiệm hơn bản xăng cũ tới 3 lít, cải thiện rõ.",positive,mức tiêu hao nhiên liệu,comparison,[],medium,curated-v2-g0340,curated-v2,approved
curated-v2-0341,"Honda CR-V hybrid chạy phố chỉ 5.5 lít, Mazda CX-5 bản cùng tiền thì 8 lít, chênh nhau rõ.","Honda CR-V hybrid chạy phố chỉ 5.5 lít, Mazda cũng-5 bản cùng tiền thì 8 lít, chênh nhau rõ.",positive,mức tiêu hao nhiên liệu,comparison,[],medium,curated-v2-g0341,curated-v2,approved
curated-v2-0342,"Vinfast VF 6 đi phượt 300km núi vẫn còn 25% pin, lên dốc tiêu hao chấp nhận được.","Vinfast Vinfast 6 đi phượt 300km núi vẫn còn 25% pin, lên dốc tiêu hao chấp nhận được.",positive,mức tiêu hao nhiên liệu,conversational,[],medium,curated-v2-g0342,curated-v2,approved
curated-v2-0343,"VF 8 sạc nhanh 24 phút từ 10% lên 80%, ghé trạm uống cà phê xong đi tiếp luôn.","Vinfast 8 sạc nhanh 24 phút từ 10% lên 80%, ghé trạm uống cà phê xong đi tiếp luôn.",positive,mức tiêu hao nhiên liệu,conversational,"[""brand_alias""]",easy,curated-v2-g0343,curated-v2,approved
curated-v2-0344,"Xe tôi chạy phố 7 lít/100km, vừa đủ không tốn lắm.","Xe tôi chạy phố 7 lít/100km, vừa đủ không tốn lắm.",neutral,mức tiêu hao nhiên liệu,review,[],easy,curated-v2-g0344,curated-v2,approved
curated-v2-0345,"Toyota Fortuner máy dầu 8.5 lít/100km tải nhẹ, con số hãng công bố là đúng thực tế.","Toyota Fortuner máy dầu 8.5 lít/100km tải nhẹ, con số hãng công bố là đúng thực tế.",neutral,mức tiêu hao nhiên liệu,review,[],easy,curated-v2-g0345,curated-v2,approved
curated-v2-0346,"Vinfast VF e34 thực tế chạy 280km mỗi lần sạc đầy, thấp hơn công bố nhưng chấp nhận được.","Vinfast Vinfast e34 thực tế chạy 280km mỗi lần sạc đầy, thấp hơn công bố nhưng chấp nhận được.",neutral,mức tiêu hao nhiên liệu,review,[],medium,curated-v2-g0346,curated-v2,approved
curated-v2-0347,"Kia Carnival nặng 2.2 tấn chạy 10 lít/100km nội đô, mức trung bình của MPV cỡ này.","Kia Carnival nặng 2.2 tấn chạy 10 lít/100km nội đô, mức trung bình của MPV cỡ này.",neutral,mức tiêu hao nhiên liệu,comment,[],easy,curated-v2-g0347,curated-v2,approved
curated-v2-0348,"Hyundai Tucson xăng tiêu hao thực tế bao nhiêu lít phố, ai chạy rồi cho số đi ạ?","Hyundai Tucson xăng tiêu hao thực tế bao nhiêu lít phố, ai chạy rồi cho số đi ạ?",neutral,mức tiêu hao nhiên liệu,question,[],easy,curated-v2-g0348,curated-v2,approved
curated-v2-0349,Vinfast VF 9 pin 90 kWh chạy được bao nhiêu km cao tốc mở điều hòa max?,Vinfast Vinfast 9 pin 90 kWh chạy được bao nhiêu km cao tốc mở điều hòa max?,neutral,mức tiêu hao nhiên liệu,question,[],medium,curated-v2-g0349,curated-v2,approved
curated-v2-0350,"Toyota Corolla Cross hybrid 4.5 lít hay 5 lít thực tế, số hãng hay số thật vậy mọi người?","Toyota Corolla Cross hybrid 4.5 lít hay 5 lít thực tế, số hãng hay số thật vậy mọi người?",neutral,mức tiêu hao nhiên liệu,question,[],easy,curated-v2-g0350,curated-v2,approved
curated-v2-0351,"Mitsubishi Xpander chạy bao nhiêu xăng phố vậy các bác, nghe nói 8-9 lít?","Mitsubishi Xpander chạy bao nhiêu xăng phố vậy các bác, nghe nói 8-9 lít?",neutral,mức tiêu hao nhiên liệu,question,[],easy,curated-v2-g0351,curated-v2,approved
curated-v2-0352,Xăng 7 lít.,Xăng 7 lít.,neutral,mức tiêu hao nhiên liệu,short,[],easy,curated-v2-g0352,curated-v2,approved
curated-v2-0353,"Tiết kiệm xăng, chạy nghề lời.","Tiết kiệm xăng, chạy nghề lời.",positive,mức tiêu hao nhiên liệu,short,[],easy,curated-v2-g0353,curated-v2,approved
curated-v2-0354,"Đi 400km hết nửa bình, ổn.","Đi 400km hết nửa bình, ổn.",neutral,mức tiêu hao nhiên liệu,short,[],easy,curated-v2-g0354,curated-v2,approved
curated-v2-0355,"Xăng 10 lít phố, hao quáaa 😡","Xăng 10 lít phố, hao quá 😡",negative,mức tiêu hao nhiên liệu,short,"[""elongation"", ""emoji""]",easy,curated-v2-g0355,curated-v2,approved
curated-v2-0356,"Toy Camry hybrid chỉ 5 lít, mê thật.","Toyota Camry hybrid chỉ 5 lít, mê thật.",positive,mức tiêu hao nhiên liệu,short,"[""brand_alias""]",easy,curated-v2-g0356,curated-v2,approved
curated-v2-0357,"Kia Morning cx ít xăng, 5.5 lít thôi.","Kia Morning cũng ít xăng, 5.5 lít thôi.",positive,mức tiêu hao nhiên liệu,short,"[""teencode""]",easy,curated-v2-g0357,curated-v2,approved
curated-v2-0358,"Máy dầu thì bền mà xăng thì mượt, chọn kiểu nào cũng có cái giá.","Máy dầu thì bền mà xăng thì mượt, chọn kiểu nào cũng có cái giá.",neutral,mức tiêu hao nhiên liệu,conversational,[],medium,curated-v2-g0358,curated-v2,approved
curated-v2-0359,"Ford Everest máy dầu tải nặng 11 lít/100km phố, kéo 7 người thì con số đó là đúng.","Ford Everest máy dầu tải nặng 11 lít/100km phố, kéo 7 người thì con số đó là đúng.",negative,mức tiêu hao nhiên liệu,review,[],medium,curated-v2-g0359,curated-v2,approved
curated-v2-0360,"Vinfast VF 8 bật điều hòa max chạy cao tốc chỉ còn 300km range, hao hơn công bố nhiều.","Vinfast Vinfast 8 bật điều hòa max chạy cao tốc chỉ còn 300km range, hao hơn công bố nhiều.",negative,mức tiêu hao nhiên liệu,review,[],medium,curated-v2-g0360,curated-v2,approved
curated-v2-0361,"Hyundai SantaFe 2.5 xăng phố 11 lít, nặng máy cũ kỹ, xã viên tôi than thở suốt.","Hyundai SantaFe 2.5 xăng phố 11 lít, nặng máy cũ kỹ, xã viên tôi than thở suốt.",negative,mức tiêu hao nhiên liệu,review,[],medium,curated-v2-g0361,curated-v2,approved
curated-v2-0362,"Toyota Fortuner máy xăng hao hơn máy dầu 2.5 lít, chọn máy xăng chỉ để đỡ ồn mà tốn xăng thường.","Toyota Fortuner máy xăng hao hơn máy dầu 2.5 lít, chọn máy xăng chỉ để đỡ ồn mà tốn xăng thường.",negative,mức tiêu hao nhiên liệu,comparison,[],medium,curated-v2-g0362,curated-v2,approved
curated-v2-0363,"Vinfast VF 7 range rớt nhanh khi chạy 120km/h, 100km đầu mất 22% pin, hơi kém.","Vinfast Vinfast 7 range rớt nhanh khi chạy 120km/h, 100km đầu mất 22% pin, hơi kém.",negative,mức tiêu hao nhiên liệu,review,[],medium,curated-v2-g0363,curated-v2,approved
curated-v2-0364,"Kia Sorento máy xăng hao hơn Hyundai SantaFe hybrid tới 3 lít/100km, nên chọn bản hybrid.","Kia Sorento máy xăng hao hơn Hyundai SantaFe hybrid tới 3 lít/100km, nên chọn bản hybrid.",negative,mức tiêu hao nhiên liệu,comparison,[],medium,curated-v2-g0364,curated-v2,approved
curated-v2-0365,"Mitsubishi Xforce chạy phố 9.5 lít là bình thường, nghe anh em cùng xe than rồi.","Mitsubishi Xforce chạy phố 9.5 lít là bình thường, nghe anh em cùng xe than rồi.",negative,mức tiêu hao nhiên liệu,comment,[],easy,curated-v2-g0365,curated-v2,approved
curated-v2-0366,"Honda City 1.5 tiêu xăng ok dc, nhưng bật lạnh full thì lên 8 lít liền.","Honda City 1.5 tiêu xăng ok được, nhưng bật lạnh full thì lên 8 lít liền.",neutral,mức tiêu hao nhiên liệu,comment,"[""teencode""]",medium,curated-v2-g0366,curated-v2,approved
curated-v2-0367,"VF 5 plus range thực tế chỉ 250km, cho vào city chạy là được chứ đừng đi xa.","Vinfast 5 plus range thực tế chỉ 250km, cho vào city chạy là được chứ đừng đi xa.",negative,mức tiêu hao nhiên liệu,comment,"[""brand_alias""]",medium,curated-v2-g0367,curated-v2,approved
curated-v2-0368,"Toyota Yaris Cross hybrid 4.8 lít not bad, đáng tiền nếu chạy nhiều.","Toyota Yaris Cross hybrid 4.8 lít not tệ, đáng tiền nếu chạy nhiều.",positive,mức tiêu hao nhiên liệu,short,"[""code_switching""]",medium,curated-v2-g0368,curated-v2,approved
curated-v2-0369,"Vinfast VF 6 hao pin hơn VF 7 dù nhẹ hơn, phần mềm quản lý pin cần cải thiện.","Vinfast Vinfast 6 hao pin hơn Vinfast 7 dù nhẹ hơn, phần mềm quản lý pin cần cải thiện.",negative,mức tiêu hao nhiên liệu,review,[],hard,curated-v2-g0369,curated-v2,approved
curated-v2-0370,"Đi 100km mất 15 lít, quá đắt 😡","Đi 100km mất 15 lít, quá đắt 😡",negative,mức tiêu hao nhiên liệu,short,"[""emoji""]",easy,curated-v2-g0370,curated-v2,approved
curated-v2-0371,"Ghế da của Hyundai SantaFe cao cấp thật, ngồi 4 tiếng đường dài lưng vẫn thoải mái.","Ghế da của Hyundai SantaFe cao cấp thật, ngồi 4 tiếng đường dài lưng vẫn thoải mái.",positive,nội thất,review,[],medium,curated-v2-g0371,curated-v2,approved
curated-v2-0372,"Toyota Camry hoàn thiện nội thất tinh xảo, đường may đều, nhựa lơ là ít hẳn so với đời cũ.","Toyota Camry hoàn thiện nội thất tinh xảo, đường may đều, nhựa lơ là ít hẳn so với đời cũ.",positive,nội thất,review,[],easy,curated-v2-g0372,curated-v2,approved
curated-v2-0373,"Vinfast VF 9 có 3 hàng ghế chỉnh điện, khách ngồi hàng cuối cũng khen thoải mái.","Vinfast Vinfast 9 có 3 hàng ghế chỉnh điện, khách ngồi hàng cuối cũng khen thoải mái.",positive,nội thất,review,[],easy,curated-v2-g0373,curated-v2,approved
curated-v2-0374,"Kia Carnival có ghế captain seat hàng 2 rộng như ghế salon, chở đối tác toàn khen.","Kia Carnival có ghế captain seat hàng 2 rộng như ghế salon, chở đối tác toàn khen.",positive,nội thất,review,[],medium,curated-v2-g0374,curated-v2,approved
curated-v2-0375,"Nội thất Mazda CX-5 thiết kế tối giản tinh tế, các nút bấm bố trí hợp tay người lái.","Nội thất Mazda cũng-5 thiết kế tối giản tinh tế, các nút bấm bố trí hợp tay người lái.",positive,nội thất,review,[],easy,curated-v2-g0375,curated-v2,approved
curated-v2-0376,"Khoang lái Kia K5 rộng hơn Toyota Camry rõ, người cao 1m8 ngồi vẫn thoải mái hai hàng.","Khoang lái Kia K5 rộng hơn Toyota Camry rõ, người cao 1m8 ngồi vẫn thoải mái hai hàng.",positive,nội thất,comparison,[],medium,curated-v2-g0376,curated-v2,approved
curated-v2-0377,"Vinfast VF 8 nội thất sang hơn VF 7 hẳn, vật liệu mềm phủ nhiều chỗ chạm tay.","Vinfast Vinfast 8 nội thất sang hơn Vinfast 7 hẳn, vật liệu mềm phủ nhiều chỗ chạm tay.",positive,nội thất,comparison,[],easy,curated-v2-g0377,curated-v2,approved
curated-v2-0378,"Toyota Innova Cross hàng 3 rộng hơn Mitsubishi Xpander chút, chở đủ 7 người lớn không chật.","Toyota Innova Cross hàng 3 rộng hơn Mitsubishi Xpander chút, chở đủ 7 người lớn không chật.",positive,nội thất,comparison,[],medium,curated-v2-g0378,curated-v2,approved
curated-v2-0379,"Cabin Toyota Vios đơn giản mà chắc chắn, Nhật bản vậy đấy, dùng bền là chính.","Cabin Toyota Vios đơn giản mà chắc chắn, Nhật bản vậy đấy, dùng bền là chính.",positive,nội thất,conversational,[],easy,curated-v2-g0379,curated-v2,approved
curated-v2-0380,"Mình ngồi CX-8 hàng 3 vừa đủ, hai đứa nhỏ nằm suốt chặng dài Hà Nội - Hải Phòng vẫn thoải.","Mình ngồi cũng-8 hàng 3 vừa đủ, hai đứa nhỏ nằm suốt chặng dài Hà Nội - Hải Phòng vẫn thoải.",positive,nội thất,conversational,[],easy,curated-v2-g0380,curated-v2,approved
curated-v2-0381,"Toyota Corolla Cross nội thất ổn áp trong tầm giá, chẳng sang nhưng chẳng lỗi gì.","Toyota Corolla Cross nội thất ổn áp trong tầm giá, chẳng sang nhưng chẳng lỗi gì.",neutral,nội thất,review,[],easy,curated-v2-g0381,curated-v2,approved
curated-v2-0382,"Vinfast VF 6 cabin chất liệu nhựa cứng là chính, trong tầm tiền thì chấp nhận.","Vinfast Vinfast 6 cabin chất liệu nhựa cứng là chính, trong tầm tiền thì chấp nhận.",neutral,nội thất,review,[],medium,curated-v2-g0382,curated-v2,approved
curated-v2-0383,"Kia Seltos nội thất theo kiểu thể thao, người thích sang trọng sẽ thấy hơi tối màu.","Kia Seltos nội thất theo kiểu thể thao, người thích sang trọng sẽ thấy hơi tối màu.",neutral,nội thất,review,[],easy,curated-v2-g0383,curated-v2,approved
curated-v2-0384,"Toyota Fortuner hàng 2 chỉnh được góc ngả, hàng 3 phẳng để đồ thì tiện hơn ngồi.","Toyota Fortuner hàng 2 chỉnh được góc ngả, hàng 3 phẳng để đồ thì tiện hơn ngồi.",neutral,nội thất,review,[],medium,curated-v2-g0384,curated-v2,approved
curated-v2-0385,"Khoang hành lý Kia Carnival với ghế 3 gập phẳng, vừa chở người vừa chở đồ linh hoạt.","Khoang hành lý Kia Carnival với ghế 3 gập phẳng, vừa chở người vừa chở đồ linh hoạt.",neutral,nội thất,comment,[],easy,curated-v2-g0385,curated-v2,approved
curated-v2-0386,"Nội thất Vinfast vf 9 cx nhiều màn hình quá, người lớn tuổi phải học lại cách dùng.","Nội thất Vinfast Vinfast 9 cũng nhiều màn hình quá, người lớn tuổi phải học lại cách dùng.",neutral,nội thất,conversational,"[""teencode"", ""brand_alias""]",medium,curated-v2-g0386,curated-v2,approved
curated-v2-0387,"Hyundai Accent nội thất đơn giản vậy thôi, hỏi cabin rộng không thì trả lời là đủ dùng.","Hyundai Accent nội thất đơn giản vậy thôi, hỏi cabin rộng không thì trả lời là đủ dùng.",neutral,nội thất,question,[],easy,curated-v2-g0387,curated-v2,approved
curated-v2-0388,"Toyota Innova Cross hàng 3 có bị thấp mặt ghế không, ngồi lâu có mỏi chân không mọi người?","Toyota Innova Cross hàng 3 có bị thấp mặt ghế không, ngồi lâu có mỏi chân không mọi người?",neutral,nội thất,question,[],medium,curated-v2-g0388,curated-v2,approved
curated-v2-0389,Vinfast VF 7 có ghế massage hàng trước không hay chỉ sưởi ghế thôi vậy?,Vinfast Vinfast 7 có ghế massage hàng trước không hay chỉ sưởi ghế thôi vậy?,neutral,nội thất,question,[],easy,curated-v2-g0389,curated-v2,approved
curated-v2-0390,"Nhựa cứng nhiều, nghe lạch cạch 😡","Nhựa cứng nhiều, nghe lạch cạch 😡",negative,nội thất,short,"[""emoji""]",easy,curated-v2-g0390,curated-v2,approved
curated-v2-0391,"Ghế êm, cabin yên tĩnh.","Ghế êm, cabin yên tĩnh.",positive,nội thất,short,[],easy,curated-v2-g0391,curated-v2,approved
curated-v2-0392,"Hàng 3 chật, chỉ trẻ con ngồi dc.","Hàng 3 chật, chỉ trẻ con ngồi được.",negative,nội thất,short,"[""teencode""]",medium,curated-v2-g0392,curated-v2,approved
curated-v2-0393,"Nội thất ổn, không màu mè.","Nội thất ổn, không màu mè.",neutral,nội thất,short,[],easy,curated-v2-g0393,curated-v2,approved
curated-v2-0394,"Hoàn thiện rấttt tỉ mỉ, ưng ghê.","Hoàn thiện rất tỉ mỉ, ưng ghê.",positive,nội thất,short,"[""elongation""]",easy,curated-v2-g0394,curated-v2,approved
curated-v2-0395,"Toyota Innova máy dầu kêu gõ rõ khi nguội máy, ngồi trong nghe ồn hơn xe xăng cùng lớp.","Toyota Innova máy dầu kêu gõ rõ khi nguội máy, ngồi trong nghe ồn hơn xe xăng cùng lớp.",negative,nội thất,review,[],medium,curated-v2-g0395,curated-v2,approved
curated-v2-0396,"Ghế sau Honda CR-V ngả không sâu, ngồi hàng 2 đường dài tôi bị đau lưng mỗi lần.","Ghế sau Honda CR-V ngả không sâu, ngồi hàng 2 đường dài tôi bị đau lưng mỗi lần.",negative,nội thất,review,[],medium,curated-v2-g0396,curated-v2,approved
curated-v2-0397,"Vinfast VF 5 Plus cabin chỗ để đồ ít quá, chai nước đủ chỗ mà giấy tờ chẳng có ngóc ngách.","Vinfast Vinfast 5 Plus cabin chỗ để đồ ít quá, chai nước đủ chỗ mà giấy tờ chẳng có ngóc ngách.",negative,nội thất,review,[],easy,curated-v2-g0397,curated-v2,approved
curated-v2-0398,"Kia Seltos taplo nghiêng về lái nhưng vật liệu nhựa bóng dễ bám vết xước, nhìn rầu.","Kia Seltos taplo nghiêng về lái nhưng vật liệu nhựa bóng dễ bám vết xước, nhìn rầu.",negative,nội thất,review,[],medium,curated-v2-g0398,curated-v2,approved
curated-v2-0399,"Toyota Yaris Cross khoang chân hàng 2 chật hơn Xpander rõ ràng, người cao ngồi khổ.","Toyota Yaris Cross khoang chân hàng 2 chật hơn Xpander rõ ràng, người cao ngồi khổ.",negative,nội thất,comparison,[],medium,curated-v2-g0399,curated-v2,approved
curated-v2-0400,"Vinfast VF 6 cabin ồn hơn Mazda CX-5 ở tốc độ cao, nói chuyện phải to hơn thường.","Vinfast Vinfast 6 cabin ồn hơn Mazda cũng-5 ở tốc độ cao, nói chuyện phải to hơn thường.",negative,nội thất,comparison,[],easy,curated-v2-g0400,curated-v2,approved
curated-v2-0401,"Hyundai Accent nội thất nhựa bóng toàn tập, cầm tay là biết rẻ hơn K3 một bậc.","Hyundai Accent nội thất nhựa bóng toàn tập, cầm tay là biết rẻ hơn K3 một bậc.",negative,nội thất,comparison,[],easy,curated-v2-g0401,curated-v2,approved
curated-v2-0402,"Mitsubishi Attrage cabin mỏng dính, dễ bám bụi và nhanh cũ, dùng 1 năm nhìn như 3 năm.","Mitsubishi Attrage cabin mỏng dính, dễ bám bụi và nhanh cũ, dùng 1 năm nhìn như 3 năm.",negative,nội thất,comment,[],easy,curated-v2-g0402,curated-v2,approved
curated-v2-0403,"Nội thất Toyota Raize nhìn như xe giá rẻ, tiền gần 600 triệu mà vậy là khó chịu 😡","Nội thất Toyota Raize nhìn như xe giá rẻ, tiền gần 600 triệu mà vậy là khó chịu 😡",negative,nội thất,comment,"[""emoji""]",easy,curated-v2-g0403,curated-v2,approved
curated-v2-0404,"Ford Territory màn hình dọc to nhưng logic điều khiển rối, chỉnh điều hòa mất 3 lớp menu.","Ford Territory màn hình dọc to nhưng logic điều khiển rối, chỉnh điều hòa mất 3 lớp menu.",negative,nội thất,comment,[],medium,curated-v2-g0404,curated-v2,approved
curated-v2-0405,"Động cơ Mazda CX-5 2.5 tăng tốc mượt mà, vượt xe cao tốc chỉ một nhịp chân ga.","Động cơ Mazda cũng-5 2.5 tăng tốc mượt mà, vượt xe cao tốc chỉ một nhịp chân ga.",positive,động cơ,review,[],easy,curated-v2-g0405,curated-v2,approved
curated-v2-0406,"Toyota Corolla Cross hybrid vận hành êm ái, lên 80km/h máy xăng im bặt nhờ điện.","Toyota Corolla Cross hybrid vận hành êm ái, lên 80km/h máy xăng im bặt nhờ điện.",positive,động cơ,review,[],easy,curated-v2-g0406,curated-v2,approved
curated-v2-0407,"Vinfast VF 7 mô-men điện tức thời, vượt xe ở dải 60-80km/h không cần hạ số.","Vinfast Vinfast 7 mô-men điện tức thời, vượt xe ở dải 60-80km/h không cần hạ số.",positive,động cơ,review,[],medium,curated-v2-g0407,curated-v2,approved
curated-v2-0408,"Kia Sorento diesel 2.2 kéo đủ 7 người lên đèo vẫn êm, không hề đuối sức.","Kia Sorento diesel 2.2 kéo đủ 7 người lên đèo vẫn êm, không hề đuối sức.",positive,động cơ,review,[],medium,curated-v2-g0408,curated-v2,approved
curated-v2-0409,"Honda Civic RS máy 1.5 turbo rú hay, âm thanh động cơ khiến tài xế mê đường case.","Honda Civic RS máy 1.5 turbo rú hay, âm thanh động cơ khiến tài xế mê đường case.",positive,động cơ,review,[],medium,curated-v2-g0409,curated-v2,approved
curated-v2-0410,"Toyota Fortuner máy dầu 2.8 khỏe hơn máy xăng 2.7 rõ ràng khi kéo, chọn máy dầu là đúng.","Toyota Fortuner máy dầu 2.8 khỏe hơn máy xăng 2.7 rõ ràng khi kéo, chọn máy dầu là đúng.",positive,động cơ,comparison,[],medium,curated-v2-g0410,curated-v2,approved
curated-v2-0411,"Vinfast VF 9 tăng tốc 0-100 nhanh hơn Ford Explorer bản thấp, điện luôn có lợi thế.","Vinfast Vinfast 9 tăng tốc 0-100 nhanh hơn Ford Explorer bản thấp, điện luôn có lợi thế.",positive,động cơ,comparison,[],easy,curated-v2-g0411,curated-v2,approved
curated-v2-0412,"Máy Mazda3 2.0 đáp ứng đủ cho phố, không phải loại bốc nhưng đủ dùng hằng ngày.","Máy Mazda3 2.0 đáp ứng đủ cho phố, không phải loại bốc nhưng đủ dùng hằng ngày.",neutral,động cơ,review,[],easy,curated-v2-g0412,curated-v2,approved
curated-v2-0413,"Toyota Corolla Altis 1.8 vận hành trơn tru đều đặn, không vồ không chậm, kiểu Nhật điển hình.","Toyota Corolla Altis 1.8 vận hành trơn tru đều đặn, không vồ không chậm, kiểu Nhật điển hình.",neutral,động cơ,review,[],easy,curated-v2-g0413,curated-v2,approved
curated-v2-0414,"Vinfast VF e34 động cơ một mô tơ đủ sức đi lại đô thị, chạy cao tốc lâu thì thấy hơi đuối.","Vinfast Vinfast e34 động cơ một mô tơ đủ sức đi lại đô thị, chạy cao tốc lâu thì thấy hơi đuối.",neutral,động cơ,review,[],medium,curated-v2-g0414,curated-v2,approved
curated-v2-0415,"Kia Morning máy 1.2 nhỏ chạy 60km/h là êm, lên cao tốc thì biết giới hạn của nó.","Kia Morning máy 1.2 nhỏ chạy 60km/h là êm, lên cao tốc thì biết giới hạn của nó.",neutral,động cơ,comment,[],easy,curated-v2-g0415,curated-v2,approved
curated-v2-0416,"Máy Mitsu Attrage 3 xi-lanh có rung nhẹ khi dừng đèn đỏ, quen rồi thì thôi.","Máy Mitsubishi Attrage 3 xi-lanh có rung nhẹ khi dừng đèn đỏ, quen rồi thì thôi.",neutral,động cơ,comment,"[""brand_alias""]",medium,curated-v2-g0416,curated-v2,approved
curated-v2-0417,"Vinfast VF 7 lên cao tốc cảm giác lấy điện thế nào, ai chạy thường xuyên chỉ giúp?","Vinfast Vinfast 7 lên cao tốc cảm giác lấy điện thế nào, ai chạy thường xuyên chỉ giúp?",neutral,động cơ,question,[],easy,curated-v2-g0417,curated-v2,approved
curated-v2-0418,Toyota Fortuner 2.4 máy dầu mới có khỏe hơn bản 2.8 đời cũ không anh em?,Toyota Fortuner 2.4 máy dầu mới có khỏe hơn bản 2.8 đời cũ không anh em?,neutral,động cơ,question,[],medium,curated-v2-g0418,curated-v2,approved
curated-v2-0419,"Honda CR-V 1.5 turbo có bị máy ì khi đầy người không, ai đi cả gia đình rồi trả lời giúp.","Honda CR-V 1.5 turbo có bị máy ì khi đầy người không, ai đi cả gia đình rồi trả lời giúp.",neutral,động cơ,question,[],medium,curated-v2-g0419,curated-v2,approved
curated-v2-0420,"Máy yếu, vượt xe mệt 😡","Máy yếu, vượt xe mệt 😡",negative,động cơ,short,"[""emoji""]",easy,curated-v2-g0420,curated-v2,approved
curated-v2-0421,"Bốc đầu ga, đi đã.","Bốc đầu ga, đi đã.",positive,động cơ,short,[],easy,curated-v2-g0421,curated-v2,approved
curated-v2-0422,Toy ta chạy 10 năm máy vẫn ngon.,Toyota ta chạy 10 năm máy vẫn ngon.,positive,động cơ,short,"[""brand_alias""]",easy,curated-v2-g0422,curated-v2,approved
curated-v2-0423,"Động cơ Vinfast VF 6 lên dốc rú to mà chậm, tải 5 người là rõ nhất.","Động cơ Vinfast Vinfast 6 lên dốc rú to mà chậm, tải 5 người là rõ nhất.",negative,động cơ,review,[],medium,curated-v2-g0423,curated-v2,approved
curated-v2-0424,"Hyundai Accent máy 1.4 cũ kỹ, lên 100km/h phải đạp sâu rú lên mới vượt nổi xe tải.","Hyundai Accent máy 1.4 cũ kỹ, lên 100km/h phải đạp sâu rú lên mới vượt nổi xe tải.",negative,động cơ,review,[],easy,curated-v2-g0424,curated-v2,approved
curated-v2-0425,"Toyota Vios yếu hơn Honda City một nhịp ở tầm trung gian, ai mê tăng tốc sẽ thất vọng.","Toyota Vios yếu hơn Honda City một nhịp ở tầm trung gian, ai mê tăng tốc sẽ thất vọng.",negative,động cơ,comparison,[],easy,curated-v2-g0425,curated-v2,approved
curated-v2-0426,"Kia Seltos máy 1.4 turbo dính lỗi chậm hộp số ở dải tốc thấp, khởi hành giật cục khó chịu.","Kia Seltos máy 1.4 turbo dính lỗi chậm hộp số ở dải tốc thấp, khởi hành giật cục khó chịu.",negative,động cơ,review,[],medium,curated-v2-g0426,curated-v2,approved
curated-v2-0427,"Máy Mẹc GLC 200 yếu hơn BMW 520i rõ ở tầm tốc trung, tiền chênh mà máy kém hơn.","Máy Mercedes GLC 200 yếu hơn BMW 520i rõ ở tầm tốc trung, tiền chênh mà máy kém hơn.",negative,động cơ,comparison,"[""brand_alias""]",medium,curated-v2-g0427,curated-v2,approved
curated-v2-0428,"Toyota Innova Cross hybrid lên đốc dốc không bằng bản máy dầu cũ, điện hồi chậm.","Toyota Innova Cross hybrid lên đốc dốc không bằng bản máy dầu cũ, điện hồi chậm.",negative,động cơ,comparison,[],medium,curated-v2-g0428,curated-v2,approved
curated-v2-0429,"Ford Territory 1.5 turbo overall bad ở tốc độ thấp, hộp số chậm xuống số, khó chịu.","Ford Territory 1.5 turbo overall tệ ở tốc độ thấp, hộp số chậm xuống số, khó chịu.",negative,động cơ,comment,"[""code_switching""]",medium,curated-v2-g0429,curated-v2,approved
curated-v2-0430,"Hyundai Stargazer máy 1.5 cũ kỹ, chở đủ 7 người là phải đạp sâu liên tục, mệt.","Hyundai Stargazer máy 1.5 cũ kỹ, chở đủ 7 người là phải đạp sâu liên tục, mệt.",negative,động cơ,comment,[],easy,curated-v2-g0430,curated-v2,approved
curated-v2-0431,"7 túi khí tiêu chuẩn, hãng chịu đầu tư an toàn thật.","7 túi khí tiêu chuẩn, hãng chịu đầu tư an toàn thật.",positive,an toàn,review,[],easy,curated-v2-g0431,curated-v2,approved
curated-v2-0432,"Hyundai SantaFe có gói Highway Driving Assist, chạy cao tốc giữ làn và giữ khoảng cách tự động.","Hyundai SantaFe có gói Highway Driving Assist, chạy cao tốc giữ làn và giữ khoảng cách tự động.",positive,an toàn,review,[],medium,curated-v2-g0432,curated-v2,approved
curated-v2-0433,"Toyota Camry có phanh khẩn cấp tự động ăn chính xác, thử trong bãi đỗ là biết ngay.","Toyota Camry có phanh khẩn cấp tự động ăn chính xác, thử trong bãi đỗ là biết ngay.",positive,an toàn,review,[],easy,curated-v2-g0433,curated-v2,approved
curated-v2-0434,"Kia Sorento có 8 túi khí và cảnh báo hành khách sau, chở trẻ em an tâm hơn hẳn.","Kia Sorento có 8 túi khí và cảnh báo hành khách sau, chở trẻ em an tâm hơn hẳn.",positive,an toàn,review,[],easy,curated-v2-g0434,curated-v2,approved
curated-v2-0435,"Honda CR-V có HUD hiển thị tốc độ trên kính, mắt không rời đường khi theo dõi.","Honda CR-V có HUD hiển thị tốc độ trên kính, mắt không rời đường khi theo dõi.",positive,an toàn,review,[],easy,curated-v2-g0435,curated-v2,approved
curated-v2-0436,"Vinfast VF 8 an toàn dc đánh giá cao trong thử nghiệm va chạm, điểm cao của hãng nội.","Vinfast Vinfast 8 an toàn được đánh giá cao trong thử nghiệm va chạm, điểm cao của hãng nội.",positive,an toàn,comment,"[""teencode""]",medium,curated-v2-g0436,curated-v2,approved
curated-v2-0437,"Toyota Innova Cross có 6 túi khí + VSC, chuẩn an toàn gia đình Việt luôn mọi người ạ.","Toyota Innova Cross có 6 túi khí + VSC, chuẩn an toàn gia đình Việt luôn mọi người ạ.",positive,an toàn,comment,[],easy,curated-v2-g0437,curated-v2,approved
curated-v2-0438,"Mitsubishi Xpander Cross 7 túi khí giá dưới 700 triệu, hiếm xe nào chịu làm vậy.","Mitsubishi Xpander Cross 7 túi khí giá dưới 700 triệu, hiếm xe nào chịu làm vậy.",positive,an toàn,comparison,[],easy,curated-v2-g0438,curated-v2,approved
curated-v2-0439,An toàn cơ bản đủ dùng.,An toàn cơ bản đủ dùng.,neutral,an toàn,short,[],easy,curated-v2-g0439,curated-v2,approved
curated-v2-0440,"Cảnh báo lệch làn hay báo nhầm, đang chạy nó réo oan 😡","Cảnh báo lệch làn hay báo nhầm, đang chạy nó réo oan 😡",negative,an toàn,short,"[""emoji""]",medium,curated-v2-g0440,curated-v2,approved
curated-v2-0441,"Toyota Fortuner bảnbase không có camera 360, tiền hơn 1 tỷ mà thiếu đồ an toàn này hơi thiếu.","Toyota Fortuner bảnbase không có camera 360, tiền hơn 1 tỷ mà thiếu đồ an toàn này hơi thiếu.",negative,an toàn,review,[],medium,curated-v2-g0441,curated-v2,approved
curated-v2-0442,"Vinfast VF 6 hệ thống giữ làn can thiệp hơi mạnh, đang bóp côn nó kéo tay lái bất ngờ.","Vinfast Vinfast 6 hệ thống giữ làn can thiệp hơi mạnh, đang bóp côn nó kéo tay lái bất ngờ.",negative,an toàn,review,[],medium,curated-v2-g0442,curated-v2,approved
curated-v2-0443,"Kia Seltos cảnh báo va chạm trước báo muộn khi xe máy cắt làn sát, còn phải tin tay lái mình.","Kia Seltos cảnh báo va chạm trước báo muộn khi xe máy cắt làn sát, còn phải tin tay lái mình.",negative,an toàn,review,[],medium,curated-v2-g0443,curated-v2,approved
curated-v2-0444,"Hyundai Accent bảnbase không có ổn định thân điện tử, tuổi xe này mà thiếu thứ này là hụt hẫng.","Hyundai Accent bảnbase không có ổn định thân điện tử, tuổi xe này mà thiếu thứ này là hụt hẫng.",negative,an toàn,review,[],medium,curated-v2-g0444,curated-v2,approved
curated-v2-0445,"Toyota Vios chỉ 2 túi khí bảnbase so với 7 túi của Attrage, an toàn kém hơn rõ trong cùng tầm tiền.","Toyota Vios chỉ 2 túi khí bảnbase so với 7 túi của Attrage, an toàn kém hơn rõ trong cùng tầm tiền.",negative,an toàn,comparison,[],easy,curated-v2-g0445,curated-v2,approved
curated-v2-0446,"Vinfast VF 9 dùng camera hành trình thay gương, nắng chiếu vào màn hình là mờ hết khó thấy.","Vinfast Vinfast 9 dùng camera hành trình thay gương, nắng chiếu vào màn hình là mờ hết khó thấy.",negative,an toàn,comparison,[],medium,curated-v2-g0446,curated-v2,approved
curated-v2-0447,"Honda City không có cảnh báo điểm mù bản thấp, Mazda2 cùng giá đã có đủ bộ.","Honda City không có cảnh báo điểm mù bản thấp, Mazda2 cùng giá đã có đủ bộ.",negative,an toàn,comparison,[],easy,curated-v2-g0447,curated-v2,approved
curated-v2-0448,"Toyota Yaris Cross cảm biến sau hay kêu oan, đỗ bãi đông nó réo liên tục khó chịu.","Toyota Yaris Cross cảm biến sau hay kêu oan, đỗ bãi đông nó réo liên tục khó chịu.",negative,an toàn,comment,[],easy,curated-v2-g0448,curated-v2,approved
curated-v2-0449,"Bảo dưỡng xe Mazda định kỳ 6 tháng 1 lần, gói trọn 5 năm hết khoảng 12 triệu.","Bảo dưỡng xe Mazda định kỳ 6 tháng 1 lần, gói trọn 5 năm hết khoảng 12 triệu.",positive,dịch vụ hậu mãi,review,[],easy,curated-v2-g0449,curated-v2,approved
curated-v2-0450,"Toyota Corolla Cross đại lý gọi nhắc lịch đúng hẹn, xe vào sớm 15 phút là tiếp nhận ngay.","Toyota Corolla Cross đại lý gọi nhắc lịch đúng hẹn, xe vào sớm 15 phút là tiếp nhận ngay.",positive,dịch vụ hậu mãi,review,[],easy,curated-v2-g0450,curated-v2,approved
curated-v2-0451,"Vinfast VF 7 có chính sách bảo hành 7 năm, tôi chạy taxi vẫn ít lo hỏng hóc nhất.","Vinfast Vinfast 7 có chính sách bảo hành 7 năm, tôi chạy taxi vẫn ít lo hỏng hóc nhất.",positive,dịch vụ hậu mãi,review,[],easy,curated-v2-g0451,curated-v2,approved
curated-v2-0452,"Hyundai Tucson bảo dưỡng lần đầu miễn phí, thay dầu và kiểm tra 20 hạng mục rõ ràng.","Hyundai Tucson bảo dưỡng lần đầu miễn phí, thay dầu và kiểm tra 20 hạng mục rõ ràng.",positive,dịch vụ hậu mãi,review,[],easy,curated-v2-g0452,curated-v2,approved
curated-v2-0453,"Kia K3 cứu hộ miễn phí 24/7, xe die giữa đường gọi 40 phút có xe kéo tới.","Kia K3 cứu hộ miễn phí 24/7, xe die giữa đường gọi 40 phút có xe kéo tới.",positive,dịch vụ hậu mãi,review,[],medium,curated-v2-g0453,curated-v2,approved
curated-v2-0454,"Toyota Fortuner phụ tùng luôn sẵn tại đại lý, sửa chữa không phải chờ đặt hàng như hãng khác.","Toyota Fortuner phụ tùng luôn sẵn tại đại lý, sửa chữa không phải chờ đặt hàng như hãng khác.",positive,dịch vụ hậu mãi,comparison,[],medium,curated-v2-g0454,curated-v2,approved
curated-v2-0455,"Vinfast có app đặt lịch sửa chữa, chọn giờ rảnh là xe vào đúng khung đó, tiện hơn gọi điện.","Vinfast có app đặt lịch sửa chữa, chọn giờ rảnh là xe vào đúng khung đó, tiện hơn gọi điện.",positive,dịch vụ hậu mãi,comparison,[],medium,curated-v2-g0455,curated-v2,approved
curated-v2-0456,"Đại lý Hyundai ở tỉnh tôi thiếu thợ giỏi, sửa máy phải chờ chuyên gia từ HN xuống.","Đại lý Hyundai ở tỉnh tôi thiếu thợ giỏi, sửa máy phải chờ chuyên gia từ HN xuống.",negative,dịch vụ hậu mãi,review,[],medium,curated-v2-g0456,curated-v2,approved
curated-v2-0457,"Honda City sửa lỗi cảm biến từ đại lý 3 lần chưa dứt, mỗi lần phải chờ hết buổi làm việc.","Honda City sửa lỗi cảm biến từ đại lý 3 lần chưa dứt, mỗi lần phải chờ hết buổi làm việc.",negative,dịch vụ hậu mãi,review,[],medium,curated-v2-g0457,curated-v2,approved
curated-v2-0458,"Toyota Fortuner đổi nhớt hãng báo giá 1.4 triệu, ra tiệm ngoài chỉ 600 nghìn, chênh nhau quá.","Toyota Fortuner đổi nhớt hãng báo giá 1.4 triệu, ra tiệm ngoài chỉ 600 nghìn, chênh nhau quá.",negative,dịch vụ hậu mãi,review,[],easy,curated-v2-g0458,curated-v2,approved
curated-v2-0459,"Vinfast VF e34 có thời gian chờ phụ tùng pin lâu, thay module mất 3 tuần mới có hàng.","Vinfast Vinfast e34 có thời gian chờ phụ tùng pin lâu, thay module mất 3 tuần mới có hàng.",negative,dịch vụ hậu mãi,review,[],medium,curated-v2-g0459,curated-v2,approved
curated-v2-0460,"Kia Seltos bảo dưỡng lần 3 hết 3.2 triệu, cao hơn dự kiến của tôi nhiều 😡","Kia Seltos bảo dưỡng lần 3 hết 3.2 triệu, cao hơn dự kiến của tôi nhiều 😡",negative,dịch vụ hậu mãi,review,"[""emoji""]",easy,curated-v2-g0460,curated-v2,approved
curated-v2-0461,"Mazda đại lý bắt mua gói bảo dưỡng trước mới giao xe, kiểu ép tiêu dùng khó chịu.","Mazda đại lý bắt mua gói bảo dưỡng trước mới giao xe, kiểu ép tiêu dùng khó chịu.",negative,dịch vụ hậu mãi,comment,[],medium,curated-v2-g0461,curated-v2,approved
curated-v2-0462,"Ford Everest phụ tùng đắt gấp đôi tiệm ngoài, sửa nhẹ cũng triệu rưỡi khó chấp nhận.","Ford Everest phụ tùng đắt gấp đôi tiệm ngoài, sửa nhẹ cũng triệu rưỡi khó chấp nhận.",negative,dịch vụ hậu mãi,comment,[],easy,curated-v2-g0462,curated-v2,approved
curated-v2-0463,"Vinfast bảo hành 7 năm cx hơn Toyota 3 năm nhiều, chạy dài thì hãng nội có lợi thế.","Vinfast bảo hành 7 năm cũng hơn Toyota 3 năm nhiều, chạy dài thì hãng nội có lợi thế.",positive,dịch vụ hậu mãi,conversational,"[""teencode""]",medium,curated-v2-g0463,curated-v2,approved
curated-v2-0464,"Bảo dưỡng Toyota Fortuner hết bao nhiêu 1 lần, có gói trọn gói 5 năm không mọi người?","Bảo dưỡng Toyota Fortuner hết bao nhiêu 1 lần, có gói trọn gói 5 năm không mọi người?",neutral,dịch vụ hậu mãi,question,[],easy,curated-v2-g0464,curated-v2,approved
curated-v2-0465,Vinfast VF 6 có được miễn phí sạc ở trạm V-Green không hay chỉ bản cũ vậy mọi người?,Vinfast Vinfast 6 có được miễn phí sạc ở trạm V-Green không hay chỉ bản cũ vậy mọi người?,neutral,dịch vụ hậu mãi,question,[],medium,curated-v2-g0465,curated-v2,approved
curated-v2-0466,"Kia Seltos bảo hành máy và hộp số bao nhiêu năm, có mở rộng được không vậy?","Kia Seltos bảo hành máy và hộp số bao nhiêu năm, có mở rộng được không vậy?",neutral,dịch vụ hậu mãi,question,[],easy,curated-v2-g0466,curated-v2,approved
curated-v2-0467,Chờ phụ tùng 2 tuần.,Chờ phụ tùng 2 tuần.,negative,dịch vụ hậu mãi,short,[],easy,curated-v2-g0467,curated-v2,approved
curated-v2-0468,Hotline xuyên đêm ko ai nghe 😡,Hotline xuyên đêm không ai nghe 😡,negative,dịch vụ hậu mãi,short,"[""teencode"", ""emoji""]",easy,curated-v2-g0468,curated-v2,approved
curated-v2-0469,"Toyota chăm sóc khách hàng dc, nhắc lịch đều đặn.","Toyota chăm sóc khách hàng được, nhắc lịch đều đặn.",positive,dịch vụ hậu mãi,short,"[""teencode""]",medium,curated-v2-g0469,curated-v2,approved
curated-v2-0470,"Vinfast VF 7 cập nhật phần mềm OTA miễn phí, xe cũ có tính năng mới như được tặng xe.","Vinfast Vinfast 7 cập nhật phần mềm OTA miễn phí, xe cũ có tính năng mới như được tặng xe.",positive,công nghệ & tiện nghi,review,[],medium,curated-v2-g0470,curated-v2,approved
curated-v2-0471,"Toyota Camry có 2 màn hình 12.3 inch liền mạch, nhìn hiện đại hẳn so với đời trước.","Toyota Camry có 2 màn hình 12.3 inch liền mạch, nhìn hiện đại hẳn so với đời trước.",positive,công nghệ & tiện nghi,review,[],easy,curated-v2-g0471,curated-v2,approved
curated-v2-0472,"Hyundai SantaFe có ghế lái massage, chạy đường dài bớt mỏi lưng rõ rệt.","Hyundai SantaFe có ghế lái massage, chạy đường dài bớt mỏi lưng rõ rệt.",positive,công nghệ & tiện nghi,review,[],easy,curated-v2-g0472,curated-v2,approved
curated-v2-0473,"Kia Carnival có cửa sổ trời hàng 2, trẻ con mê lắm mỗi chuyến đi xa.","Kia Carnival có cửa sổ trời hàng 2, trẻ con mê lắm mỗi chuyến đi xa.",positive,công nghệ & tiện nghi,review,[],easy,curated-v2-g0473,curated-v2,approved
curated-v2-0474,"Mazda CX-5 có Apple CarPlay không dây kết nối mượt, cầm điện thoại lên xe là tự nối.","Mazda cũng-5 có Apple CarPlay không dây kết nối mượt, cầm điện thoại lên xe là tự nối.",positive,công nghệ & tiện nghi,review,[],easy,curated-v2-g0474,curated-v2,approved
curated-v2-0475,"Vinfast VF 9 có camera 360 + cảm biến 12 điểm, đỗ xe chật dễ hơn xe cũ tôi nhiều.","Vinfast Vinfast 9 có camera 360 + cảm biến 12 điểm, đỗ xe chật dễ hơn xe cũ tôi nhiều.",positive,công nghệ & tiện nghi,review,[],medium,curated-v2-g0475,curated-v2,approved
curated-v2-0476,"Toyota Fortuner Legender có màn hình 10 inch + DVD, bảnbase thì thiếu trầm trọng đồ tiện nghi.","Toyota Fortuner Legender có màn hình 10 inch + DVD, bảnbase thì thiếu trầm trọng đồ tiện nghi.",neutral,công nghệ & tiện nghi,review,[],medium,curated-v2-g0476,curated-v2,approved
curated-v2-0477,"Honda CR-V có hàng loạt tính năng nhưng bản thấp thiếu lắm, phải lên bản cao mới đáng.","Honda CR-V có hàng loạt tính năng nhưng bản thấp thiếu lắm, phải lên bản cao mới đáng.",neutral,công nghệ & tiện nghi,review,[],medium,curated-v2-g0477,curated-v2,approved
curated-v2-0478,"Kia Seltos có sạc không dây nhưng vị trí đặt máy hơi thấp, rút điện thoại hơi khó.","Kia Seltos có sạc không dây nhưng vị trí đặt máy hơi thấp, rút điện thoại hơi khó.",neutral,công nghệ & tiện nghi,review,[],easy,curated-v2-g0478,curated-v2,approved
curated-v2-0479,"Toyota Corolla Cross có cruise control nhưng thiếu adaptive, giữ tốc thủ công thôi.","Toyota Corolla Cross có cruise control nhưng thiếu adaptive, giữ tốc thủ công thôi.",neutral,công nghệ & tiện nghi,comment,[],easy,curated-v2-g0479,curated-v2,approved
curated-v2-0480,"Màn hình nhỏ mà ok dc, dùng chính.","Màn hình nhỏ mà ok được, dùng chính.",neutral,công nghệ & tiện nghi,short,"[""teencode""]",medium,curated-v2-g0480,curated-v2,approved
curated-v2-0481,"Hyundai Accent có bản nào sạc điện thoại không dây không, hay toàn cắm dây vậy mọi người?","Hyundai Accent có bản nào sạc điện thoại không dây không, hay toàn cắm dây vậy mọi người?",neutral,công nghệ & tiện nghi,question,[],easy,curated-v2-g0481,curated-v2,approved
curated-v2-0482,"Toyota Innova Cross có ghế chỉnh điện hàng 2 không, hay chỉ hàng lái vậy anh em?","Toyota Innova Cross có ghế chỉnh điện hàng 2 không, hay chỉ hàng lái vậy anh em?",neutral,công nghệ & tiện nghi,question,[],easy,curated-v2-g0482,curated-v2,approved
curated-v2-0483,"Vinfast VF 7 trợ lý giọng nói hiểu tiếng Việt tốt, gọi mở điều hòa là chạy ngay.","Vinfast Vinfast 7 trợ lý giọng nói hiểu tiếng Việt tốt, gọi mở điều hòa là chạy ngay.",positive,công nghệ & tiện nghi,comment,[],medium,curated-v2-g0483,curated-v2,approved
curated-v2-0484,"Toyota Corolla Cross tiện nghi ít hơn Kia K5 rõ, cùng tiền Nhật thua Hàn về đồ chơi.","Toyota Corolla Cross tiện nghi ít hơn Kia K5 rõ, cùng tiền Nhật thua Hàn về đồ chơi.",negative,công nghệ & tiện nghi,comparison,[],easy,curated-v2-g0484,curated-v2,approved
curated-v2-0485,"Vinfast VF 6 app điều khiển từ xa hay lỗi, mở điều hòa 3 lần mới ăn lệnh phiền thật 😡","Vinfast Vinfast 6 app điều khiển từ xa hay lỗi, mở điều hòa 3 lần mới ăn lệnh phiền thật 😡",negative,công nghệ & tiện nghi,comment,"[""emoji""]",easy,curated-v2-g0485,curated-v2,approved
curated-v2-0486,"Toyota Vios màn hình 8 inch chậm chạp, kết nối CarPlay phải cắm dây chờ lâu mới nhận.","Toyota Vios màn hình 8 inch chậm chạp, kết nối CarPlay phải cắm dây chờ lâu mới nhận.",negative,công nghệ & tiện nghi,comment,[],easy,curated-v2-g0486,curated-v2,approved
curated-v2-0487,"Thiết kế Hyundai Elantra của 2026 mũi sắc hơn, lưới tản nhiệt rộng tạo cảm giác rộng.","Thiết kế Hyundai Elantra của 2026 mũi sắc hơn, lưới tản nhiệt rộng tạo cảm giác rộng.",positive,thiết kế,review,[],easy,curated-v2-g0487,curated-v2,approved
curated-v2-0488,"Vinfast VF 7 đèn hậu liền ngang nhìn đêm rất sang, một chi tiết thiết kế ăn tiền.","Vinfast Vinfast 7 đèn hậu liền ngang nhìn đêm rất sang, một chi tiết thiết kế ăn tiền.",positive,thiết kế,review,[],easy,curated-v2-g0488,curated-v2,approved
curated-v2-0489,"Toyota Fortuner Legender thiết kế thô cá tính, người thích xe mạnh mẽ sẽ ưng ngay.","Toyota Fortuner Legender thiết kế thô cá tính, người thích xe mạnh mẽ sẽ ưng ngay.",positive,thiết kế,review,[],easy,curated-v2-g0489,curated-v2,approved
curated-v2-0490,"Kia K5 thân xe dài thấp thể thao, đứng cạnh Toyota Camry trẻ trung hẳn 10 tuổi.","Kia K5 thân xe dài thấp thể thao, đứng cạnh Toyota Camry trẻ trung hẳn 10 tuổi.",positive,thiết kế,comparison,[],medium,curated-v2-g0490,curated-v2,approved
curated-v2-0491,"Mazda CX-5 thiết kế KODO nhìn vẫn đẹp sau 5 năm, không lỗi mốt kiểu xe Nhật chăm chút.","Mazda cũng-5 thiết kế KODO nhìn vẫn đẹp sau 5 năm, không lỗi mốt kiểu xe Nhật chăm chút.",positive,thiết kế,comparison,[],medium,curated-v2-g0491,curated-v2,approved
curated-v2-0492,"Toyota Vios 2026 giữ nguyên dáng 3 năm liền, nhìn phát chán liền muốn đổi xe khác.","Toyota Vios 2026 giữ nguyên dáng 3 năm liền, nhìn phát chán liền muốn đổi xe khác.",negative,thiết kế,review,[],easy,curated-v2-g0492,curated-v2,approved
curated-v2-0493,"Vinfast VF 5 Plus đuôi xe cụt gọn, một phần khoang hành lý bị hy sinh cho dáng xe.","Vinfast Vinfast 5 Plus đuôi xe cụt gọn, một phần khoang hành lý bị hy sinh cho dáng xe.",negative,thiết kế,review,[],medium,curated-v2-g0493,curated-v2,approved
curated-v2-0494,"Hyundai Accent 2026 mặt ca lăng to đùng, nhìn hơi lố với sedan tầm trung như vậy.","Hyundai Accent 2026 mặt ca lăng to đùng, nhìn hơi lố với sedan tầm trung như vậy.",negative,thiết kế,review,[],easy,curated-v2-g0494,curated-v2,approved
curated-v2-0495,"Mazda CX-8 sườn xe dài nhưng dáng nặng nề, đứng cạnh Kia Carnival thua về thanh thoát.","Mazda cũng-8 sườn xe dài nhưng dáng nặng nề, đứng cạnh Kia Carnival thua về thanh thoát.",negative,thiết kế,comparison,[],easy,curated-v2-g0495,curated-v2,approved
curated-v2-0496,"Toyota Fortuner Legender vs bản thường: chỉ khác cản và đèn, tiền chênh 60 triệu không đáng.","Toyota Fortuner Legender vs bản thường: chỉ khác cản và đèn, tiền chênh 60 triệu không đáng.",negative,thiết kế,comparison,[],medium,curated-v2-g0496,curated-v2,approved
curated-v2-0497,"Vinfast VF 9 ngoại hình to đẹp, nhưng đèn pha kém hơn Toyota Camry về độ tỏa xa đêm mưa.","Vinfast Vinfast 9 ngoại hình to đẹp, nhưng đèn pha kém hơn Toyota Camry về độ tỏa xa đêm mưa.",negative,thiết kế,comparison,[],hard,curated-v2-g0497,curated-v2,approved
curated-v2-0498,"Mâm xe Mazda3 đẹp nhất phân khúc sedan, không cần độ mâm gì thêm cả.","Mâm xe Mazda3 đẹp nhất phân khúc sedan, không cần độ mâm gì thêm cả.",positive,thiết kế,comment,[],easy,curated-v2-g0498,curated-v2,approved
curated-v2-0499,"Toyota Innova Cross nhìn như MPV gia đình, ổn áp không màu mè, đúng chất người Việt.","Toyota Innova Cross nhìn như MPV gia đình, ổn áp không màu mè, đúng chất người Việt.",neutral,thiết kế,comment,[],easy,curated-v2-g0499,curated-v2,approved
curated-v2-0500,"Thiết kế Vinfast vf 6 cx ok, không đặc biệt nhưng không xấu.","Thiết kế Vinfast Vinfast 6 cũng ok, không đặc biệt nhưng không xấu.",neutral,thiết kế,comment,"[""teencode"", ""brand_alias""]",easy,curated-v2-g0500,curated-v2,approved
curated-v2-0501,Thiết kế xe Toyota Fortuner 2026 có gì mới so với bản cũ vậy mọi người?,Thiết kế xe Toyota Fortuner 2026 có gì mới so với bản cũ vậy mọi người?,neutral,thiết kế,question,[],easy,curated-v2-g0501,curated-v2,approved
curated-v2-0502,"Vinfast VF 7 có mấy màu sơn, màu nào bán chạy nhất trong các showroom hiện nay?","Vinfast Vinfast 7 có mấy màu sơn, màu nào bán chạy nhất trong các showroom hiện nay?",neutral,thiết kế,question,[],easy,curated-v2-g0502,curated-v2,approved
curated-v2-0503,"Kia K5 nhìn ngoài có đẹp không, qua ảnh chụp bên showroom thấy hơi mờ mờ?","Kia K5 nhìn ngoài có đẹp không, qua ảnh chụp bên showroom thấy hơi mờ mờ?",neutral,thiết kế,question,[],easy,curated-v2-g0503,curated-v2,approved
curated-v2-0504,"Mâm xấu, đèn pha tối 😡","Mâm xấu, đèn pha tối 😡",negative,thiết kế,short,"[""emoji""]",easy,curated-v2-g0504,curated-v2,approved
curated-v2-0505,"Thiết kế đẹp, mâm to đã mắt.","Thiết kế đẹp, mâm to đã mắt.",positive,thiết kế,short,[],easy,curated-v2-g0505,curated-v2,approved
curated-v2-0506,"Ngoại hình ổn, chẳng nổi bật.","Ngoại hình ổn, chẳng nổi bật.",neutral,thiết kế,short,[],easy,curated-v2-g0506,curated-v2,approved
curated-v2-0507,"Toyota Camry thiết kế vẫn sang chảnh rấttt, đứng hàng lâu vẫn đẹp.","Toyota Camry thiết kế vẫn sang chảnh rất, đứng hàng lâu vẫn đẹp.",positive,thiết kế,short,"[""elongation""]",medium,curated-v2-g0507,curated-v2,approved
curated-v2-0508,"Cảm biến va chạm của Tucson nhạy, lùi chỗ đông người ko lo trầy xước.","Cảm biến va chạm của Tucson nhạy, lùi chỗ đông người không lo trầy xước.",positive,an toàn,comment,"[""teencode""]",medium,curated-v2-g0508,curated-v2,approved
curated-v2-0509,"Về an toàn, Fortuner hơn CX-8 rõ khi cả hai đều có gói giữ làn nhưng Toy ổn định hơn ở tốc độ cao.","Về an toàn, Fortuner hơn cũng-8 rõ khi cả hai đều có gói giữ làn nhưng Toyota ổn định hơn ở tốc độ cao.",positive,an toàn,comparison,"[""brand_alias""]",hard,curated-v2-g0509,curated-v2,approved
curated-v2-0510,Vinfast VF 7 phanh rấttt chắc tay.,Vinfast Vinfast 7 phanh rất chắc tay.,positive,an toàn,short,"[""elongation""]",medium,curated-v2-g0510,curated-v2,approved
curated-v2-0511,Mazda CX-5 2024 có thêm cảnh báo điểm mù ko các bác?,Mazda cũng-5 2024 có thêm cảnh báo điểm mù không các bác?,neutral,an toàn,question,"[""teencode""]",medium,curated-v2-g0511,curated-v2,approved
curated-v2-0512,"Xe hien tai trang bi 2 tui khi, du dung trong do thi nhung chua vuot troi so voi doi thu.","Xe hien tai trang bi 2 tui khi, du dung trong do thi nhung chua vuot troi so voi doi thu.",neutral,an toàn,comment,"[""missing_diacritics""]",medium,curated-v2-g0512,curated-v2,approved
curated-v2-0513,"ABS va EBD la cau hinh chuan cua Honda City, doc ky bang thong so se thay.","ABS va EBD la cau hinh chuan cua Honda City, doc ky bang thong so se thay.",neutral,an toàn,comment,"[""missing_diacritics""]",easy,curated-v2-g0513,curated-v2,approved
curated-v2-0514,"Nghe nói Seltos đợt trước có đợt triệu hồi, giờ bác nào dùng cho xin thông tin bản mới đã sửa chưa ko?","Nghe nói Seltos đợt trước có đợt triệu hồi, giờ bác nào dùng cho xin thông tin bản mới đã sửa chưa không?",neutral,an toàn,question,"[""teencode""]",hard,curated-v2-g0514,curated-v2,approved
curated-v2-0515,Cả Vinfast VF 6 lẫn Xpander đều đạt 4 sao về an toàn tại thử nghiệm va chạm Đông Nam Á.,Cả Vinfast Vinfast 6 lẫn Xpander đều đạt 4 sao về an toàn tại thử nghiệm va chạm Đông Nam Á.,neutral,an toàn,comparison,[],hard,curated-v2-g0515,curated-v2,approved
curated-v2-0516,Kia Sonet co camera 360 ban cao.,Kia Sonet co camera 360 ban cao.,neutral,an toàn,short,"[""missing_diacritics""]",easy,curated-v2-g0516,curated-v2,approved
curated-v2-0517,"Mình để ý hãng nào cũng quảng cáo an toàn 5 sao, thực tế chạy xe Hàn vẫn thấy đỡ chắc hơn xe Đức chút.","Mình để ý hãng nào cũng quảng cáo an toàn 5 sao, thực tế chạy xe Hàn vẫn thấy đỡ chắc hơn xe Đức chút.",neutral,an toàn,conversational,[],medium,curated-v2-g0517,curated-v2,approved
curated-v2-0518,"Cửa xe Kia Seltos tự khóa khi chạy, tính năng an toàn cơ bản hoạt động đều đặn không gặp trục trặc gì.","Cửa xe Kia Seltos tự khóa khi chạy, tính năng an toàn cơ bản hoạt động đều đặn không gặp trục trặc gì.",neutral,an toàn,comment,[],easy,curated-v2-g0518,curated-v2,approved
curated-v2-0519,"Phanh xe Vinfast từng bị triệu hồi vì lỗi dò nhiên liệu, chạy xa nhìn lại gương em mới thấy hồi hộp.","Phanh xe Vinfast từng bị triệu hồi vì lỗi dò nhiên liệu, chạy xa nhìn lại gương em mới thấy hồi hộp.",negative,an toàn,review,[],medium,curated-v2-g0519,curated-v2,approved
curated-v2-0520,"Tucson bản tiêu chuẩn chỉ có 2 túi khí, đọc thông số xong thất vọng 😡","Tucson bản tiêu chuẩn chỉ có 2 túi khí, đọc thông số xong thất vọng 😡",negative,an toàn,comment,"[""emoji""]",medium,curated-v2-g0520,curated-v2,approved
curated-v2-0521,Sao xe Hàn mấy bản thường ko có hỗ trợ phanh khẩn cấp vậy mọi người?,Sao xe Hàn mấy bản thường không có hỗ trợ phanh khẩn cấp vậy mọi người?,negative,an toàn,question,"[""teencode""]",easy,curated-v2-g0521,curated-v2,approved
curated-v2-0522,"Anh em cẩn thận với xe cũ giá rẻ, nhiều con từng va đập nặng mà vẫn bán như thường, đừng ham rẻ.","Anh em cẩn thận với xe cũ giá rẻ, nhiều con từng va đập nặng mà vẫn bán như thường, đừng ham rẻ.",negative,an toàn,conversational,[],easy,curated-v2-g0522,curated-v2,approved
curated-v2-0523,"Về mảng an toàn, Mẹc GLC hơn hẳn BMW 320i đời cũ vì thêm gói tránh va chạm chủ động.","Về mảng an toàn, Mercedes GLC hơn hẳn BMW 320i đời cũ vì thêm gói tránh va chạm chủ động.",negative,an toàn,comparison,"[""brand_alias""]",hard,curated-v2-g0523,curated-v2,approved
curated-v2-0524,VF 3 thiếu gói an toàn 😡,Vinfast 3 thiếu gói an toàn 😡,negative,an toàn,short,"[""emoji"", ""brand_alias""]",easy,curated-v2-g0524,curated-v2,approved
curated-v2-0525,Ford Territory 2025 có sạc không dây cho hàng ghế sau ko mọi người?,Ford Territory 2025 có sạc không dây cho hàng ghế sau không mọi người?,neutral,công nghệ & tiện nghi,question,"[""teencode""]",medium,curated-v2-g0525,curated-v2,approved
curated-v2-0526,"Mình thấy màn hình trung tâm của Honda City cỡ 8 inch, kết nối ổn, tính năng đủ xài.","Mình thấy màn hình trung tâm của Honda City cỡ 8 inch, kết nối ổn, tính năng đủ xài.",neutral,công nghệ & tiện nghi,conversational,[],easy,curated-v2-g0526,curated-v2,approved
curated-v2-0527,Dieu hoa tu dong 2 vung la diem chung cua phan lon ban trung trong phan khuc nay.,Dieu hoa tu dong 2 vung la diem chung cua phan lon ban trung trong phan khuc nay.,neutral,công nghệ & tiện nghi,comment,"[""missing_diacritics""]",easy,curated-v2-g0527,curated-v2,approved
curated-v2-0528,Các bác dùng trợ lý ảo tiếng Việt trên Vinfast VF 6 thấy nó nhận lệnh ra sao?,Các bác dùng trợ lý ảo tiếng Việt trên Vinfast Vinfast 6 thấy nó nhận lệnh ra sao?,neutral,công nghệ & tiện nghi,question,[],medium,curated-v2-g0528,curated-v2,approved
curated-v2-0529,"Cruise control thích ứng xuất hiện trên cả Tucson lẫn Corolla Cross, khác nhau chủ yếu ở giao diện.","Cruise control thích ứng xuất hiện trên cả Tucson lẫn Corolla Cross, khác nhau chủ yếu ở giao diện.",neutral,công nghệ & tiện nghi,comparison,[],easy,curated-v2-g0529,curated-v2,approved
curated-v2-0530,Chia khoa thong minh van chay chuan.,Chia khoa thong minh van chay chuan.,neutral,công nghệ & tiện nghi,short,"[""missing_diacritics""]",easy,curated-v2-g0530,curated-v2,approved
curated-v2-0531,"Mình thấy overall good về mảng tiện nghi trên xe Hàn tầm 700 triệu, chẳng thiếu gì lắm.","Mình thấy overall tốt về mảng tiện nghi trên xe Hàn tầm 700 triệu, chẳng thiếu gì lắm.",neutral,công nghệ & tiện nghi,conversational,"[""code_switching""]",hard,curated-v2-g0531,curated-v2,approved
curated-v2-0532,"Màn hình cảm ứng của Kicks thỉnh thoảng đơ vài giây, CarPlay tự ngắt giữa đường khó chịu.","Màn hình cảm ứng của Kicks thỉnh thoảng đơ vài giây, CarPlay tự ngắt giữa đường khó chịu.",negative,công nghệ & tiện nghi,review,[],medium,curated-v2-g0532,curated-v2,approved
curated-v2-0533,VF e34 quảng cáo hỗ trợ lái nâng cao mà dùng thực tế vẫn ko đc như mô tả 😡,Vinfast e34 quảng cáo hỗ trợ lái nâng cao mà dùng thực tế vẫn không được như mô tả 😡,negative,công nghệ & tiện nghi,comment,"[""teencode"", ""emoji"", ""brand_alias""]",hard,curated-v2-g0533,curated-v2,approved
curated-v2-0534,"Ai gặp lỗi sạc chậm ở trạm Vinfast chưa, cắm gần tiếng mới đc 60%?","Ai gặp lỗi sạc chậm ở trạm Vinfast chưa, cắm gần tiếng mới được 60%?",negative,công nghệ & tiện nghi,question,"[""teencode""]",easy,curated-v2-g0534,curated-v2,approved
curated-v2-0535,"Gói công nghệ trên CX-8 đắt hơn CX-5 mà chẳng thêm mấy tính năng đáng giá, looks poor với tầm tiền.","Gói công nghệ trên cũng-8 đắt hơn cũng-5 mà chẳng thêm mấy tính năng đáng giá, looks tệ với tầm tiền.",negative,công nghệ & tiện nghi,comparison,"[""code_switching""]",hard,curated-v2-g0535,curated-v2,approved
curated-v2-0536,"Loa Kicks nghe bad, chán.","Loa Kicks nghe tệ, chán.",negative,công nghệ & tiện nghi,short,"[""code_switching""]",easy,curated-v2-g0536,curated-v2,approved
curated-v2-0537,"Bảo dưỡng làm quen Vinfast mất bao lâu, có phải chờ đặt lịch trước nhiều ngày ko?","Bảo dưỡng làm quen Vinfast mất bao lâu, có phải chờ đặt lịch trước nhiều ngày không?",neutral,dịch vụ hậu mãi,question,"[""teencode""]",easy,curated-v2-g0537,curated-v2,approved
curated-v2-0538,"Tram dich vu cua Ford o tinh nho, phu tung dat ve mat khoang mot tuan.","Tram dich vu cua Ford o tinh nho, phu tung dat ve mat khoang mot tuan.",neutral,dịch vụ hậu mãi,review,"[""missing_diacritics""]",medium,curated-v2-g0538,curated-v2,approved
curated-v2-0539,"Chính sách mở rộng bảo hành của VF ghi rõ trên app, muốn xem thì vào mục chi phí.","Chính sách mở rộng bảo hành của Vinfast ghi rõ trên app, muốn xem thì vào mục chi phí.",neutral,dịch vụ hậu mãi,comment,"[""brand_alias""]",easy,curated-v2-g0539,curated-v2,approved
curated-v2-0540,"Mình thay lốp ở tiệm ngoài, chỉ đem xe hãng khi hết bảo hành thôi các bác ạ.","Mình thay lốp ở tiệm ngoài, chỉ đem xe hãng khi hết bảo hành thôi các bác ạ.",neutral,dịch vụ hậu mãi,conversational,[],easy,curated-v2-g0540,curated-v2,approved
curated-v2-0541,Giá bảo dưỡng định kỳ của Mazda rẻ hơn Toyota một chút trong ba năm đầu.,Giá bảo dưỡng định kỳ của Mazda rẻ hơn Toyota một chút trong ba năm đầu.,neutral,dịch vụ hậu mãi,comparison,[],easy,curated-v2-g0541,curated-v2,approved
curated-v2-0542,App Vinfast đặt lịch vẫn chạy ổn.,App Vinfast đặt lịch vẫn chạy ổn.,neutral,dịch vụ hậu mãi,short,[],medium,curated-v2-g0542,curated-v2,approved
curated-v2-0543,"Đổi nhớt Toyota hết gần 2 triệu, báo giá xong mới nói thêm phí công, kiểu này khó quay lại.","Đổi nhớt Toyota hết gần 2 triệu, báo giá xong mới nói thêm phí công, kiểu này khó quay lại.",negative,dịch vụ hậu mãi,review,[],medium,curated-v2-g0543,curated-v2,approved
curated-v2-0544,"Mitsu xử lý bảo hành theo đúng quy trình, gọi hotline lúc bận thì phải gọi lại 😐","Mitsubishi xử lý bảo hành theo đúng quy trình, gọi hotline lúc bận thì phải gọi lại 😐",neutral,dịch vụ hậu mãi,comment,"[""brand_alias"", ""emoji""]",easy,curated-v2-g0544,curated-v2,approved
curated-v2-0545,"Sao phụ tùng VF 6 hay thiếu hàng vậy, chờ đúng hai tuần mới đc?","Sao phụ tùng Vinfast 6 hay thiếu hàng vậy, chờ đúng hai tuần mới được?",negative,dịch vụ hậu mãi,question,"[""teencode"", ""brand_alias""]",medium,curated-v2-g0545,curated-v2,approved
curated-v2-0546,"Anh em cẩn thận đọc hợp đồng bảo hành mở rộng, chữ nhỏ toàn mục loại trừ chứ chẳng thêm gì đáng giá.","Anh em cẩn thận đọc hợp đồng bảo hành mở rộng, chữ nhỏ toàn mục loại trừ chứ chẳng thêm gì đáng giá.",negative,dịch vụ hậu mãi,conversational,[],hard,curated-v2-g0546,curated-v2,approved
curated-v2-0547,"Cứu hộ của Vinfast nhanh hơn Hyundai trong nội thành, nhưng ra ngoài tỉnh thì service poor lắm.","Cứu hộ của Vinfast nhanh hơn Hyundai trong nội thành, nhưng ra ngoài tỉnh thì service tệ lắm.",negative,dịch vụ hậu mãi,comparison,"[""code_switching""]",hard,curated-v2-g0547,curated-v2,approved
curated-v2-0548,Thay phụ kiện hãng đắt poor.,Thay phụ kiện hãng đắt tệ.,negative,dịch vụ hậu mãi,short,"[""code_switching""]",easy,curated-v2-g0548,curated-v2,approved
curated-v2-0549,"Hai lần hẹn bảo dưỡng đầu xe đều bị lùi lịch vào phút cuối, chán hẳn.","Hai lần hẹn bảo dưỡng đầu xe đều bị lùi lịch vào phút cuối, chán hẳn.",negative,dịch vụ hậu mãi,comment,[],medium,curated-v2-g0549,curated-v2,approved
curated-v2-0550,"VF 3 giá 240 triệu mà trang bị đầy đủ, tính ra value for money hàng đầu phân khúc xe nhỏ.","Vinfast 3 giá 240 triệu mà trang bị đầy đủ, tính ra value for money hàng đầu phân khúc xe nhỏ.",positive,giá cả,review,"[""code_switching"", ""brand_alias""]",medium,curated-v2-g0550,curated-v2,approved
curated-v2-0551,"Đại lý Hyundai đang giảm 30 triệu cho Tucson, mua lúc này hời 👍","Đại lý Hyundai đang giảm 30 triệu cho Tucson, mua lúc này hời 👍",positive,giá cả,comment,"[""emoji""]",medium,curated-v2-g0551,curated-v2,approved
curated-v2-0552,Giá Vios hiện quá hời.,Giá Vios hiện quá hời.,positive,giá cả,short,[],easy,curated-v2-g0552,curated-v2,approved
curated-v2-0553,"Cùng tầm 600 triệu, chọn CX-5 hơn Tucson vì rẻ hơn gần chục triệu mà đồ chơi không kém.","Cùng tầm 600 triệu, chọn cũng-5 hơn Tucson vì rẻ hơn gần chục triệu mà đồ chơi không kém.",positive,giá cả,comparison,[],medium,curated-v2-g0553,curated-v2,approved
curated-v2-0554,Anh em mua Kia Seltos bản 1.4 cuối năm vừa rồi cũng được kèm nhiều quà tặng.,Anh em mua Kia Seltos bản 1.4 cuối năm vừa rồi cũng được kèm nhiều quà tặng.,positive,giá cả,conversational,[],medium,curated-v2-g0554,curated-v2,approved
curated-v2-0555,"Giá lăn bánh VF 5 bản Plus hiện tại bao nhiêu rồi các bác, nghe đồn vừa hạ thêm?","Giá lăn bánh Vinfast 5 bản Plus hiện tại bao nhiêu rồi các bác, nghe đồn vừa hạ thêm?",positive,giá cả,question,"[""brand_alias""]",medium,curated-v2-g0555,curated-v2,approved
curated-v2-0556,Xe cũ đời 2021 chạy 5 vạn km giờ định giá được bao nhiêu nhỉ?,Xe cũ đời 2021 chạy 5 vạn km giờ định giá được bao nhiêu nhỉ?,neutral,giá cả,question,[],medium,curated-v2-g0556,curated-v2,approved
curated-v2-0557,Bang gia niem yet cua Honda City 2025 giu nguyen so voi nua cuoi nam truoc.,Bang gia niem yet cua Honda City 2025 giu nguyen so voi nua cuoi nam truoc.,neutral,giá cả,comment,"[""missing_diacritics""]",easy,curated-v2-g0557,curated-v2,approved
curated-v2-0558,"Lệ phí trước bạ xe điện chỉ 0%, cộng vào tổng giá lại thấy chênh ít hơn tưởng tượng.","Lệ phí trước bạ xe điện chỉ 0%, cộng vào tổng giá lại thấy chênh ít hơn tưởng tượng.",neutral,giá cả,comment,[],easy,curated-v2-g0558,curated-v2,approved
curated-v2-0559,"Mình để ý giá Vinfast VF 7 nhích lên chút so với lúc ra mắt, trong khi đối thủ giữ nguyên.","Mình để ý giá Vinfast Vinfast 7 nhích lên chút so với lúc ra mắt, trong khi đối thủ giữ nguyên.",neutral,giá cả,conversational,[],hard,curated-v2-g0559,curated-v2,approved
curated-v2-0560,Mẹc GLC đắt hơn BMW 320i khoảng 300 triệu ở cùng bản máy xăng.,Mercedes GLC đắt hơn BMW 320i khoảng 300 triệu ở cùng bản máy xăng.,neutral,giá cả,comparison,"[""brand_alias""]",medium,curated-v2-g0560,curated-v2,approved
curated-v2-0561,Giá lăn bánh khoảng 545 triệu.,Giá lăn bánh khoảng 545 triệu.,neutral,giá cả,short,[],easy,curated-v2-g0561,curated-v2,approved
curated-v2-0562,"Lux SA chạm mốc hơn 1,2 tỷ sau khi nâng cấp, mức giá vượt xa giá trị nó mang lại.","Lux SA chạm mốc hơn 1,2 tỷ sau khi nâng cấp, mức giá vượt xa giá trị nó mang lại.",negative,giá cả,review,[],medium,curated-v2-g0562,curated-v2,approved
curated-v2-0563,"Mình thấy Honda City hạ bao nhiêu cũng chưa đủ, từ giá gốc lên tới lăn bánh vẫn đội.","Mình thấy Honda City hạ bao nhiêu cũng chưa đủ, từ giá gốc lên tới lăn bánh vẫn đội.",negative,giá cả,conversational,[],medium,curated-v2-g0563,curated-v2,approved
curated-v2-0564,"Xe Hàn tăng giá đợt này 20 triệu là sao, lương tăng đâu mà theo kịp 😡?","Xe Hàn tăng giá đợt này 20 triệu là sao, lương tăng đâu mà theo kịp 😡?",negative,giá cả,question,"[""emoji""]",hard,curated-v2-g0564,curated-v2,approved
curated-v2-0565,"Các bác ơi, Toyota tăng giá Vios 3 đợt liên tiếp mà đồ chơi y nguyên, ko rõ để làm gì.","Các bác ơi, Toyota tăng giá Vios 3 đợt liên tiếp mà đồ chơi y nguyên, không rõ để làm gì.",negative,giá cả,conversational,"[""teencode""]",medium,curated-v2-g0565,curated-v2,approved
curated-v2-0566,"Cùng dung tích, Fortuner đắt hơn Everest nhưng trang bị kém hơn, số tiền chênh coi như mất trắng.","Cùng dung tích, Fortuner đắt hơn Everest nhưng trang bị kém hơn, số tiền chênh coi như mất trắng.",negative,giá cả,comparison,[],hard,curated-v2-g0566,curated-v2,approved
curated-v2-0567,Giá xe Vinfast tăng chán 😡,Giá xe Vinfast tăng chán 😡,negative,giá cả,short,"[""emoji""]",easy,curated-v2-g0567,curated-v2,approved
curated-v2-0568,"Đặt cọc VF 8 từ đầu năm, đến giờ giá nhích thêm 25 triệu mà xe vẫn chưa về, nản.","Đặt cọc Vinfast 8 từ đầu năm, đến giờ giá nhích thêm 25 triệu mà xe vẫn chưa về, nản.",negative,giá cả,review,"[""brand_alias""]",medium,curated-v2-g0568,curated-v2,approved
curated-v2-0569,"Mình thấy overall giá xe Trung Quốc rẻ hơn xe Hàn chừng 10%, tuỳ người cân nhắc.","Mình thấy overall giá xe Trung Quốc rẻ hơn xe Hàn chừng 10%, tuỳ người cân nhắc.",neutral,giá cả,conversational,"[""code_switching""]",medium,curated-v2-g0569,curated-v2,approved
curated-v2-0570,"Mazda CX-5 chạy nội thành bình quân 7,5 lít/100km, với cỡ xe này mình thấy hợp lý.","Mazda cũng-5 chạy nội thành bình quân 7,5 lít/100km, với cỡ xe này mình thấy hợp lý.",positive,mức tiêu hao nhiên liệu,review,[],easy,curated-v2-g0570,curated-v2,approved
curated-v2-0571,Xăng Yaris tốn ít hơn xe cũ của mình chạy cùng tuyến 👍,Xăng Yaris tốn ít hơn xe cũ của mình chạy cùng tuyến 👍,positive,mức tiêu hao nhiên liệu,comment,"[""emoji""]",easy,curated-v2-g0571,curated-v2,approved
curated-v2-0572,VF 5 chạy đỡ tốn điện rấttt.,Vinfast 5 chạy đỡ tốn điện rất.,positive,mức tiêu hao nhiên liệu,short,"[""elongation"", ""brand_alias""]",medium,curated-v2-g0572,curated-v2,approved
curated-v2-0573,"Fortuner máy dầu tiết kiệm hơn Everest rõ ở dải tốc độ cao, chạy 100km/h chỉ tốn khoảng 7 lít.","Fortuner máy dầu tiết kiệm hơn Everest rõ ở dải tốc độ cao, chạy 100km/h chỉ tốn khoảng 7 lít.",positive,mức tiêu hao nhiên liệu,comparison,[],medium,curated-v2-g0573,curated-v2,approved
curated-v2-0574,"Mình chạy City hybrid mỗi tuần 100km mà bình xăng vẫn còn, đỡ lo giá xăng.","Mình chạy City hybrid mỗi tuần 100km mà bình xăng vẫn còn, đỡ lo giá xăng.",positive,mức tiêu hao nhiên liệu,conversational,[],medium,curated-v2-g0574,curated-v2,approved
curated-v2-0575,"Vinfast VF 6 đi quãng ngắn trong phố chỉ tốn chừng 10k tiền điện mỗi ngày, tiết kiệm thấy rõ.","Vinfast Vinfast 6 đi quãng ngắn trong phố chỉ tốn chừng 10k tiền điện mỗi ngày, tiết kiệm thấy rõ.",positive,mức tiêu hao nhiên liệu,review,[],easy,curated-v2-g0575,curated-v2,approved
curated-v2-0576,"Chế độ Eco của Tucson giảm hẳn mức tiêu thụ, chạy đường trường rất vừa ví 👍","Chế độ Eco của Tucson giảm hẳn mức tiêu thụ, chạy đường trường rất vừa ví 👍",positive,mức tiêu hao nhiên liệu,comment,"[""emoji""]",medium,curated-v2-g0576,curated-v2,approved
curated-v2-0577,Xăng City khá ít tốn.,Xăng City khá ít tốn.,positive,mức tiêu hao nhiên liệu,short,[],easy,curated-v2-g0577,curated-v2,approved
curated-v2-0578,"Mazda CX-8 chạy thực tế bao nhiêu lít trên 100km, số công bố mình thấy hơi thấp?","Mazda cũng-8 chạy thực tế bao nhiêu lít trên 100km, số công bố mình thấy hơi thấp?",neutral,mức tiêu hao nhiên liệu,question,[],medium,curated-v2-g0578,curated-v2,approved
curated-v2-0579,"Vios may xang tieu thu khoang 6 lit noi thanh va 4,5 lit cao toc theo dong ho.","Vios may xang tieu thu khoang 6 lit noi thanh va 4,5 lit cao toc theo dong ho.",neutral,mức tiêu hao nhiên liệu,comment,"[""missing_diacritics""]",easy,curated-v2-g0579,curated-v2,approved
curated-v2-0580,"Đồng hồ của Corolla Cross hybrid hiển thị 4,1 lít/100km sau 2.000 km đầu tiên.","Đồng hồ của Corolla Cross hybrid hiển thị 4,1 lít/100km sau 2.000 km đầu tiên.",neutral,mức tiêu hao nhiên liệu,comment,[],easy,curated-v2-g0580,curated-v2,approved
curated-v2-0581,Mức tiêu hao của Xpander trung bình average.,Mức tiêu hao của Xpander trung bình tạm.,neutral,mức tiêu hao nhiên liệu,short,"[""code_switching""]",easy,curated-v2-g0581,curated-v2,approved
curated-v2-0582,"Nghe anh em chạy dài bảo VF 9 lên speed cao là pin tụt, mình thử cũng thấy rơi rõ hơn khi vượt 100 km/h.","Nghe anh em chạy dài bảo Vinfast 9 lên speed cao là pin tụt, mình thử cũng thấy rơi rõ hơn khi vượt 100 km/h.",neutral,mức tiêu hao nhiên liệu,conversational,"[""code_switching"", ""brand_alias""]",hard,curated-v2-g0582,curated-v2,approved
curated-v2-0583,Mức tiêu thụ của Tucson bản xăng cao hơn Corolla Cross hybrid khoảng 2 lít trong cùng điều kiện.,Mức tiêu thụ của Tucson bản xăng cao hơn Corolla Cross hybrid khoảng 2 lít trong cùng điều kiện.,neutral,mức tiêu hao nhiên liệu,comparison,[],easy,curated-v2-g0583,curated-v2,approved
curated-v2-0584,"Xpander chở đủ người bật điều hòa nhảy lên 10 lít/100km, con số vượt xa quảng cáo.","Xpander chở đủ người bật điều hòa nhảy lên 10 lít/100km, con số vượt xa quảng cáo.",negative,mức tiêu hao nhiên liệu,review,[],medium,curated-v2-g0584,curated-v2,approved
curated-v2-0585,"Máy dầu Everest tiết kiệm gì đâu, chạy phố vẫn 9 lít 😡","Máy dầu Everest tiết kiệm gì đâu, chạy phố vẫn 9 lít 😡",negative,mức tiêu hao nhiên liệu,comment,"[""emoji""]",easy,curated-v2-g0585,curated-v2,approved
curated-v2-0586,"VF 8 quảng cáo 400km thực tế đc bao nhiêu, sao chạy 280km đã phải sạc?","Vinfast 8 quảng cáo 400km thực tế được bao nhiêu, sao chạy 280km đã phải sạc?",negative,mức tiêu hao nhiên liệu,question,"[""teencode"", ""brand_alias""]",hard,curated-v2-g0586,curated-v2,approved
curated-v2-0587,"Anh em ai cũng than Kicks chạy cao tốc tốn xăng, mình đo thử đúng thật, đồng hồ lơ lửng 7,8 lít.","Anh em ai cũng than Kicks chạy cao tốc tốn xăng, mình đo thử đúng thật, đồng hồ lơ lửng 7,8 lít.",negative,mức tiêu hao nhiên liệu,conversational,[],easy,curated-v2-g0587,curated-v2,approved
curated-v2-0588,"Trong hai bản máy xăng, Innova ăn xăng hơn CX-8 mà giá lại cao hơn, kém hiệu quả khó bỏ qua.","Trong hai bản máy xăng, Innova ăn xăng hơn cũng-8 mà giá lại cao hơn, kém hiệu quả khó bỏ qua.",negative,mức tiêu hao nhiên liệu,comparison,[],hard,curated-v2-g0588,curated-v2,approved
curated-v2-0589,Xăng Xpander tốn khá bad.,Xăng Xpander tốn khá tệ.,negative,mức tiêu hao nhiên liệu,short,"[""code_switching""]",easy,curated-v2-g0589,curated-v2,approved
curated-v2-0590,"VF e34 chạy cao tốc tụt pin nhanh bất thường, 100 km đầu đã mất gần 40%, thật không ổn.","Vinfast e34 chạy cao tốc tụt pin nhanh bất thường, 100 km đầu đã mất gần 40%, thật không ổn.",negative,mức tiêu hao nhiên liệu,review,"[""brand_alias""]",medium,curated-v2-g0590,curated-v2,approved
curated-v2-0591,"Accent đời cũ uống xăng như xe cỡ lớn, mỗi tháng tốn thêm gần cả triệu 😡","Accent đời cũ uống xăng như xe cỡ lớn, mỗi tháng tốn thêm gần cả triệu 😡",negative,mức tiêu hao nhiên liệu,comment,"[""emoji""]",medium,curated-v2-g0591,curated-v2,approved
curated-v2-0592,"Chạy đúng lịch bảo dưỡng mà xe vẫn tốn xăng quáaa, có bác nào bị giống em ko?","Chạy đúng lịch bảo dưỡng mà xe vẫn tốn xăng quá, có bác nào bị giống em không?",negative,mức tiêu hao nhiên liệu,question,"[""teencode"", ""elongation""]",hard,curated-v2-g0592,curated-v2,approved
curated-v2-0593,"Ghế da VF 7 bản cao êm và thoáng khí, ngồi dài đường lưng không hề mỏi.","Ghế da Vinfast 7 bản cao êm và thoáng khí, ngồi dài đường lưng không hề mỏi.",positive,nội thất,review,"[""brand_alias""]",easy,curated-v2-g0593,curated-v2,approved
curated-v2-0594,Nội thất Tucson sang rấttt.,Nội thất Tucson sang rất.,positive,nội thất,short,"[""elongation""]",medium,curated-v2-g0594,curated-v2,approved
curated-v2-0595,Chất liệu ghế và khoảng để chân của Mẹc GLC nhỉnh hơn BMW 320i cùng đời một bậc.,Chất liệu ghế và khoảng để chân của Mercedes GLC nhỉnh hơn BMW 320i cùng đời một bậc.,positive,nội thất,comparison,"[""brand_alias""]",medium,curated-v2-g0595,curated-v2,approved
curated-v2-0596,"Mình ưng nhất khoang lái Camry, gỗ và kim loại phối vừa mắt, sáng ra mở cửa thấy dễ chịu.","Mình ưng nhất khoang lái Camry, gỗ và kim loại phối vừa mắt, sáng ra mở cửa thấy dễ chịu.",positive,nội thất,conversational,[],easy,curated-v2-g0596,curated-v2,approved
curated-v2-0597,"Cốp Xpander rộng, nhét thêm cả xe đạp con 👍","Cốp Xpander rộng, nhét thêm cả xe đạp con 👍",positive,nội thất,comment,"[""emoji""]",easy,curated-v2-g0597,curated-v2,approved
curated-v2-0598,"Hàng ghế sau của VF 9 gập phẳng thành giường, chuyến Đà Lạt cả nhà nằm ngủ ngon lành.","Hàng ghế sau của Vinfast 9 gập phẳng thành giường, chuyến Đà Lạt cả nhà nằm ngủ ngon lành.",positive,nội thất,review,"[""brand_alias""]",easy,curated-v2-g0598,curated-v2,approved
curated-v2-0599,Vô lăng bọc da êm tay.,Vô lăng bọc da êm tay.,positive,nội thất,short,[],easy,curated-v2-g0599,curated-v2,approved
curated-v2-0600,"Về nội thất, Vinfast VF 8 dùng nhiều chất liệu mềm hơn Kia Sorento ở tầm giá tương đương.","Về nội thất, Vinfast Vinfast 8 dùng nhiều chất liệu mềm hơn Kia Sorento ở tầm giá tương đương.",positive,nội thất,comparison,[],medium,curated-v2-g0600,curated-v2,approved
curated-v2-0601,CX-5 bản cao có thương hiệu âm thanh nào không các bác?,cũng-5 bản cao có thương hiệu âm thanh nào không các bác?,neutral,nội thất,question,[],medium,curated-v2-g0601,curated-v2,approved
curated-v2-0602,"Nội thất Seltos dùng nhiều nhựa cứng ở vùng chạm tay, điểm xuyết thêm đường chỉ màu tương phản.","Nội thất Seltos dùng nhiều nhựa cứng ở vùng chạm tay, điểm xuyết thêm đường chỉ màu tương phản.",neutral,nội thất,comment,[],easy,curated-v2-g0602,curated-v2,approved
curated-v2-0603,"Khoang hanh ly cua Accent 475 lit, thuoc nhom trung binh cua phan khuc sedan nho.","Khoang hanh ly cua Accent 475 lit, thuoc nhom trung binh cua phan khuc sedan nho.",neutral,nội thất,comment,"[""missing_diacritics""]",medium,curated-v2-g0603,curated-v2,approved
curated-v2-0604,"Mình thấy nội thất Vinfast VF 6 tối giản kiểu xe điện mới, thích thì mê còn không thì thấy hơi trống.","Mình thấy nội thất Vinfast Vinfast 6 tối giản kiểu xe điện mới, thích thì mê còn không thì thấy hơi trống.",neutral,nội thất,conversational,[],medium,curated-v2-g0604,curated-v2,approved
curated-v2-0605,"Hàng ghế ba của Xpander rộng hơn Rush một chút, còn chất liệu thì ngang nhau.","Hàng ghế ba của Xpander rộng hơn Rush một chút, còn chất liệu thì ngang nhau.",neutral,nội thất,comparison,[],easy,curated-v2-g0605,curated-v2,approved
curated-v2-0606,Ghe sau Corolla Cross vua du.,Ghe sau Corolla Cross vua du.,neutral,nội thất,short,"[""missing_diacritics""]",medium,curated-v2-g0606,curated-v2,approved
curated-v2-0607,Kia Carnival có màn hình giải trí riêng cho hai hàng ghế sau không mọi người?,Kia Carnival có màn hình giải trí riêng cho hai hàng ghế sau không mọi người?,neutral,nội thất,question,[],easy,curated-v2-g0607,curated-v2,approved
curated-v2-0608,"Da ghế của Fadil mới một năm đã bong từng mảng, hãng bảo do thời tiết, khó chấp nhận 😡","Da ghế của Fadil mới một năm đã bong từng mảng, hãng bảo do thời tiết, khó chấp nhận 😡",negative,nội thất,review,"[""emoji""]",hard,curated-v2-g0608,curated-v2,approved
curated-v2-0609,"Nội thất Attrage toàn nhựa cứng, nhìn poor 😡","Nội thất Attrage toàn nhựa cứng, nhìn tệ 😡",negative,nội thất,comment,"[""brand_alias"", ""code_switching"", ""emoji""]",easy,curated-v2-g0609,curated-v2,approved
curated-v2-0610,"Sao Rush bản cao vẫn ko có ghế chỉnh điện hàng trước vậy, dùng lâu mỏi lưng thật?","Sao Rush bản cao vẫn không có ghế chỉnh điện hàng trước vậy, dùng lâu mỏi lưng thật?",negative,nội thất,question,"[""teencode""]",hard,curated-v2-g0610,curated-v2,approved
curated-v2-0611,"Anh em à, khoang lái nhìn sang mà ngồi một tiếng là lưng đau, ghế cứng như đá.","Anh em à, khoang lái nhìn sang mà ngồi một tiếng là lưng đau, ghế cứng như đá.",negative,nội thất,conversational,[],medium,curated-v2-g0611,curated-v2,approved
curated-v2-0612,"Seltos bản tiêu chuẩn thua xa bản cao cấp về nội thất, mất hẳn màn hình kỹ thuật số và ghế chỉnh điện.","Seltos bản tiêu chuẩn thua xa bản cao cấp về nội thất, mất hẳn màn hình kỹ thuật số và ghế chỉnh điện.",negative,nội thất,comparison,[],hard,curated-v2-g0612,curated-v2,approved
curated-v2-0613,Mùi nội thất VF 3 hăng quá 😡,Mùi nội thất Vinfast 3 hăng quá 😡,negative,nội thất,short,"[""emoji"", ""brand_alias""]",easy,curated-v2-g0613,curated-v2,approved
curated-v2-0614,"Cửa taplo của City kêu lạch cạch mỗi lần qua gờ giảm tốc, hai lần sửa chưa hết 😡","Cửa taplo của City kêu lạch cạch mỗi lần qua gờ giảm tốc, hai lần sửa chưa hết 😡",negative,nội thất,review,"[""emoji""]",medium,curated-v2-g0614,curated-v2,approved
curated-v2-0615,Khoang lái Accent chật bad.,Khoang lái Accent chật tệ.,negative,nội thất,short,"[""code_switching""]",easy,curated-v2-g0615,curated-v2,approved
curated-v2-0616,"Đuôi xe Vinfast VF 8 với dải đèn xuyên thanh mảnh, nhìn buổi tối sang và dễ nhận diện.","Đuôi xe Vinfast Vinfast 8 với dải đèn xuyên thanh mảnh, nhìn buổi tối sang và dễ nhận diện.",positive,thiết kế,review,[],easy,curated-v2-g0616,curated-v2,approved
curated-v2-0617,Mặt nạ Tucson quáaa ngầu.,Mặt nạ Tucson quá ngầu.,positive,thiết kế,short,"[""elongation""]",medium,curated-v2-g0617,curated-v2,approved
curated-v2-0618,Sơn hai tông màu của CX-5 bản Signature nhìn xịn hơn giá tiền 👍,Sơn hai tông màu của cũng-5 bản Signature nhìn xịn hơn giá tiền 👍,positive,thiết kế,comment,"[""emoji""]",medium,curated-v2-g0618,curated-v2,approved
curated-v2-0619,Vinfast VF 7 sắp ra bản nâng cấp đổi mặt trước không mọi người?,Vinfast Vinfast 7 sắp ra bản nâng cấp đổi mặt trước không mọi người?,neutral,thiết kế,question,[],medium,curated-v2-g0619,curated-v2,approved
curated-v2-0620,"Mình nhìn thiết kế Innova Crysta thấy thiên về bề thế, ít góc cạnh hơn thế hệ cũ.","Mình nhìn thiết kế Innova Crysta thấy thiên về bề thế, ít góc cạnh hơn thế hệ cũ.",neutral,thiết kế,conversational,[],easy,curated-v2-g0620,curated-v2,approved
curated-v2-0621,Màu sơn xanh đêm của Seltos phải nhìn gần mới thấy đổi tông.,Màu sơn xanh đêm của Seltos phải nhìn gần mới thấy đổi tông.,neutral,thiết kế,comment,[],easy,curated-v2-g0621,curated-v2,approved
curated-v2-0622,"Mình thấy overall looks good phần mui xe coupe của VF 6, còn hông xe thì vẫn mảnh.","Mình thấy overall looks tốt phần mui xe coupe của Vinfast 6, còn hông xe thì vẫn mảnh.",neutral,thiết kế,conversational,"[""code_switching"", ""brand_alias""]",hard,curated-v2-g0622,curated-v2,approved
curated-v2-0623,Kích thước tổng thể của Corolla Cross và Kicks chênh nhau chưa đầy 5 cm.,Kích thước tổng thể của Corolla Cross và Kicks chênh nhau chưa đầy 5 cm.,neutral,thiết kế,comparison,[],easy,curated-v2-g0623,curated-v2,approved
curated-v2-0624,Đuôi xe Kia Sonet gọn gàng.,Đuôi xe Kia Sonet gọn gàng.,neutral,thiết kế,short,[],easy,curated-v2-g0624,curated-v2,approved
curated-v2-0625,"Mặt trước VF e34 bị chê chỉa hất xuống nên hãng phải chỉnh lại, người mua bản đầu tiếc đó.","Mặt trước Vinfast e34 bị chê chỉa hất xuống nên hãng phải chỉnh lại, người mua bản đầu tiếc đó.",negative,thiết kế,review,"[""brand_alias""]",easy,curated-v2-g0625,curated-v2,approved
curated-v2-0626,Mâm xe Accent bản thường nhìn poor xấu 😡,Mâm xe Accent bản thường nhìn tệ xấu 😡,negative,thiết kế,comment,"[""code_switching"", ""emoji""]",easy,curated-v2-g0626,curated-v2,approved
curated-v2-0627,"Sao Vios đời mới ko đổi thiết kế gì đáng kể, nhìn chán hơn đối thủ nhỉ?","Sao Vios đời mới không đổi thiết kế gì đáng kể, nhìn chán hơn đối thủ nhỉ?",negative,thiết kế,question,"[""teencode""]",hard,curated-v2-g0627,curated-v2,approved
curated-v2-0628,"Anh em xem hình CX-8 bản mới chưa, lưới tản nhiệt to đùng nhìn rối cả mặt xe.","Anh em xem hình cũng-8 bản mới chưa, lưới tản nhiệt to đùng nhìn rối cả mặt xe.",negative,thiết kế,conversational,[],medium,curated-v2-g0628,curated-v2,approved
curated-v2-0629,Mặt trước Sonet chán quá 😡,Mặt trước Sonet chán quá 😡,negative,thiết kế,short,"[""emoji""]",easy,curated-v2-g0629,curated-v2,approved
curated-v2-0630,"Động cơ 2.0 của Camry chạy êm và đủ sức vượt xe trong thành phố, bật mạnh điều hòa vẫn không yếu đi.","Động cơ 2.0 của Camry chạy êm và đủ sức vượt xe trong thành phố, bật mạnh điều hòa vẫn không yếu đi.",positive,động cơ,review,[],easy,curated-v2-g0630,curated-v2,approved
curated-v2-0631,"Trong phân khúc máy dầu, Everest rú hơn Fortuner một nhịp khi bấm vượt, dư sức bám theo.","Trong phân khúc máy dầu, Everest rú hơn Fortuner một nhịp khi bấm vượt, dư sức bám theo.",positive,động cơ,comparison,[],medium,curated-v2-g0631,curated-v2,approved
curated-v2-0632,Máy Vios chạy êm rấttt.,Máy Vios chạy êm rất.,positive,động cơ,short,"[""elongation""]",medium,curated-v2-g0632,curated-v2,approved
curated-v2-0633,"Anh em thích cảm giác lái thì chọn CX-5 2.5, chạm ga là xe vọt lên, đáng từng đồng.","Anh em thích cảm giác lái thì chọn cũng-5 2.5, chạm ga là xe vọt lên, đáng từng đồng.",positive,động cơ,conversational,[],medium,curated-v2-g0633,curated-v2,approved
curated-v2-0634,"Động cơ hybrid của Corolla Cross chạy phố siêu tiết kiệm, khởi động êm ru 👍","Động cơ hybrid của Corolla Cross chạy phố siêu tiết kiệm, khởi động êm ru 👍",positive,động cơ,comment,"[""emoji""]",medium,curated-v2-g0634,curated-v2,approved
curated-v2-0635,Xe mới mua có cần rà máy sau 1.000 km đầu không các bác?,Xe mới mua có cần rà máy sau 1.000 km đầu không các bác?,neutral,động cơ,question,[],medium,curated-v2-g0635,curated-v2,approved
curated-v2-0636,"May 1.5 cua Accent cong suat 115 ma luc, phu hop di chuyen chu yeu trong do thi.","May 1.5 cua Accent cong suat 115 ma luc, phu hop di chuyen chu yeu trong do thi.",neutral,động cơ,comment,"[""missing_diacritics""]",easy,curated-v2-g0636,curated-v2,approved
curated-v2-0637,Động cơ 1.5 của Kia Seltos hoạt động mượt ở dải vòng tua thấp.,Động cơ 1.5 của Kia Seltos hoạt động mượt ở dải vòng tua thấp.,neutral,động cơ,comment,[],easy,curated-v2-g0637,curated-v2,approved
curated-v2-0638,"Mình đổi từ xe xăng sang Vinfast VF 5, cảm giác ga ban đầu khác xa nhưng quen dần cũng ổn.","Mình đổi từ xe xăng sang Vinfast Vinfast 5, cảm giác ga ban đầu khác xa nhưng quen dần cũng ổn.",neutral,động cơ,conversational,[],medium,curated-v2-g0638,curated-v2,approved
curated-v2-0639,"Dung tích động cơ của Tucson 1.6 và CX-5 2.0 chênh nhau khoảng 0,4 lít.","Dung tích động cơ của Tucson 1.6 và cũng-5 2.0 chênh nhau khoảng 0,4 lít.",neutral,động cơ,comparison,[],easy,curated-v2-g0639,curated-v2,approved
curated-v2-0640,Máy 320i chạy êm đều.,Máy 320i chạy êm đều.,neutral,động cơ,short,[],easy,curated-v2-g0640,curated-v2,approved
curated-v2-0641,"Máy 1.5 của City quá yếu khi chở đủ 5 người lên dốc, đạp sâu vòng tua gào mà xe không nhích.","Máy 1.5 của City quá yếu khi chở đủ 5 người lên dốc, đạp sâu vòng tua gào mà xe không nhích.",negative,động cơ,review,[],medium,curated-v2-g0641,curated-v2,approved
curated-v2-0642,Động cơ Kicks ba xi lanh rung rõ khi dừng đợi đèn đỏ 😡,Động cơ Kicks ba xi lanh rung rõ khi dừng đợi đèn đỏ 😡,negative,động cơ,comment,"[""emoji""]",easy,curated-v2-g0642,curated-v2,approved
curated-v2-0643,"Nhiều người bảo VF 3 ga đầu yếu, chạy thật sự có kém vậy không mọi người?","Nhiều người bảo Vinfast 3 ga đầu yếu, chạy thật sự có kém vậy không mọi người?",negative,động cơ,question,"[""brand_alias""]",hard,curated-v2-g0643,curated-v2,approved
curated-v2-0644,"Chán cái máy 1.6 của Accent lắm rồi, lên cao tốc 100 km/h là ko còn sức vút nữa.","Chán cái máy 1.6 của Accent lắm rồi, lên cao tốc 100 km/h là không còn sức vút nữa.",negative,động cơ,conversational,"[""teencode""]",medium,curated-v2-g0644,curated-v2,approved
curated-v2-0645,"Xpander yếu hơn cả Vios về tăng tốc dù khoang xe to hơn, chọn nhầm là tiếc.","Xpander yếu hơn cả Vios về tăng tốc dù khoang xe to hơn, chọn nhầm là tiếc.",negative,động cơ,comparison,[],hard,curated-v2-g0645,curated-v2,approved
curated-v2-0646,"Động cơ diesel của Ranger ù ở vòng tua thấp, vào số liên tục nghe tiếng gõ kim loại khó chịu.","Động cơ diesel của Ranger ù ở vòng tua thấp, vào số liên tục nghe tiếng gõ kim loại khó chịu.",negative,động cơ,review,[],medium,curated-v2-g0646,curated-v2,approved
curated-v2-0647,Đồng hồ vòng tua của CX-5 dao động quanh 1.800 rpm khi chạy 80 km/h.,Đồng hồ vòng tua của cũng-5 dao động quanh 1.800 rpm khi chạy 80 km/h.,neutral,động cơ,comment,[],medium,curated-v2-g0647,curated-v2,approved
curated-v2-0648,"Hyundai Tucson có 6 túi khí và cân bằng điện tử tiêu chuẩn, chạy cao tốc thấy yên tâm hẳn 👍","Hyundai Tucson có 6 túi khí và cân bằng điện tử tiêu chuẩn, chạy cao tốc thấy yên tâm hẳn 👍",positive,an toàn,review,"[""emoji""]",medium,curated-v2-g0648,curated-v2,approved
curated-v2-0649,"Toyota Fortuner phanh chắc, phanh khẩn cấp tự động cứu mình một lần ở vành đai 3 👍","Toyota Fortuner phanh chắc, phanh khẩn cấp tự động cứu mình một lần ở vành đai 3 👍",positive,an toàn,comment,"[""emoji""]",medium,curated-v2-g0649,curated-v2,approved
curated-v2-0650,"VF 7 có cảnh báo điểm mù nhạy, chạy đêm cx thấy an tâm hơn hẳn 👍","Vinfast 7 có cảnh báo điểm mù nhạy, chạy đêm cũng thấy an tâm hơn hẳn 👍",positive,an toàn,conversational,"[""teencode"", ""emoji"", ""brand_alias""]",hard,curated-v2-g0650,curated-v2,approved
curated-v2-0651,Ford Territory có mấy túi khí và bản cao đã có gói ADAS chưa các bác?,Ford Territory có mấy túi khí và bản cao đã có gói ADAS chưa các bác?,neutral,an toàn,question,[],easy,curated-v2-g0651,curated-v2,approved
curated-v2-0652,Vios số lượng túi khí tùy bản.,Vios số lượng túi khí tùy bản.,neutral,an toàn,short,[],easy,curated-v2-g0652,curated-v2,approved
curated-v2-0653,"Mình chạy Vinfast Lux A2.0 trên phố một tháng, cảnh báo va chạm nhắc nhiều lúc đường thoáng nhưng chưa phiền.","Mình chạy Vinfast Lux A2.0 trên phố một tháng, cảnh báo va chạm nhắc nhiều lúc đường thoáng nhưng chưa phiền.",neutral,an toàn,review,[],medium,curated-v2-g0653,curated-v2,approved
curated-v2-0654,Honda CR-V đời 2024 có theo gói Honda Sensing từ bản nào ko?,Honda CR-V đời 2024 có theo gói Honda Sensing từ bản nào không?,neutral,an toàn,question,"[""teencode""]",medium,curated-v2-g0654,curated-v2,approved
curated-v2-0655,"Chạy 500 cây đầu với VF 6, mình thấy chế độ hạn chế tốc độ hơi khó quen chứ chưa phiền.","Chạy 500 cây đầu với Vinfast 6, mình thấy chế độ hạn chế tốc độ hơi khó quen chứ chưa phiền.",neutral,an toàn,conversational,"[""brand_alias""]",medium,curated-v2-g0655,curated-v2,approved
curated-v2-0656,"Cả Kia Seltos lẫn Hyundai Creta đều 6 túi khí, khác nhau chỉ ở gói ADAS tùy chọn.","Cả Kia Seltos lẫn Hyundai Creta đều 6 túi khí, khác nhau chỉ ở gói ADAS tùy chọn.",neutral,an toàn,comparison,[],hard,curated-v2-g0656,curated-v2,approved
curated-v2-0657,Seltos có camera 360 từ bản giữa.,Seltos có camera 360 từ bản giữa.,neutral,an toàn,short,[],easy,curated-v2-g0657,curated-v2,approved
curated-v2-0658,"Nghe nói Ford Everest bản mới thêm gói ADAS, có an toàn hơn bản cũ hả các bác?","Nghe nói Ford Everest bản mới thêm gói ADAS, có an toàn hơn bản cũ hả các bác?",neutral,an toàn,question,[],easy,curated-v2-g0658,curated-v2,approved
curated-v2-0659,"Mazda CX-5 chạm nhẹ vào bướm là cảnh báo va chạm kêu inh ỏi dù đường thoáng, rất khó chịu.","Mazda cũng-5 chạm nhẹ vào bướm là cảnh báo va chạm kêu inh ỏi dù đường thoáng, rất khó chịu.",negative,an toàn,comment,[],easy,curated-v2-g0659,curated-v2,approved
curated-v2-0660,"Hyundai Accent bản tiêu chuẩn chỉ có 2 túi khí, tiết kiệm kiểu này ko chịu nổi.","Hyundai Accent bản tiêu chuẩn chỉ có 2 túi khí, tiết kiệm kiểu này không chịu nổi.",negative,an toàn,comment,"[""teencode""]",medium,curated-v2-g0660,curated-v2,approved
curated-v2-0661,"Vinfast VF e34 báo lỗi phanh liên tục trên quãng dốc, có bác nào gặp tình trạng tương tự chưa?","Vinfast Vinfast e34 báo lỗi phanh liên tục trên quãng dốc, có bác nào gặp tình trạng tương tự chưa?",negative,an toàn,question,"[""brand_alias""]",medium,curated-v2-g0661,curated-v2,approved
curated-v2-0662,"Mình chạy thử VF 5, phanh hồi khá mềm nên lúc xuống dốc thật sự ko yên tâm 😡","Mình chạy thử Vinfast 5, phanh hồi khá mềm nên lúc xuống dốc thật sự không yên tâm 😡",negative,an toàn,conversational,"[""teencode"", ""emoji"", ""brand_alias""]",medium,curated-v2-g0662,curated-v2,approved
curated-v2-0663,Toy ta khong canh bao diem mu dang tiec.,Toyota ta khong canh bao diem mu dang tiec.,negative,an toàn,short,"[""missing_diacritics"", ""brand_alias""]",hard,curated-v2-g0663,curated-v2,approved
curated-v2-0664,Màn hình của Honda City RS có hỗ trợ không dây cho iPhone chưa mọi người?,Màn hình của Honda City RS có hỗ trợ không dây cho iPhone chưa mọi người?,neutral,công nghệ & tiện nghi,question,[],easy,curated-v2-g0664,curated-v2,approved
curated-v2-0665,Fortuner Legender đã có phanh tay điện tử.,Fortuner Legender đã có phanh tay điện tử.,neutral,công nghệ & tiện nghi,short,[],easy,curated-v2-g0665,curated-v2,approved
curated-v2-0666,"Mình dùng bản máy dầu Ford Ranger Wildtrak, màn 12 inch hiển thị ổn nhưng giọng trợ lý đọc tiếng Việt còn máy móc.","Mình dùng bản máy dầu Ford Ranger Wildtrak, màn 12 inch hiển thị ổn nhưng giọng trợ lý đọc tiếng Việt còn máy móc.",neutral,công nghệ & tiện nghi,review,[],medium,curated-v2-g0666,curated-v2,approved
curated-v2-0667,"Hyundai Tucson và Kia Sportage cùng nền tảng, khác nhau rõ nhất ở cụm đồng hồ kỹ thuật số 12,3 inch.","Hyundai Tucson và Kia Sportage cùng nền tảng, khác nhau rõ nhất ở cụm đồng hồ kỹ thuật số 12,3 inch.",neutral,công nghệ & tiện nghi,comparison,[],easy,curated-v2-g0667,curated-v2,approved
curated-v2-0668,"Vinfast VF 6 bản Eco của mình không có ghế chỉnh điện hàng sau, dùng cx thường thôi.","Vinfast Vinfast 6 bản Eco của mình không có ghế chỉnh điện hàng sau, dùng cũng thường thôi.",neutral,công nghệ & tiện nghi,conversational,"[""teencode"", ""brand_alias""]",medium,curated-v2-g0668,curated-v2,approved
curated-v2-0669,Màn hình Ford Territory có đc cập nhật bản đồ offline ko hay phải dùng 4G?,Màn hình Ford Territory có được cập nhật bản đồ offline không hay phải dùng 4G?,neutral,công nghệ & tiện nghi,question,"[""teencode""]",medium,curated-v2-g0669,curated-v2,approved
curated-v2-0670,"Điều hoà Toyota Vios chỉ một vùng, đông người là hàng ghế sau liên tục kêu nóng.","Điều hoà Toyota Vios chỉ một vùng, đông người là hàng ghế sau liên tục kêu nóng.",negative,công nghệ & tiện nghi,comment,[],easy,curated-v2-g0670,curated-v2,approved
curated-v2-0671,"Màn hình cảm ứng của Mazda CX-5 chậm rõ rệt, chạm xong phải chờ nửa giây mới phản hồi 😡","Màn hình cảm ứng của Mazda cũng-5 chậm rõ rệt, chạm xong phải chờ nửa giây mới phản hồi 😡",negative,công nghệ & tiện nghi,comment,"[""emoji""]",easy,curated-v2-g0671,curated-v2,approved
curated-v2-0672,"So voi Kia Carnival, Toyota Innova Cross khong co rem che nang hang sau, tien nghi cho be kem han.","So voi Kia Carnival, Toyota Innova Cross khong co rem che nang hang sau, tien nghi cho be kem han.",negative,công nghệ & tiện nghi,comparison,"[""missing_diacritics""]",hard,curated-v2-g0672,curated-v2,approved
curated-v2-0673,"Ngồi Hyundai Creta bản tiêu chuẩn, không có gập ghế sau điện mà chênh chỉ vài chục triệu, tiếc quáaa.","Ngồi Hyundai Creta bản tiêu chuẩn, không có gập ghế sau điện mà chênh chỉ vài chục triệu, tiếc quá.",negative,công nghệ & tiện nghi,conversational,"[""elongation""]",medium,curated-v2-g0673,curated-v2,approved
curated-v2-0674,"Kia Seltos bản 2025 đổi điều hoà sang điều khiển màn hình, có nút dự phòng nào không vậy?","Kia Seltos bản 2025 đổi điều hoà sang điều khiển màn hình, có nút dự phòng nào không vậy?",neutral,công nghệ & tiện nghi,question,[],medium,curated-v2-g0674,curated-v2,approved
curated-v2-0675,"Vinfast Lux SA chưa có CarPlay, poor.","Vinfast Lux SA chưa có CarPlay, tệ.",negative,công nghệ & tiện nghi,short,"[""code_switching""]",medium,curated-v2-g0675,curated-v2,approved
curated-v2-0676,"Đổi nhớt và lọc dầu Ford Ranger hết bao nhiêu, các bác cho xin bảng giá tham khảo?","Đổi nhớt và lọc dầu Ford Ranger hết bao nhiêu, các bác cho xin bảng giá tham khảo?",neutral,dịch vụ hậu mãi,question,[],easy,curated-v2-g0676,curated-v2,approved
curated-v2-0677,"Mình đưa Vinfast VF 3 đi kiểm tra định kỳ, giờ giữ xe khoảng hai ngày và có gọi báo trước.","Mình đưa Vinfast Vinfast 3 đi kiểm tra định kỳ, giờ giữ xe khoảng hai ngày và có gọi báo trước.",neutral,dịch vụ hậu mãi,review,"[""brand_alias""]",easy,curated-v2-g0677,curated-v2,approved
curated-v2-0678,"Chi phí bảo dưỡng định kỳ Hyundai Accent thấp hơn Toyota Vios ở vài hạng mục, cao hơn ở một số khác.","Chi phí bảo dưỡng định kỳ Hyundai Accent thấp hơn Toyota Vios ở vài hạng mục, cao hơn ở một số khác.",neutral,dịch vụ hậu mãi,comparison,[],medium,curated-v2-g0678,curated-v2,approved
curated-v2-0679,Kia hẹn bảo dưỡng đầu tiên ở mốc 1.000 km.,Kia hẹn bảo dưỡng đầu tiên ở mốc 1.000 km.,neutral,dịch vụ hậu mãi,short,[],easy,curated-v2-g0679,curated-v2,approved
curated-v2-0680,"Honda City hết bảo hành rồi, phụ tùng hãng giờ chỉ đắt hơn ngoài tiệm một chút.","Honda City hết bảo hành rồi, phụ tùng hãng giờ chỉ đắt hơn ngoài tiệm một chút.",neutral,dịch vụ hậu mãi,conversational,[],easy,curated-v2-g0680,curated-v2,approved
curated-v2-0681,"Toy ta có chính sách bảo hành 3 năm hay 100.000 km, áp dụng cho Vios mua cuối 2025 không?","Toyota ta có chính sách bảo hành 3 năm hay 100.000 km, áp dụng cho Vios mua cuối 2025 không?",neutral,dịch vụ hậu mãi,question,"[""brand_alias""]",medium,curated-v2-g0681,curated-v2,approved
curated-v2-0682,"Đặt linh kiện Mazda được hai tuần, đại lý trả lời hàng về theo lịch kho nhưng chưa có mốc cụ thể.","Đặt linh kiện Mazda được hai tuần, đại lý trả lời hàng về theo lịch kho nhưng chưa có mốc cụ thể.",neutral,dịch vụ hậu mãi,review,[],easy,curated-v2-g0682,curated-v2,approved
curated-v2-0683,"Đại lý Vinfast trả lời ticket bảo hành chậm quá, service kiểu này lấy lòng khách bằng gì?","Đại lý Vinfast trả lời ticket bảo hành chậm quá, service kiểu này lấy lòng khách bằng gì?",negative,dịch vụ hậu mãi,question,"[""code_switching""]",medium,curated-v2-g0683,curated-v2,approved
curated-v2-0684,"Kia từ chối bảo hành côn bộ với lý do lái sai cách, quá đáng 😡","Kia từ chối bảo hành côn bộ với lý do lái sai cách, quá đáng 😡",negative,dịch vụ hậu mãi,short,"[""emoji""]",easy,curated-v2-g0684,curated-v2,approved
curated-v2-0685,"Mang xe Mitsubishi ra hãng thì đổ lỗi khách tự ý độ, phụ tùng chờ tháng lun, bực quáaa.","Mang xe Mitsubishi ra hãng thì đổ lỗi khách tự ý độ, phụ tùng chờ tháng lun, bực quá.",negative,dịch vụ hậu mãi,conversational,"[""teencode"", ""elongation"", ""brand_alias""]",hard,curated-v2-g0685,curated-v2,approved
curated-v2-0686,"Dai ly Hyundai xuong suot, dat lich bao duong khong ai tra loi, ho so sua chua thi mat.","Dai ly Hyundai xuong suot, dat lich bao duong khong ai tra loi, ho so sua chua thi mat.",negative,dịch vụ hậu mãi,review,"[""missing_diacritics""]",hard,curated-v2-g0686,curated-v2,approved
curated-v2-0687,"Vinfast VF 3 bản Plus 318 triệu mà đủ sáu túi khí, mức giá này hiếm đối thủ theo kịp.","Vinfast Vinfast 3 bản Plus 318 triệu mà đủ sáu túi khí, mức giá này hiếm đối thủ theo kịp.",positive,giá cả,comment,"[""brand_alias""]",easy,curated-v2-g0687,curated-v2,approved
curated-v2-0688,"Mua Hyundai Tucson giữa 2026 được ưu đãi 50 triệu tiền mặt, chốt nhanh kẻo hết chương trình 👍","Mua Hyundai Tucson giữa 2026 được ưu đãi 50 triệu tiền mặt, chốt nhanh kẻo hết chương trình 👍",positive,giá cả,comment,"[""emoji""]",medium,curated-v2-g0688,curated-v2,approved
curated-v2-0689,"Vinfast VF 6 bản Plus ra mắt 2026 giá bao nhiêu, có tăng so với đầu năm không?","Vinfast Vinfast 6 bản Plus ra mắt 2026 giá bao nhiêu, có tăng so với đầu năm không?",neutral,giá cả,question,"[""brand_alias""]",easy,curated-v2-g0689,curated-v2,approved
curated-v2-0690,"Toyota Corolla Cross hybrid nhỉnh hơn bản xăng khoảng 90 triệu, mình đang cân nhắc xem đc không.","Toyota Corolla Cross hybrid nhỉnh hơn bản xăng khoảng 90 triệu, mình đang cân nhắc xem được không.",neutral,giá cả,comment,"[""teencode""]",medium,curated-v2-g0690,curated-v2,approved
curated-v2-0691,"Mazda CX-8 chỉ ưu đãi quà, không giảm tiền mặt, cx tùy người tính.","Mazda cũng-8 chỉ ưu đãi quà, không giảm tiền mặt, cũng tùy người tính.",neutral,giá cả,conversational,"[""teencode""]",medium,curated-v2-g0691,curated-v2,approved
curated-v2-0692,Mẹc GLC đủ tiền chứ không rẻ.,Mercedes GLC đủ tiền chứ không rẻ.,neutral,giá cả,short,"[""brand_alias""]",easy,curated-v2-g0692,curated-v2,approved
curated-v2-0693,"Hyundai Santa Fe Calligraphy 2026 niêm yết bao nhiêu, average tầm 1,4 tỷ đúng không các bác?","Hyundai Santa Fe Calligraphy 2026 niêm yết bao nhiêu, tạm tầm 1,4 tỷ đúng không các bác?",neutral,giá cả,question,"[""code_switching""]",medium,curated-v2-g0693,curated-v2,approved
curated-v2-0694,"Mình đặt cọc Vinfast VF 6 đầu năm, đến giờ xe về tăng thêm 15 triệu, tiền cọc không bảo vệ được giá.","Mình đặt cọc Vinfast Vinfast 6 đầu năm, đến giờ xe về tăng thêm 15 triệu, tiền cọc không bảo vệ được giá.",negative,giá cả,review,"[""brand_alias""]",hard,curated-v2-g0694,curated-v2,approved
curated-v2-0695,"Kia Sorento lai chèn gói phụ kiện ba chục triệu mới giao xe, cộng dồn thấy rấttt hớ.","Kia Sorento lai chèn gói phụ kiện ba chục triệu mới giao xe, cộng dồn thấy rất hớ.",negative,giá cả,conversational,"[""elongation""]",medium,curated-v2-g0695,curated-v2,approved
curated-v2-0696,"Gia xe Vinfast VF 7 tang lien tuc ma trang bi khong doi, khach cu nhu bi cuoi.","Gia xe Vinfast Vinfast 7 tang lien tuc ma trang bi khong doi, khach cu nhu bi cuoi.",negative,giá cả,review,"[""missing_diacritics"", ""brand_alias""]",hard,curated-v2-g0696,curated-v2,approved
curated-v2-0697,"Toyota Corolla Cross hybrid đi nội đô chỉ 4,2 lít/100 km, đầy bình chạy gần nghìn cây.","Toyota Corolla Cross hybrid đi nội đô chỉ 4,2 lít/100 km, đầy bình chạy gần nghìn cây.",positive,mức tiêu hao nhiên liệu,comment,[],easy,curated-v2-g0697,curated-v2,approved
curated-v2-0698,"VF 3 chạy điện một cây có vài trăm đồng, xe xăng cx thua xa.","Vinfast 3 chạy điện một cây có vài trăm đồng, xe xăng cũng thua xa.",positive,mức tiêu hao nhiên liệu,review,"[""brand_alias"", ""teencode""]",easy,curated-v2-g0698,curated-v2,approved
curated-v2-0699,Mazda CX-8 bản 2.5 turbo tiết kiệm hơn hẳn Ford Everest máy dầu trên cao tốc theo đồng hồ mình theo dõi.,Mazda cũng-8 bản 2.5 turbo tiết kiệm hơn hẳn Ford Everest máy dầu trên cao tốc theo đồng hồ mình theo dõi.,positive,mức tiêu hao nhiên liệu,comparison,[],medium,curated-v2-g0699,curated-v2,approved
curated-v2-0700,"Honda City số tự động chỉ tốn 5,8 lít.","Honda City số tự động chỉ tốn 5,8 lít.",positive,mức tiêu hao nhiên liệu,short,[],easy,curated-v2-g0700,curated-v2,approved
curated-v2-0701,"Chạy Vinfast VF 7 Plus một tháng, mình sạc đêm ở nhà hết chưa tới 300 nghìn cho 600 cây 👍","Chạy Vinfast Vinfast 7 Plus một tháng, mình sạc đêm ở nhà hết chưa tới 300 nghìn cho 600 cây 👍",positive,mức tiêu hao nhiên liệu,conversational,"[""emoji"", ""brand_alias""]",easy,curated-v2-g0701,curated-v2,approved
curated-v2-0702,"Hyundai Accent đi tỉnh 5,5 lít/100 km, ổn áp quá 👍","Hyundai Accent đi tỉnh 5,5 lít/100 km, ổn áp quá 👍",positive,mức tiêu hao nhiên liệu,review,"[""emoji""]",easy,curated-v2-g0702,curated-v2,approved
curated-v2-0703,"VF e34 sạc trạm V-Green có ưu đãi giờ thấp điểm, vậy tổng chi phí mỗi cây rẻ hơn Vios nhiều đc ko?","Vinfast e34 sạc trạm V-Green có ưu đãi giờ thấp điểm, vậy tổng chi phí mỗi cây rẻ hơn Vios nhiều được không?",positive,mức tiêu hao nhiên liệu,question,"[""brand_alias"", ""teencode""]",medium,curated-v2-g0703,curated-v2,approved
curated-v2-0704,"Kia Seltos bản 1.4 chạy phố 7 lít/100 km, not bad cho dòng gầm cao.","Kia Seltos bản 1.4 chạy phố 7 lít/100 km, not tệ cho dòng gầm cao.",positive,mức tiêu hao nhiên liệu,comment,"[""code_switching""]",medium,curated-v2-g0704,curated-v2,approved
curated-v2-0705,Toy ta Innova Cross hybrid tiêu hao bao nhiêu lít khi chở đủ 7 người lên đèo?,Toyota ta Innova Cross hybrid tiêu hao bao nhiêu lít khi chở đủ 7 người lên đèo?,neutral,mức tiêu hao nhiên liệu,question,"[""brand_alias""]",medium,curated-v2-g0705,curated-v2,approved
curated-v2-0706,Vinfast VF 5 thực tế chạy 280 cây.,Vinfast Vinfast 5 thực tế chạy 280 cây.,neutral,mức tiêu hao nhiên liệu,short,"[""brand_alias""]",easy,curated-v2-g0706,curated-v2,approved
curated-v2-0707,"Mình chạy Ford Ranger Raptor phố lẫn trường, đồng hồ trung bình dao động 9 đến 11 lít tùy giờ cao điểm.","Mình chạy Ford Ranger Raptor phố lẫn trường, đồng hồ trung bình dao động 9 đến 11 lít tùy giờ cao điểm.",neutral,mức tiêu hao nhiên liệu,review,[],medium,curated-v2-g0707,curated-v2,approved
curated-v2-0708,"Toyota Vios đi tỉnh cx chỉ 5 lít, nhưng vào giờ cao điểm Hà Nội là lên 8 lít ngay.","Toyota Vios đi tỉnh cũng chỉ 5 lít, nhưng vào giờ cao điểm Hà Nội là lên 8 lít ngay.",neutral,mức tiêu hao nhiên liệu,conversational,"[""teencode""]",medium,curated-v2-g0708,curated-v2,approved
curated-v2-0709,"Mitsu Xpander chạy đường trường hết mấy lít, có bác nào ghi số cụ thể chưa?","Mitsubishi Xpander chạy đường trường hết mấy lít, có bác nào ghi số cụ thể chưa?",neutral,mức tiêu hao nhiên liệu,question,"[""brand_alias""]",medium,curated-v2-g0709,curated-v2,approved
curated-v2-0710,"Hyundai Santa Fe máy xăng 2.5 uống xăng inh ỏi, trong phố đồng hồ cx 13 lít/100 km.","Hyundai Santa Fe máy xăng 2.5 uống xăng inh ỏi, trong phố đồng hồ cũng 13 lít/100 km.",negative,mức tiêu hao nhiên liệu,comment,"[""teencode""]",medium,curated-v2-g0710,curated-v2,approved
curated-v2-0711,"Ford Territory bản 1.5 turbo quảng cáo 6,5 lít nhưng mình chạy thực tế trong đô thị hơn 9 lít, chênh quá xa.","Ford Territory bản 1.5 turbo quảng cáo 6,5 lít nhưng mình chạy thực tế trong đô thị hơn 9 lít, chênh quá xa.",negative,mức tiêu hao nhiên liệu,review,[],medium,curated-v2-g0711,curated-v2,approved
curated-v2-0712,"Toyota Fortuner máy dầu nặng hơn nhưng tiết kiệm hơn Mitsubishi Pajero Sport rõ rệt, chênh tới hai lít trên 100 km.","Toyota Fortuner máy dầu nặng hơn nhưng tiết kiệm hơn Mitsubishi Pajero Sport rõ rệt, chênh tới hai lít trên 100 km.",negative,mức tiêu hao nhiên liệu,comparison,[],medium,curated-v2-g0712,curated-v2,approved
curated-v2-0713,"VF 8 mở điều hoà thì quãng đường tụt nhanh rấttt, có bác nào đo giống mình chưa?","Vinfast 8 mở điều hoà thì quãng đường tụt nhanh rất, có bác nào đo giống mình chưa?",negative,mức tiêu hao nhiên liệu,question,"[""elongation"", ""brand_alias""]",medium,curated-v2-g0713,curated-v2,approved
curated-v2-0714,"Chạy Toyota Raize thành phố xăng lên tận 10 lít, đau lòng quá 😡","Chạy Toyota Raize thành phố xăng lên tận 10 lít, đau lòng quá 😡",negative,mức tiêu hao nhiên liệu,conversational,"[""emoji""]",easy,curated-v2-g0714,curated-v2,approved
curated-v2-0715,"Xe Hyundai Tucson may xang tieu hao hon cong bo, trong pho dong ho luon 12 lit qua ngan.","Xe Hyundai Tucson may xang tieu hao hon cong bo, trong pho dong ho luon 12 lit qua ngan.",negative,mức tiêu hao nhiên liệu,review,"[""missing_diacritics""]",hard,curated-v2-g0715,curated-v2,approved
curated-v2-0716,"Mazda CX-5 quảng cáo tiết kiệm mà thực tế phố 10 lít, poor thật sự, nghe quảng cáo ko tin đc.","Mazda cũng-5 quảng cáo tiết kiệm mà thực tế phố 10 lít, tệ thật sự, nghe quảng cáo không tin được.",negative,mức tiêu hao nhiên liệu,comment,"[""teencode"", ""code_switching""]",hard,curated-v2-g0716,curated-v2,approved
curated-v2-0717,"Toyota Land Cruiser Prado uống xăng như thế thì nuôi tháng hết bao nhiêu, có bác tính giúp chưa?","Toyota Land Cruiser Prado uống xăng như thế thì nuôi tháng hết bao nhiêu, có bác tính giúp chưa?",negative,mức tiêu hao nhiên liệu,question,[],medium,curated-v2-g0717,curated-v2,approved
curated-v2-0718,"Toy ta Camry hybrid tiết kiệm hơn hẳn, mua Camry bản xăng 2.5Q là chọn nhầm, tiêu hao hơn tới hai lít.","Toyota ta Camry hybrid tiết kiệm hơn hẳn, mua Camry bản xăng 2.5Q là chọn nhầm, tiêu hao hơn tới hai lít.",negative,mức tiêu hao nhiên liệu,comparison,"[""brand_alias""]",hard,curated-v2-g0718,curated-v2,approved
curated-v2-0719,"Ghế ngồi Mazda CX-8 hàng hai gập phẳng thành giường, đưa hai bé đi quãng dài các cháu ngủ ngon lành.","Ghế ngồi Mazda cũng-8 hàng hai gập phẳng thành giường, đưa hai bé đi quãng dài các cháu ngủ ngon lành.",positive,nội thất,review,[],medium,curated-v2-g0719,curated-v2,approved
curated-v2-0720,"Vinfast VF 7 khoang hành lý nuốt được ba vali lớn, đi sân bay không phải sắp xếp gì 👍","Vinfast Vinfast 7 khoang hành lý nuốt được ba vali lớn, đi sân bay không phải sắp xếp gì 👍",positive,nội thất,comment,"[""emoji"", ""brand_alias""]",easy,curated-v2-g0720,curated-v2,approved
curated-v2-0721,"Kia Carnival hàng ghế thứ hai chỉnh điện trượt ngang, rộng hơn Toyota Innova rõ, ghế ba ngồi cx dễ chịu 👍","Kia Carnival hàng ghế thứ hai chỉnh điện trượt ngang, rộng hơn Toyota Innova rõ, ghế ba ngồi cũng dễ chịu 👍",positive,nội thất,comparison,"[""teencode"", ""emoji""]",medium,curated-v2-g0721,curated-v2,approved
curated-v2-0722,Hyundai Santa Fe bọc da nappa mềm quá.,Hyundai Santa Fe bọc da nappa mềm quá.,positive,nội thất,short,[],easy,curated-v2-g0722,curated-v2,approved
curated-v2-0723,"Mình ưa bảng điều khiển vật lý của Toyota Vios, chỉnh điều hoà bằng tay vẫn tiện hơn màn hình.","Mình ưa bảng điều khiển vật lý của Toyota Vios, chỉnh điều hoà bằng tay vẫn tiện hơn màn hình.",positive,nội thất,conversational,[],easy,curated-v2-g0723,curated-v2,approved
curated-v2-0724,"Ngồi Mercedes GLC lâu không mỏi lưng, đệm ghế êm rấttt.","Ngồi Mercedes GLC lâu không mỏi lưng, đệm ghế êm rất.",positive,nội thất,review,"[""elongation""]",easy,curated-v2-g0724,curated-v2,approved
curated-v2-0725,"Vinfast VF 6 cách âm khoang lái tốt, cabin quiet khi chạy cao tốc.","Vinfast Vinfast 6 cách âm khoang lái tốt, cabin quiet khi chạy cao tốc.",positive,nội thất,comment,"[""code_switching"", ""brand_alias""]",medium,curated-v2-g0725,curated-v2,approved
curated-v2-0726,"Mazda CX-5 bản Deluxe có ghế da hay nỉ, các bác chỉ giúp?","Mazda cũng-5 bản Deluxe có ghế da hay nỉ, các bác chỉ giúp?",neutral,nội thất,question,[],easy,curated-v2-g0726,curated-v2,approved
curated-v2-0727,Fortuner hàng ghế ba gập phẳng được.,Fortuner hàng ghế ba gập phẳng được.,neutral,nội thất,short,[],easy,curated-v2-g0727,curated-v2,approved
curated-v2-0728,"Vinfast VF e34 dùng da nhân tạo, cảm giác khá ổn với tầm giá nhưng chưa mềm bằng da thật.","Vinfast Vinfast e34 dùng da nhân tạo, cảm giác khá ổn với tầm giá nhưng chưa mềm bằng da thật.",neutral,nội thất,review,"[""brand_alias""]",medium,curated-v2-g0728,curated-v2,approved
curated-v2-0729,"Toy ta Raize hàng ghế sau ngả được mấy mức, chở người lớn tuổi ngồi đường dài có mỏi không?","Toyota ta Raize hàng ghế sau ngả được mấy mức, chở người lớn tuổi ngồi đường dài có mỏi không?",neutral,nội thất,question,"[""brand_alias""]",medium,curated-v2-g0729,curated-v2,approved
curated-v2-0730,"Nhựa cứng phủ khắp táp lô của Mitsubishi Xpander, gõ vào nghe đoàn đoàn rất rẻ tiền.","Nhựa cứng phủ khắp táp lô của Mitsubishi Xpander, gõ vào nghe đoàn đoàn rất rẻ tiền.",negative,nội thất,review,[],easy,curated-v2-g0730,curated-v2,approved
curated-v2-0731,"Vinfast VF 5 không có rèm che nắng và túi đồ cửa lái hẹp, chở đồ cồng kềnh sao nhét đây các bác?","Vinfast Vinfast 5 không có rèm che nắng và túi đồ cửa lái hẹp, chở đồ cồng kềnh sao nhét đây các bác?",negative,nội thất,question,"[""brand_alias""]",medium,curated-v2-g0731,curated-v2,approved
curated-v2-0732,Nội thất Kia Sonet nhựa cứng toàn tập 😡,Nội thất Kia Sonet nhựa cứng toàn tập 😡,negative,nội thất,short,"[""emoji""]",easy,curated-v2-g0732,curated-v2,approved
curated-v2-0733,"Mazda CX-3 ghế sau chật, ngồi ba người lớn là ép nhau, đi xa mình ko dám chở đủ.","Mazda cũng-3 ghế sau chật, ngồi ba người lớn là ép nhau, đi xa mình không dám chở đủ.",negative,nội thất,conversational,"[""teencode""]",medium,curated-v2-g0733,curated-v2,approved
curated-v2-0734,"Hyundai Stargazer mùi nhựa mới ám cả tuần, cabin smell bad cho gia đình có bé nhỏ.","Hyundai Stargazer mùi nhựa mới ám cả tuần, cabin smell tệ cho gia đình có bé nhỏ.",negative,nội thất,review,"[""code_switching""]",medium,curated-v2-g0734,curated-v2,approved
curated-v2-0735,"Ghe sau Mitsu Xpander du va nong, nguoi cao ngoi cham tan dau.","Ghe sau Mitsubishi Xpander du va nong, nguoi cao ngoi cham tan dau.",negative,nội thất,comment,"[""missing_diacritics"", ""brand_alias""]",hard,curated-v2-g0735,curated-v2,approved
curated-v2-0736,"Vinfast VF 3 kiểu dáng vuông vức đáng yêu, chị em trong nhà nhìn phát là chốt.","Vinfast Vinfast 3 kiểu dáng vuông vức đáng yêu, chị em trong nhà nhìn phát là chốt.",positive,thiết kế,comment,"[""brand_alias""]",easy,curated-v2-g0736,curated-v2,approved
curated-v2-0737,"Mặt đèn LED của Kia Sorento nhìn đêm rấttt sang, hơn hẳn mặt đen của Hyundai Santa Fe đời trước.","Mặt đèn LED của Kia Sorento nhìn đêm rất sang, hơn hẳn mặt đen của Hyundai Santa Fe đời trước.",positive,thiết kế,comparison,"[""elongation""]",medium,curated-v2-g0737,curated-v2,approved
curated-v2-0738,Mẹc GLA đỗ góc phố nhìn phát là mê 👍,Mercedes GLA đỗ góc phố nhìn phát là mê 👍,positive,thiết kế,short,"[""brand_alias"", ""emoji""]",easy,curated-v2-g0738,curated-v2,approved
curated-v2-0739,"Vinfast VF 7 sơn xanh dương, còn có màu nào hợp nam giới không?","Vinfast Vinfast 7 sơn xanh dương, còn có màu nào hợp nam giới không?",neutral,thiết kế,question,"[""brand_alias""]",easy,curated-v2-g0739,curated-v2,approved
curated-v2-0740,"Vinfast VF 6 lưới tản nhiệt kín nhìn như mặt nạ, trưa nắng phản chiếu hơi kỳ.","Vinfast Vinfast 6 lưới tản nhiệt kín nhìn như mặt nạ, trưa nắng phản chiếu hơi kỳ.",negative,thiết kế,comment,"[""brand_alias""]",medium,curated-v2-g0740,curated-v2,approved
curated-v2-0741,"Vinfast VF 8 đổi cản trước mà tổng thể nặng nề hơn, có bác nào thấy bản cũ đẹp hơn không?","Vinfast Vinfast 8 đổi cản trước mà tổng thể nặng nề hơn, có bác nào thấy bản cũ đẹp hơn không?",negative,thiết kế,question,"[""brand_alias""]",medium,curated-v2-g0741,curated-v2,approved
curated-v2-0742,"Toy ta Yaris Ativ nhìn như xe chạy dịch vụ, đứng cạnh Honda City nhã nhặn thua sạch phần ngoại hình.","Toyota ta Yaris Ativ nhìn như xe chạy dịch vụ, đứng cạnh Honda City nhã nhặn thua sạch phần ngoại hình.",negative,thiết kế,comparison,"[""brand_alias""]",medium,curated-v2-g0742,curated-v2,approved
curated-v2-0743,Mat truoc Kia Sonet roi ram qua.,Mat truoc Kia Sonet roi ram qua.,negative,thiết kế,short,"[""missing_diacritics""]",hard,curated-v2-g0743,curated-v2,approved
curated-v2-0744,"VF 7 bản mới thêm la zăng to nhưng tổng thể cx nặng nề, nhìn kỳ quáaa 😡","Vinfast 7 bản mới thêm la zăng to nhưng tổng thể cũng nặng nề, nhìn kỳ quá 😡",negative,thiết kế,conversational,"[""brand_alias"", ""teencode"", ""elongation"", ""emoji""]",hard,curated-v2-g0744,curated-v2,approved
curated-v2-0745,"Mazda CX-5 2.5 turbo lên dốc đèo Prenn vẫn gằn đều, không phải đạp sâu chân ga.","Mazda cũng-5 2.5 turbo lên dốc đèo Prenn vẫn gằn đều, không phải đạp sâu chân ga.",positive,động cơ,review,[],easy,curated-v2-g0745,curated-v2,approved
curated-v2-0746,"Toyota Vios chạy 3 năm động cơ chưa một lần trục trặc, đáng tin đc.","Toyota Vios chạy 3 năm động cơ chưa một lần trục trặc, đáng tin được.",positive,động cơ,comment,"[""teencode""]",easy,curated-v2-g0746,curated-v2,approved
curated-v2-0747,"Vinfast VF 8 cầm 5,8 giây lên 100, rơ ra ngã tư là át hẳn dòng xăng cùng chỗ.","Vinfast Vinfast 8 cầm 5,8 giây lên 100, rơ ra ngã tư là át hẳn dòng xăng cùng chỗ.",positive,động cơ,conversational,[],easy,curated-v2-g0747,curated-v2,approved
curated-v2-0748,"Vinfast VF 6 bản Eco động cơ 128 mã lực, chở đủ 5 người lên đèo có đuối không các bác?","Vinfast Vinfast 6 bản Eco động cơ 128 mã lực, chở đủ 5 người lên đèo có đuối không các bác?",neutral,động cơ,question,"[""brand_alias""]",medium,curated-v2-g0748,curated-v2,approved
curated-v2-0749,Toyota Corolla Cross bản 1.8 xăng chạy êm nhưng vượt xe trên quốc lộ cần đạp ga dứt khoát mới nhích.,Toyota Corolla Cross bản 1.8 xăng chạy êm nhưng vượt xe trên quốc lộ cần đạp ga dứt khoát mới nhích.,neutral,động cơ,review,[],easy,curated-v2-g0749,curated-v2,approved
curated-v2-0750,Hyundai Creta máy 1.5 đủ dùng trong phố.,Hyundai Creta máy 1.5 đủ dùng trong phố.,neutral,động cơ,short,[],easy,curated-v2-g0750,curated-v2,approved
curated-v2-0751,"Mitsu Outlander máy 2.0 gầm ga bao nhiêu mã lực, kéo được xe moóc nhỏ không?","Mitsubishi Outlander máy 2.0 gầm ga bao nhiêu mã lực, kéo được xe moóc nhỏ không?",neutral,động cơ,question,"[""brand_alias""]",medium,curated-v2-g0751,curated-v2,approved
curated-v2-0752,Ford Ranger rung rõ ở vô lăng mỗi lần đề máy buổi sáng.,Ford Ranger rung rõ ở vô lăng mỗi lần đề máy buổi sáng.,negative,động cơ,review,[],easy,curated-v2-g0752,curated-v2,approved
curated-v2-0753,"Dong co VF 6 chay cao toc mat pin nhanh, ve toi con 20 phan tram, qua lo lang.","Dong co Vinfast 6 chay cao toc mat pin nhanh, ve toi con 20 phan tram, qua lo lang.",negative,động cơ,review,"[""missing_diacritics"", ""brand_alias""]",hard,curated-v2-g0753,curated-v2,approved
curated-v2-0754,"Toyota Fortuner 2.7 xăng lên đèo hụt hơi rõ, trong khi bản máy dầu của chính hãng vẫn bò dẻo.","Toyota Fortuner 2.7 xăng lên đèo hụt hơi rõ, trong khi bản máy dầu của chính hãng vẫn bò dẻo.",negative,động cơ,comparison,[],medium,curated-v2-g0754,curated-v2,approved
curated-v2-0755,"Hyundai Tucson máy xăng leo dốc dài là nóng máy, quạt hút gằn to, có bác nào gặp chưa?","Hyundai Tucson máy xăng leo dốc dài là nóng máy, quạt hút gằn to, có bác nào gặp chưa?",negative,động cơ,question,[],medium,curated-v2-g0755,curated-v2,approved
curated-v2-0756,Kia Seltos hụt ga lúc vượt xe.,Kia Seltos hụt ga lúc vượt xe.,negative,động cơ,short,[],easy,curated-v2-g0756,curated-v2,approved
curated-v2-0757,"Mazda CX-8 turbo giữa trưa Hà Nội cx chậm ăn ga, ra hãng họ bảo bình thường, bực thật 😡","Mazda cũng-8 turbo giữa trưa Hà Nội cũng chậm ăn ga, ra hãng họ bảo bình thường, bực thật 😡",negative,động cơ,conversational,"[""teencode"", ""emoji""]",hard,curated-v2-g0757,curated-v2,approved
curated-v2-0758,Toy Vios máy nhỏ mà chưa bao giờ làm mình thất vọng trên dốc cao.,Toyota Vios máy nhỏ mà chưa bao giờ làm mình thất vọng trên dốc cao.,positive,động cơ,comment,"[""brand_alias""]",easy,curated-v2-g0758,curated-v2,approved
curated-v2-0759,"Máy dầu Fortuner 2.8 của Toy kéo 2 tấn có ì không mấy bác, em định lên đời?","Máy dầu Fortuner 2.8 của Toyota kéo 2 tấn có ì không mấy bác, em định lên đời?",neutral,động cơ,question,"[""brand_alias""]",medium,curated-v2-g0759,curated-v2,approved
curated-v2-0760,"Mình chạy VF e34 gần một năm, cảm nhận máy móc chỉ là average thôi, không tệ đâu.","Mình chạy Vinfast e34 gần một năm, cảm nhận máy móc chỉ là tạm thôi, không tệ đâu.",neutral,động cơ,conversational,"[""code_switching"", ""brand_alias""]",medium,curated-v2-g0760,curated-v2,approved
curated-v2-0761,Máy Kia K3 chạy bình thường 😐,Máy Kia K3 chạy bình thường 😐,neutral,động cơ,short,"[""emoji""]",easy,curated-v2-g0761,curated-v2,approved
curated-v2-0762,"VF 8 sạc đầy leo dốc đèo Hải Vân mà máy rống lên ko trôi, ai gặp giống em ko?","Vinfast 8 sạc đầy leo dốc đèo Hải Vân mà máy rống lên không trôi, ai gặp giống em không?",negative,động cơ,question,"[""teencode"", ""brand_alias""]",hard,curated-v2-g0762,curated-v2,approved
curated-v2-0763,"Palisade túi khí đủ, camera cũng có, an toàn cơ bản vậy thôi 😐","Palisade túi khí đủ, camera cũng có, an toàn cơ bản vậy thôi 😐",neutral,an toàn,conversational,"[""emoji""]",medium,curated-v2-g0763,curated-v2,approved
curated-v2-0764,"Toyota Corolla Cross có 6 túi khí và cân bằng điện tử, mức an toàn cơ bản của phân khúc.","Toyota Corolla Cross có 6 túi khí và cân bằng điện tử, mức an toàn cơ bản của phân khúc.",neutral,an toàn,review,[],easy,curated-v2-g0764,curated-v2,approved
curated-v2-0765,"Mitsubishi Xpander không có nhiều ADAS nhưng phanh ABS với EBD thì đủ, dùng thông thường vẫn ổn.","Mitsubishi Xpander không có nhiều ADAS nhưng phanh ABS với EBD thì đủ, dùng thông thường vẫn ổn.",neutral,an toàn,comment,[],medium,curated-v2-g0765,curated-v2,approved
curated-v2-0766,"Mazda3 với Kia K3 đều có phanh khẩn cấp tự động, chung một mức trang bị an toàn.","Mazda3 với Kia K3 đều có phanh khẩn cấp tự động, chung một mức trang bị an toàn.",neutral,an toàn,comparison,[],easy,curated-v2-g0766,curated-v2,approved
curated-v2-0767,"Mình xem xe Honda City thấy trang bị an toàn chỉ là basic thôi, không chê cũng không khen.","Mình xem xe Honda City thấy trang bị an toàn chỉ là basic thôi, không chê cũng không khen.",neutral,an toàn,conversational,"[""code_switching""]",medium,curated-v2-g0767,curated-v2,approved
curated-v2-0768,"Con Toy Corolla Cross của tôi có cảnh báo lệch làn, hoạt động thỉnh thoảng báo hơi muộn một nhịp.","Con Toyota Corolla Cross của tôi có cảnh báo lệch làn, hoạt động thỉnh thoảng báo hơi muộn một nhịp.",neutral,an toàn,review,"[""brand_alias""]",medium,curated-v2-g0768,curated-v2,approved
curated-v2-0769,"VF 3 bản tiêu chuẩn ko có phanh tay điện tử, giữ xe dốc toàn đạp chân cực lắm.","Vinfast 3 bản tiêu chuẩn không có phanh tay điện tử, giữ xe dốc toàn đạp chân cực lắm.",negative,an toàn,comment,"[""teencode"", ""brand_alias""]",medium,curated-v2-g0769,curated-v2,approved
curated-v2-0770,"Mình dùng thử màn hình Kia Seltos một tuần, kết nối CarPlay ổn định, chất lượng vậy thôi anh em.","Mình dùng thử màn hình Kia Seltos một tuần, kết nối CarPlay ổn định, chất lượng vậy thôi anh em.",neutral,công nghệ & tiện nghi,conversational,[],medium,curated-v2-g0770,curated-v2,approved
curated-v2-0771,"Toyota Camry có sạc điện thoại không dây nhưng tốc độ chậm, đặt cả chuyến đi mới đầy 70%.","Toyota Camry có sạc điện thoại không dây nhưng tốc độ chậm, đặt cả chuyến đi mới đầy 70%.",neutral,công nghệ & tiện nghi,comment,[],easy,curated-v2-g0771,curated-v2,approved
curated-v2-0772,VF 6 có sạc nhanh DC 250kW ko hay chỉ sạc chậm tại nhà vậy mọi người?,Vinfast 6 có sạc nhanh được 250kW không hay chỉ sạc chậm tại nhà vậy mọi người?,neutral,công nghệ & tiện nghi,question,"[""teencode"", ""brand_alias""]",medium,curated-v2-g0772,curated-v2,approved
curated-v2-0773,"Xe Hyundai Tucson có app điều khiển từ xa, dùng cũng tiện vậy thôi các bác ạ 😐","Xe Hyundai Tucson có app điều khiển từ xa, dùng cũng tiện vậy thôi các bác ạ 😐",neutral,công nghệ & tiện nghi,conversational,"[""emoji""]",medium,curated-v2-g0773,curated-v2,approved
curated-v2-0774,"Hệ thống giải trí của Kia K3 dùng một thời gian thấy ổn định, chất lượng âm thanh hơi basic.","Hệ thống giải trí của Kia K3 dùng một thời gian thấy ổn định, chất lượng âm thanh hơi basic.",neutral,công nghệ & tiện nghi,review,"[""code_switching""]",medium,curated-v2-g0774,curated-v2,approved
curated-v2-0775,"Mitsu Xpander Cross thêm cổng sạc sau cho hàng ghế hai, tiện cho hành khách đi xa.","Mitsubishi Xpander Cross thêm cổng sạc sau cho hàng ghế hai, tiện cho hành khách đi xa.",neutral,công nghệ & tiện nghi,comment,"[""brand_alias""]",medium,curated-v2-g0775,curated-v2,approved
curated-v2-0776,"App Vinfast kết nối với VF 6 hay mất sóng, mình bấm mở khóa từ xa mấy lần mới ăn, bực mình.","App Vinfast kết nối với Vinfast 6 hay mất sóng, mình bấm mở khóa từ xa mấy lần mới ăn, bực mình.",negative,công nghệ & tiện nghi,conversational,"[""brand_alias""]",medium,curated-v2-g0776,curated-v2,approved
curated-v2-0777,"Điều hòa VF 8 chạy chưa được 30 phút là pin tụt 5%, lắp thêm cái này ko đáng 😡","Điều hòa Vinfast 8 chạy chưa được 30 phút là pin tụt 5%, lắp thêm cái này không đáng 😡",negative,công nghệ & tiện nghi,comment,"[""teencode"", ""emoji"", ""brand_alias""]",hard,curated-v2-g0777,curated-v2,approved
curated-v2-0778,"Màn hình Ford Everest bản tiêu chuẩn chậm hơn hẳn Territory, cùng hãng mà trải nghiệm chênh nhau một đời.","Màn hình Ford Everest bản tiêu chuẩn chậm hơn hẳn Territory, cùng hãng mà trải nghiệm chênh nhau một đời.",negative,công nghệ & tiện nghi,comparison,[],medium,curated-v2-g0778,curated-v2,approved
curated-v2-0779,"Honda City màn hình giữ nguyên như đời cũ vậy mà giá tăng, honestly bad move đúng không mọi người?","Honda City màn hình giữ nguyên như đời cũ vậy mà giá tăng, honestly tệ move đúng không mọi người?",negative,công nghệ & tiện nghi,question,"[""code_switching""]",medium,curated-v2-g0779,curated-v2,approved
curated-v2-0780,"Cruise control của Mazda CX-8 hay bung giữa cao tốc, mình tắt lun vì sợ hơn dùng.","Cruise control của Mazda cũng-8 hay bung giữa cao tốc, mình tắt lun vì sợ hơn dùng.",negative,công nghệ & tiện nghi,conversational,"[""teencode""]",hard,curated-v2-g0780,curated-v2,approved
curated-v2-0781,"Ghế của Hyundai SantaFe bọc da mềm, đi Hà Nội đến Ninh Bình ba tiếng không thấy mỏi lưng.","Ghế của Hyundai SantaFe bọc da mềm, đi Hà Nội đến Ninh Bình ba tiếng không thấy mỏi lưng.",positive,nội thất,review,[],easy,curated-v2-g0781,curated-v2,approved
curated-v2-0782,"Nội thất VF 9 sang hơn Ford Explorer ở chi tiết ốp gỗ, cảm giác ngồi vào là thấy khác.","Nội thất Vinfast 9 sang hơn Ford Explorer ở chi tiết ốp gỗ, cảm giác ngồi vào là thấy khác.",positive,nội thất,comparison,"[""brand_alias""]",medium,curated-v2-g0782,curated-v2,approved
curated-v2-0783,"Mình ngồi thử hàng ghế ba của Mitsubishi Xpander, trẻ con thì ok còn người lớn thì vậy 😐","Mình ngồi thử hàng ghế ba của Mitsubishi Xpander, trẻ con thì ok còn người lớn thì vậy 😐",neutral,nội thất,conversational,"[""emoji""]",medium,curated-v2-g0783,curated-v2,approved
curated-v2-0784,"Da ghế VF e34 nứt chân ghế lái sau 2 năm, hãng bảo do dùng nhiều, mình nghe ko thuyết phục đâu.","Da ghế Vinfast e34 nứt chân ghế lái sau 2 năm, hãng bảo do dùng nhiều, mình nghe không thuyết phục đâu.",negative,nội thất,conversational,"[""teencode"", ""brand_alias""]",hard,curated-v2-g0784,curated-v2,approved
curated-v2-0785,"Vì sao ghế sau CX-5 dựng vậy mà hãng vẫn bán, ngồi hơn một tiếng là đau lưng 😡?","Vì sao ghế sau cũng-5 dựng vậy mà hãng vẫn bán, ngồi hơn một tiếng là đau lưng 😡?",negative,nội thất,question,"[""emoji""]",medium,curated-v2-g0785,curated-v2,approved
curated-v2-0786,"Mâm của Vinfast VF 6 bản Plus nhìn rấttt thể thao, giữ nguyên khỏi độ gì cho mất gốc.","Mâm của Vinfast Vinfast 6 bản Plus nhìn rất thể thao, giữ nguyên khỏi độ gì cho mất gốc.",positive,thiết kế,comment,"[""elongation""]",medium,curated-v2-g0786,curated-v2,approved
curated-v2-0787,"Vinfast VF 8 mâm 21 inch, số đo la-zăng lớn nhất dòng VF hiện tại, nhìn tổng thể vẫn cân.","Vinfast Vinfast 8 mâm 21 inch, số đo la-zăng lớn nhất dòng Vinfast hiện tại, nhìn tổng thể vẫn cân.",neutral,thiết kế,comment,"[""brand_alias""]",medium,curated-v2-g0787,curated-v2,approved
curated-v2-0788,"VF 7 màu xanh xám ngoài đời ra sao vậy các bác, ảnh trên web nhìn không rõ?","Vinfast 7 màu xanh xám ngoài đời ra sao vậy các bác, ảnh trên web nhìn không rõ?",neutral,thiết kế,question,"[""brand_alias""]",medium,curated-v2-g0788,curated-v2,approved
curated-v2-0789,"Honda City bản 2026 đổi cản trước, mình nhìn khác chút chứ tổng thể vẫn y nguyên 😐","Honda City bản 2026 đổi cản trước, mình nhìn khác chút chứ tổng thể vẫn y nguyên 😐",neutral,thiết kế,conversational,"[""emoji""]",medium,curated-v2-g0789,curated-v2,approved
curated-v2-0790,"Đuôi xe Vinfast VF 6 cụt hơn VF 7 rõ rệt, chọn VF 6 vì giá mà nhìn mã thì cứ tiếc.","Đuôi xe Vinfast Vinfast 6 cụt hơn Vinfast 7 rõ rệt, chọn Vinfast 6 vì giá mà nhìn mã thì cứ tiếc.",negative,thiết kế,comparison,"[""brand_alias""]",hard,curated-v2-g0790,curated-v2,approved
curated-v2-0791,"Toy Vios chạy grab cả tuần chỉ hết 500k xăng, nghề chạy xe mà đc vậy là vừa ý.","Toyota Vios chạy grab cả tuần chỉ hết 500k xăng, nghề chạy xe mà được vậy là vừa ý.",positive,mức tiêu hao nhiên liệu,comment,"[""teencode"", ""brand_alias""]",medium,curated-v2-g0791,curated-v2,approved
curated-v2-0792,"Vinfast VF 9 chạy cao tốc pin tụt nhanh kinh khủng, sạc hai lần cho một chuyến dài, ko chịu nổi 😡","Vinfast Vinfast 9 chạy cao tốc pin tụt nhanh kinh khủng, sạc hai lần cho một chuyến dài, không chịu nổi 😡",negative,mức tiêu hao nhiên liệu,comment,"[""teencode"", ""emoji"", ""brand_alias""]",hard,curated-v2-g0792,curated-v2,approved
curated-v2-0793,"Vios đời mới hao hơn đời cũ 0.5 lít vậy mà hãng quảng cáo tiết kiệm, this is confusing thật sự mọi người?","Vios đời mới hao hơn đời cũ 0.5 lít vậy mà hãng quảng cáo tiết kiệm, this is confusing thật sự mọi người?",negative,mức tiêu hao nhiên liệu,question,"[""code_switching""]",medium,curated-v2-g0793,curated-v2,approved
curated-v2-0794,"Bảo dưỡng Mazda định kỳ ở đại lý gần nhà, báo giá từng hạng mục trước rồi mới làm, không phát sinh.","Bảo dưỡng Mazda định kỳ ở đại lý gần nhà, báo giá từng hạng mục trước rồi mới làm, không phát sinh.",neutral,dịch vụ hậu mãi,review,[],easy,curated-v2-g0794,curated-v2,approved
curated-v2-0795,"dai ly toyota o tinh toi nhan bao duong dung gio hen, thu tuc cung nhanh khong loi le gi.","dai ly toyota o tinh toi nhan bao duong dung gio hen, thu tuc cung nhanh khong loi le gi.",neutral,dịch vụ hậu mãi,review,"[""missing_diacritics""]",easy,curated-v2-g0795,curated-v2,approved
curated-v2-0796,"Kia báo trước từng hạng mục bảo dưỡng, đồng ý mới làm, cách làm việc minh bạch rõ.","Kia báo trước từng hạng mục bảo dưỡng, đồng ý mới làm, cách làm việc minh bạch rõ.",neutral,dịch vụ hậu mãi,comment,[],easy,curated-v2-g0796,curated-v2,approved
curated-v2-0797,"Mercedes có xe đưa đón khi bảo dưỡng còn Mazda thì khách tự mang xe đến, hai bên phục vụ khác nhau mỗi kiểu.","Mercedes có xe đưa đón khi bảo dưỡng còn Mazda thì khách tự mang xe đến, hai bên phục vụ khác nhau mỗi kiểu.",neutral,dịch vụ hậu mãi,comparison,[],medium,curated-v2-g0797,curated-v2,approved
curated-v2-0798,Bảo hành VF 7 còn bao nhiêu năm khi mua lại xe cũ vậy mọi người?,Bảo hành Vinfast 7 còn bao nhiêu năm khi mua lại xe cũ vậy mọi người?,neutral,dịch vụ hậu mãi,question,"[""brand_alias""]",medium,curated-v2-g0798,curated-v2,approved
curated-v2-0799,"Kia cứu hộ miễn phí còn Mazda thu phí từng chuyến, so lại thấy poor service thật sự.","Kia cứu hộ miễn phí còn Mazda thu phí từng chuyến, so lại thấy tệ service thật sự.",negative,dịch vụ hậu mãi,comparison,"[""code_switching""]",hard,curated-v2-g0799,curated-v2,approved
curated-v2-0800,"App Vinfast cx mượt, mở điều hòa từ xa là xe lạnh sẵn, trải nghiệm tốt thật.","App Vinfast cũng mượt, mở điều hòa từ xa là xe lạnh sẵn, trải nghiệm tốt thật.",positive,công nghệ & tiện nghi,comment,"[""teencode""]",medium,curated-v2-g0800,curated-v2,approved
curated-v2-0801,"Đồ công nghệ nhiều, đỉnh thật 👍","Đồ công nghệ nhiều, đỉnh thật 👍",positive,công nghệ & tiện nghi,short,"[""emoji""]",easy,curated-v2-g0801,curated-v2,approved
curated-v2-0802,"VF 9 cập nhật OTA hoài, xe cũ mà tính năng cứ mới, mê cái điểm này.","Vinfast 9 cập nhật OTA hoài, xe cũ mà tính năng cứ mới, mê cái điểm này.",positive,công nghệ & tiện nghi,conversational,"[""brand_alias""]",medium,curated-v2-g0802,curated-v2,approved
curated-v2-0803,"Cụm màn hình của Kia K5 hiện đại quáaa, kết nối CarPlay không dây mượt luôn.","Cụm màn hình của Kia K5 hiện đại quá, kết nối CarPlay không dây mượt luôn.",positive,công nghệ & tiện nghi,review,"[""elongation""]",easy,curated-v2-g0803,curated-v2,approved
curated-v2-0804,"Dịch vụ của Mazda overall good, nhắc lịch đúng hẹn, sửa nhanh gọn.","Dịch vụ của Mazda overall tốt, nhắc lịch đúng hẹn, sửa nhanh gọn.",positive,dịch vụ hậu mãi,comment,"[""code_switching""]",medium,curated-v2-g0804,curated-v2,approved
curated-v2-0805,"Cứu hộ 24/7 có thật, gọi là có, phục vụ lun ổn.","Cứu hộ 24/7 có thật, gọi là có, phục vụ lun ổn.",positive,dịch vụ hậu mãi,short,"[""teencode""]",easy,curated-v2-g0805,curated-v2,approved
curated-v2-0806,"Toy ta bảo dưỡng rẻ hơn nghĩ, nhân viên hướng dẫn rõ ràng, ưng á.","Toyota ta bảo dưỡng rẻ hơn nghĩ, nhân viên hướng dẫn rõ ràng, ưng á.",positive,dịch vụ hậu mãi,conversational,"[""brand_alias""]",easy,curated-v2-g0806,curated-v2,approved
curated-v2-0807,"7 túi khí cộng gói ADAS đầy đủ, an tâm chở con nhỏ 👍","7 túi khí cộng gói ADAS đầy đủ, an tâm chở con nhỏ 👍",positive,an toàn,comment,"[""emoji""]",medium,curated-v2-g0807,curated-v2,approved
curated-v2-0808,"Phanh khẩn cấp Toyota Camry phản hồi rấttt nhanh, thử một lần là tin luôn.","Phanh khẩn cấp Toyota Camry phản hồi rất nhanh, thử một lần là tin luôn.",positive,an toàn,review,"[""elongation""]",medium,curated-v2-g0808,curated-v2,approved
curated-v2-0809,"Cảnh báo điểm mù hoạt động chính xác, chạy cao tốc ko lo.","Cảnh báo điểm mù hoạt động chính xác, chạy cao tốc không lo.",positive,an toàn,short,"[""teencode""]",easy,curated-v2-g0809,curated-v2,approved
curated-v2-0810,"Ga ăn ngay, lên số mượt, đi phượt đã 👍","Ga ăn ngay, lên số mượt, đi phượt đã 👍",positive,động cơ,short,"[""emoji""]",easy,curated-v2-g0810,curated-v2,approved
curated-v2-0811,"Máy Mitsu khỏe, kéo người cùng đồ đạc lên Trường Sơn vẫn không đuối.","Máy Mitsubishi khỏe, kéo người cùng đồ đạc lên Trường Sơn vẫn không đuối.",positive,động cơ,conversational,"[""brand_alias""]",medium,curated-v2-g0811,curated-v2,approved
curated-v2-0812,"Động cơ hybrid của Corolla Cross overall good, êm và lên ga không trễ.","Động cơ hybrid của Corolla Cross overall tốt, êm và lên ga không trễ.",positive,động cơ,review,"[""code_switching""]",easy,curated-v2-g0812,curated-v2,approved
curated-v2-0813,"Dáng xe trẻ trung, đèn hậu liền ngang đẹp rấttt.","Dáng xe trẻ trung, đèn hậu liền ngang đẹp rất.",positive,thiết kế,short,"[""elongation""]",easy,curated-v2-g0813,curated-v2,approved
curated-v2-0814,"Toy Innova Cross bản Legender nhìn sang hẳn, cản trước mạnh mẽ hợp đàn ông.","Toyota Innova Cross bản Legender nhìn sang hẳn, cản trước mạnh mẽ hợp đàn ông.",positive,thiết kế,comment,"[""brand_alias""]",easy,curated-v2-g0814,curated-v2,approved
curated-v2-0815,"Ngoại hình cx tạm, không xấu cũng không đẹp.","Ngoại hình cũng tạm, không xấu cũng không đẹp.",neutral,thiết kế,short,"[""teencode""]",easy,curated-v2-g0815,curated-v2,approved
curated-v2-0816,"Thiết kế nhìn ổn, không màu mè 😐","Thiết kế nhìn ổn, không màu mè 😐",neutral,thiết kế,comment,"[""emoji""]",medium,curated-v2-g0816,curated-v2,approved
curated-v2-0817,"Mặt trước VF 5 theo mình thấy bình thường, tùy mắt người nhìn thôi.","Mặt trước Vinfast 5 theo mình thấy bình thường, tùy mắt người nhìn thôi.",neutral,thiết kế,conversational,"[""brand_alias""]",medium,curated-v2-g0817,curated-v2,approved
curated-v2-0818,"Mâm xe đẹp nhưng thiết kế tổng thể bình thường, không có điểm nào nổi bật.","Mâm xe đẹp nhưng thiết kế tổng thể bình thường, không có điểm nào nổi bật.",neutral,thiết kế,review,"[""missing_diacritics""]",medium,curated-v2-g0818,curated-v2,approved
curated-v2-0819,Xe nay co mau moi khong hay van giu dang cu anh em nhi?,Xe nay co mau moi khong hay van giu dang cu anh em nhi?,neutral,thiết kế,question,"[""missing_diacritics""]",easy,curated-v2-g0819,curated-v2,approved
curated-v2-0820,"Phần đuôi xe mới thiết kế average, phần trước nhìn tạm được.","Phần đuôi xe mới thiết kế tạm, phần trước nhìn tạm được.",neutral,thiết kế,review,"[""code_switching""]",medium,curated-v2-g0820,curated-v2,approved
curated-v2-0821,"Ghế êm, cabin đầy đủ dùng 😐","Ghế êm, cabin đầy đủ dùng 😐",neutral,nội thất,short,"[""emoji""]",easy,curated-v2-g0821,curated-v2,approved
curated-v2-0822,"Nội thất cx đủ tiêu chuẩn tầm tiền, chẳng có gì đặc biệt.","Nội thất cũng đủ tiêu chuẩn tầm tiền, chẳng có gì đặc biệt.",neutral,nội thất,comment,"[""teencode""]",medium,curated-v2-g0822,curated-v2,approved
curated-v2-0823,"Kia Seltos cabin tối màu theo mình là bình thường, dùng lâu ít bẩn.","Kia Seltos cabin tối màu theo mình là bình thường, dùng lâu ít bẩn.",neutral,nội thất,conversational,"[""brand_alias""]",medium,curated-v2-g0823,curated-v2,approved
curated-v2-0824,"Noi that xe du dung trong tam gia, khong sang nhung cung khong loi gi.","Noi that xe du dung trong tam gia, khong sang nhung cung khong loi gi.",neutral,nội thất,review,"[""missing_diacritics""]",easy,curated-v2-g0824,curated-v2,approved
curated-v2-0825,Hàng 3 cx đủ ngồi người lớn cho chặng ngắn đúng không mọi người?,Hàng 3 cũng đủ ngồi người lớn cho chặng ngắn đúng không mọi người?,neutral,nội thất,question,"[""teencode""]",easy,curated-v2-g0825,curated-v2,approved
curated-v2-0826,"Vật liệu cabin ở mức average, so với tiền thì chấp nhận được.","Vật liệu cabin ở mức tạm, so với tiền thì chấp nhận được.",neutral,nội thất,review,"[""code_switching""]",medium,curated-v2-g0826,curated-v2,approved
curated-v2-0827,"Máy chạy dc, không bốc cũng không ì.","Máy chạy được, không bốc cũng không ì.",neutral,động cơ,short,"[""teencode""]",easy,curated-v2-g0827,curated-v2,approved
curated-v2-0828,"Vận hành đều, đủ dùng hằng ngày 😐","Vận hành đều, đủ dùng hằng ngày 😐",neutral,động cơ,comment,"[""emoji""]",medium,curated-v2-g0828,curated-v2,approved
curated-v2-0829,"Toy Altis máy 1.8 chạy đều đều, kiểu vậy đó, thích bốc thì không hợp.","Toyota Altis máy 1.8 chạy đều đều, kiểu vậy đó, thích bốc thì không hợp.",neutral,động cơ,conversational,"[""brand_alias""]",medium,curated-v2-g0829,curated-v2,approved
curated-v2-0830,"May chay pho du moi ngay, len cao toc thi phai dap sau chut moi vuot duoc xe.","May chay pho du moi ngay, len cao toc thi phai dap sau chut moi vuot duoc xe.",neutral,động cơ,review,"[""missing_diacritics""]",medium,curated-v2-g0830,curated-v2,approved
curated-v2-0831,"Máy bản mới average so với kỳ vọng, vẫn đủ dùng chứ chẳng có điểm nhấn.","Máy bản mới tạm so với kỳ vọng, vẫn đủ dùng chứ chẳng có điểm nhấn.",neutral,động cơ,review,"[""code_switching""]",medium,curated-v2-g0831,curated-v2,approved
curated-v2-0832,"Bảo dưỡng theo lịch cx thuận tiện, giá tầm trung.","Bảo dưỡng theo lịch cũng thuận tiện, giá tầm trung.",neutral,dịch vụ hậu mãi,short,"[""teencode""]",easy,curated-v2-g0832,curated-v2,approved
curated-v2-0833,"Đại lý gần nhà, vào bảo dưỡng nhanh 😐","Đại lý gần nhà, vào bảo dưỡng nhanh 😐",neutral,dịch vụ hậu mãi,comment,"[""emoji""]",medium,curated-v2-g0833,curated-v2,approved
curated-v2-0834,"VF chính sách bảo hành dài, nhưng điểm đổi phụ tùng ít thì phải cân nhắc.","Vinfast chính sách bảo hành dài, nhưng điểm đổi phụ tùng ít thì phải cân nhắc.",neutral,dịch vụ hậu mãi,conversational,"[""brand_alias""]",medium,curated-v2-g0834,curated-v2,approved
curated-v2-0835,"Dich vu bao duong on ap, khong re cung khong dat, lam viec theo lich hen dung gio.","Dich vu bao duong on ap, khong re cung khong dat, lam viec theo lich hen dung gio.",neutral,dịch vụ hậu mãi,review,"[""missing_diacritics""]",medium,curated-v2-g0835,curated-v2,approved
curated-v2-0836,"Trang bị an toàn cơ bản dc, cần gì phải lên bản cao.","Trang bị an toàn cơ bản được, cần gì phải lên bản cao.",neutral,an toàn,short,"[""teencode""]",easy,curated-v2-g0836,curated-v2,approved
curated-v2-0837,"Túi khí đủ, cảm biến ổn 😐","Túi khí đủ, cảm biến ổn 😐",neutral,an toàn,comment,"[""emoji""]",medium,curated-v2-g0837,curated-v2,approved
curated-v2-0838,Ban cao co them giu lan khong hay chi ban cao nhat moi co vay?,Ban cao co them giu lan khong hay chi ban cao nhat moi co vay?,neutral,an toàn,question,"[""missing_diacritics""]",easy,curated-v2-g0838,curated-v2,approved
curated-v2-0839,"Toy Vios bảnbase 2 túi khí, tùy người coi trọng cái gì thôi.","Toyota Vios bảnbase 2 túi khí, tùy người coi trọng cái gì thôi.",neutral,an toàn,conversational,"[""brand_alias""]",medium,curated-v2-g0839,curated-v2,approved
curated-v2-0840,"Gói ADAS bản trung average, có dùng được nhưng phản hồi không nhanh.","Gói ADAS bản trung tạm, có dùng được nhưng phản hồi không nhanh.",neutral,an toàn,review,"[""code_switching""]",medium,curated-v2-g0840,curated-v2,approved
curated-v2-0841,"Camera lut ro dang dung, cam bien sau hoat dong on dinh khong bao oan.","Camera lut ro dang dung, cam bien sau hoat dong on dinh khong bao oan.",neutral,an toàn,review,"[""missing_diacritics""]",easy,curated-v2-g0841,curated-v2,approved
curated-v2-0842,"6 túi khí tiêu chuẩn, cx ổn trong tầm giá này.","6 túi khí tiêu chuẩn, cũng ổn trong tầm giá này.",neutral,an toàn,short,"[""teencode""]",easy,curated-v2-g0842,curated-v2,approved
curated-v2-0843,"Tiêu hao 7 lít phố, mức trung bình của lớp xe 😐","Tiêu hao 7 lít phố, mức trung bình của lớp xe 😐",neutral,mức tiêu hao nhiên liệu,comment,"[""emoji""]",medium,curated-v2-g0843,curated-v2,approved
curated-v2-0844,"VF 6 sạc một lần đi trong tuần vừa đủ, tính ra bình thường.","Vinfast 6 sạc một lần đi trong tuần vừa đủ, tính ra bình thường.",neutral,mức tiêu hao nhiên liệu,conversational,"[""brand_alias""]",medium,curated-v2-g0844,curated-v2,approved
curated-v2-0845,"Giá niêm yết cx vậy, thực tế trả thêm tí phụ kiện.","Giá niêm yết cũng vậy, thực tế trả thêm tí phụ kiện.",neutral,giá cả,short,"[""teencode""]",easy,curated-v2-g0845,curated-v2,approved
curated-v2-0846,"Mức giá bản cao average so với đối thủ, không rẻ cũng không đắt.","Mức giá bản cao tạm so với đối thủ, không rẻ cũng không đắt.",neutral,giá cả,review,"[""code_switching""]",medium,curated-v2-g0846,curated-v2,approved
curated-v2-0847,"Man hinh du lon, ket noi CarPlay cham mot chut nhung van dung duoc.","Man hinh du lon, ket noi CarPlay cham mot chut nhung van dung duoc.",neutral,công nghệ & tiện nghi,conversational,"[""missing_diacritics""]",medium,curated-v2-g0847,curated-v2,approved
curated-v2-0848,"Đề máy sáng sớm ko nổ, phải đề 2-3 lần mới lên, mệt.","Đề máy sáng sớm không nổ, phải đề 2-3 lần mới lên, mệt.",negative,động cơ,short,"[""teencode""]",easy,curated-v2-g0848,curated-v2,approved
curated-v2-0849,"Máy rung rõ ở 80km/h, lái không yên 😡","Máy rung rõ ở 80km/h, lái không yên 😡",negative,động cơ,comment,"[""emoji""]",medium,curated-v2-g0849,curated-v2,approved
curated-v2-0850,"Máy Mitsu Xpander lên đèo rú to mà chậm, chở đủ người là bất lực.","Máy Mitsubishi Xpander lên đèo rú to mà chậm, chở đủ người là bất lực.",negative,động cơ,conversational,"[""brand_alias""]",medium,curated-v2-g0850,curated-v2,approved
curated-v2-0851,"Động cơ bản mới overall bad, ga trễ và lên tốc chậm hẳn đời trước.","Động cơ bản mới overall tệ, ga trễ và lên tốc chậm hẳn đời trước.",negative,động cơ,review,"[""code_switching""]",medium,curated-v2-g0851,curated-v2,approved
curated-v2-0852,"Xăng hao quá trời mà hãng ko chịu nhận lỗi, 12 lít phố là thường.","Xăng hao quá trời mà hãng không chịu nhận lỗi, 12 lít phố là thường.",negative,mức tiêu hao nhiên liệu,comment,"[""teencode""]",medium,curated-v2-g0852,curated-v2,approved
curated-v2-0853,"Đổ đầy bình chạy có 350km, hao đến phát mệt 😡","Đổ đầy bình chạy có 350km, hao đến phát mệt 😡",negative,mức tiêu hao nhiên liệu,short,"[""emoji""]",easy,curated-v2-g0853,curated-v2,approved
curated-v2-0854,"VF 7 chạy cao tốc pin tụt nhanh, 200km đầu đã mất gần nửa.","Vinfast 7 chạy cao tốc pin tụt nhanh, 200km đầu đã mất gần nửa.",negative,mức tiêu hao nhiên liệu,review,"[""brand_alias""]",medium,curated-v2-g0854,curated-v2,approved
curated-v2-0855,"Tiêu hao thực tế overall bad so với số hãng công bố, chênh nhau 2 lít.","Tiêu hao thực tế overall tệ so với số hãng công bố, chênh nhau 2 lít.",negative,mức tiêu hao nhiên liệu,review,"[""code_switching""]",medium,curated-v2-g0855,curated-v2,approved
curated-v2-0856,"Nhựa cứng toàn taplo, cửa kính lạch cạch, chắc chắn ko như quảng cáo.","Nhựa cứng toàn taplo, cửa kính lạch cạch, chắc chắn không như quảng cáo.",negative,nội thất,comment,"[""teencode""]",medium,curated-v2-g0856,curated-v2,approved
curated-v2-0857,"Ghế da nứt có 2 năm dùng, nhìn cũ sờn 😡","Ghế da nứt có 2 năm dùng, nhìn cũ sờn 😡",negative,nội thất,short,"[""emoji""]",easy,curated-v2-g0857,curated-v2,approved
curated-v2-0858,"Mẹc GLB hàng 3 chật như tủ đựng đồ, người lớn ngồi là hình phạt.","Mercedes GLB hàng 3 chật như tủ đựng đồ, người lớn ngồi là hình phạt.",negative,nội thất,conversational,"[""brand_alias""]",medium,curated-v2-g0858,curated-v2,approved
curated-v2-0859,"Can trong xe nhua cung, dung mot nam da thay xu xin rat nhanh.","Can trong xe nhua cung, dung mot nam da thay xu xin rat nhanh.",negative,nội thất,review,"[""missing_diacritics""]",medium,curated-v2-g0859,curated-v2,approved
curated-v2-0860,"Đuôi xe cụt nhìn ko cân, chụp ảnh góc sau là thấy khó chịu.","Đuôi xe cụt nhìn không cân, chụp ảnh góc sau là thấy khó chịu.",negative,thiết kế,comment,"[""teencode""]",medium,curated-v2-g0860,curated-v2,approved
curated-v2-0861,"Ca lăng to đùng nhìn lố, đèn pha lại tối 😡","Ca lăng to đùng nhìn lố, đèn pha lại tối 😡",negative,thiết kế,short,"[""emoji""]",easy,curated-v2-g0861,curated-v2,approved
curated-v2-0862,"Toy Vios dáng 3 năm ko đổi, đứng cạnh K3 thấy cũ hẳn một thế hệ.","Toyota Vios dáng 3 năm không đổi, đứng cạnh K3 thấy cũ hẳn một thế hệ.",negative,thiết kế,conversational,"[""brand_alias""]",medium,curated-v2-g0862,curated-v2,approved
curated-v2-0863,"Thiết kế ngoại thất bản mới overall bad, càng nhìn càng thấy nặng nề.","Thiết kế ngoại thất bản mới overall tệ, càng nhìn càng thấy nặng nề.",negative,thiết kế,review,"[""code_switching""]",medium,curated-v2-g0863,curated-v2,approved
curated-v2-0864,"Đặt lịch bảo dưỡng chờ 1 tuần mới có slot, hotline thì ko ai bắt máy.","Đặt lịch bảo dưỡng chờ 1 tuần mới có slot, hotline thì không ai bắt máy.",negative,dịch vụ hậu mãi,comment,"[""teencode""]",medium,curated-v2-g0864,curated-v2,approved
curated-v2-0865,"Sửa 3 lần chưa dứt lỗi, mỗi lần mất nguyên buổi 😡","Sửa 3 lần chưa dứt lỗi, mỗi lần mất nguyên buổi 😡",negative,dịch vụ hậu mãi,short,"[""emoji""]",easy,curated-v2-g0865,curated-v2,approved
curated-v2-0866,"Phụ tùng Mitsu chờ 3 tuần mới về, xe nằm garage nhìn mà tức.","Phụ tùng Mitsubishi chờ 3 tuần mới về, xe nằm garage nhìn mà tức.",negative,dịch vụ hậu mãi,conversational,"[""brand_alias""]",medium,curated-v2-g0866,curated-v2,approved
curated-v2-0867,"Dai ly lam viec cham, sua nhe cung phai de xe ca ngay, tien thi nhieu.","Dai ly lam viec cham, sua nhe cung phai de xe ca ngay, tien thi nhieu.",negative,dịch vụ hậu mãi,review,"[""missing_diacritics""]",medium,curated-v2-g0867,curated-v2,approved
curated-v2-0868,"Mua 6 tháng hãng giảm 40 triệu, tiền mất ko thấy đâu.","Mua 6 tháng hãng giảm 40 triệu, tiền mất không thấy đâu.",negative,giá cả,short,"[""teencode""]",easy,curated-v2-g0868,curated-v2,approved
curated-v2-0869,"Giá cao mà đồ chơi không có gì, không đáng tiền 😡","Giá cao mà đồ chơi không có gì, không đáng tiền 😡",negative,giá cả,comment,"[""emoji""]",medium,curated-v2-g0869,curated-v2,approved
curated-v2-0870,"VF 8 giá ngang xe Đức mà giữ giá kém xa, bán lại là lỗ nặng.","Vinfast 8 giá ngang xe Đức mà giữ giá kém xa, bán lại là lỗ nặng.",negative,giá cả,review,"[""brand_alias""]",medium,curated-v2-g0870,curated-v2,approved
curated-v2-0871,"Chính sách giá đại lý overall poor, mỗi nơi báo mỗi kiểu, không minh bạch.","Chính sách giá đại lý overall tệ, mỗi nơi báo mỗi kiểu, không minh bạch.",negative,giá cả,review,"[""code_switching""]",medium,curated-v2-g0871,curated-v2,approved
curated-v2-0872,"Cảm biến sau báo oan liên tục, lót xe bãi đông ko dám tin.","Cảm biến sau báo oan liên tục, lót xe bãi đông không dám tin.",negative,an toàn,comment,"[""teencode""]",medium,curated-v2-g0872,curated-v2,approved
curated-v2-0873,"Giữ làn can thiệp mạnh tay quá, đang chạy nó giật lái luôn 😡","Giữ làn can thiệp mạnh tay quá, đang chạy nó giật lái luôn 😡",negative,an toàn,short,"[""emoji""]",easy,curated-v2-g0873,curated-v2,approved
curated-v2-0874,"Chi co 2 tui khi o ban thap, doi thu cung gia da co bay tui roi.","Chi co 2 tui khi o ban thap, doi thu cung gia da co bay tui roi.",negative,an toàn,review,"[""missing_diacritics""]",medium,curated-v2-g0874,curated-v2,approved
curated-v2-0875,"App kết nối lỗi hoài, mở điều hòa từ xa 3 lần ko ăn, phiền thật.","App kết nối lỗi hoài, mở điều hòa từ xa 3 lần không ăn, phiền thật.",negative,công nghệ & tiện nghi,comment,"[""teencode""]",medium,curated-v2-g0875,curated-v2,approved
curated-v2-0876,"Màn hình hay treo, phải khởi động lại xe mới hết, bực 😡","Màn hình hay treo, phải khởi động lại xe mới hết, bực 😡",negative,công nghệ & tiện nghi,short,"[""emoji""]",easy,curated-v2-g0876,curated-v2,approved
curated-v2-0877,"Trải nghiệm hệ thống giải trí overall poor, giọng nói hiểu sai liên tục.","Trải nghiệm hệ thống giải trí overall tệ, giọng nói hiểu sai liên tục.",negative,công nghệ & tiện nghi,review,"[""code_switching""]",medium,curated-v2-g0877,curated-v2,approved
curated-v2-0878,"Thiết kế nhìn quen quen, tạm ổn 😐","Thiết kế nhìn quen quen, tạm ổn 😐",neutral,thiết kế,short,"[""emoji""]",easy,curated-v2-g0878,curated-v2,approved
curated-v2-0879,"Dáng xe cx tùy người thích, mình thấy bình thường.","Dáng xe cũng tùy người thích, mình thấy bình thường.",neutral,thiết kế,conversational,"[""teencode""]",medium,curated-v2-g0879,curated-v2,approved
curated-v2-0880,"K3 cabin theo mình là tạm, chẳng sang mà chẳng tệ.","K3 cabin theo mình là tạm, chẳng sang mà chẳng tệ.",neutral,nội thất,comment,"[""brand_alias""]",medium,curated-v2-g0880,curated-v2,approved
curated-v2-0881,"Chất liệu nội thất average, dùng được trong tầm tiền này.","Chất liệu nội thất tạm, dùng được trong tầm tiền này.",neutral,nội thất,review,"[""code_switching""]",medium,curated-v2-g0881,curated-v2,approved
curated-v2-0882,"Máy chạy đều, không có gì để chê cũng chẳng có gì để khen 😐","Máy chạy đều, không có gì để chê cũng chẳng có gì để khen 😐",neutral,động cơ,comment,"[""emoji""]",medium,curated-v2-g0882,curated-v2,approved
curated-v2-0883,"May on dinh khi chay pho, len cao toc thi can dap ga sau them chut.","May on dinh khi chay pho, len cao toc thi can dap ga sau them chut.",neutral,động cơ,review,"[""missing_diacritics""]",medium,curated-v2-g0883,curated-v2,approved
curated-v2-0884,"Bảo dưỡng đúng lịch cx ổn, giá không có gì bất ngờ.","Bảo dưỡng đúng lịch cũng ổn, giá không có gì bất ngờ.",neutral,dịch vụ hậu mãi,short,"[""teencode""]",easy,curated-v2-g0884,curated-v2,approved
curated-v2-0885,"Toy bảo dưỡng nhắc lịch đều, trải nghiệm bình thường không phàn nàn gì.","Toyota bảo dưỡng nhắc lịch đều, trải nghiệm bình thường không phàn nàn gì.",neutral,dịch vụ hậu mãi,conversational,"[""brand_alias""]",medium,curated-v2-g0885,curated-v2,approved
curated-v2-0886,"An toàn cơ bản đủ dùng, đi phố thì ổn 😐","An toàn cơ bản đủ dùng, đi phố thì ổn 😐",neutral,an toàn,short,"[""emoji""]",easy,curated-v2-g0886,curated-v2,approved
curated-v2-0887,"Trang bị ADAS average, có tốt hơn không có nhưng chưa đặc biệt.","Trang bị ADAS tạm, có tốt hơn không có nhưng chưa đặc biệt.",neutral,an toàn,review,"[""code_switching""]",medium,curated-v2-g0887,curated-v2,approved
curated-v2-0888,"Xăng 8 lít phố cx tùy kiểu chạy, mình thấy bình thường.","Xăng 8 lít phố cũng tùy kiểu chạy, mình thấy bình thường.",neutral,mức tiêu hao nhiên liệu,comment,"[""teencode""]",medium,curated-v2-g0888,curated-v2,approved
curated-v2-0889,"VF 5 range vừa đủ đi lại nội thành, tính ra mức trung bình.","Vinfast 5 range vừa đủ đi lại nội thành, tính ra mức trung bình.",neutral,mức tiêu hao nhiên liệu,conversational,"[""brand_alias""]",medium,curated-v2-g0889,curated-v2,approved
curated-v2-0890,"Giá thị trường như vậy, mua sớm muộn cũng thế 😐","Giá thị trường như vậy, mua sớm muộn cũng thế 😐",neutral,giá cả,short,"[""emoji""]",easy,curated-v2-g0890,curated-v2,approved
curated-v2-0891,"Man hinh vua du dung, tinh nang co ban day du, khong co gi dac biet.","Man hinh vua du dung, tinh nang co ban day du, khong co gi dac biet.",neutral,công nghệ & tiện nghi,review,"[""missing_diacritics""]",medium,curated-v2-g0891,curated-v2,approved
curated-v2-0892,"Ga nhạy máy êm, chạy phượt một mình cũng thấy đã rấttt.","Ga nhạy máy êm, chạy phượt một mình cũng thấy đã rất.",positive,động cơ,comment,"[""elongation""]",medium,curated-v2-g0892,curated-v2,approved
curated-v2-0893,"Sạc ở nhà đi cả tuần, chi phí xăng gần như bằng không 👍","Sạc ở nhà đi cả tuần, chi phí xăng gần như bằng không 👍",positive,mức tiêu hao nhiên liệu,short,"[""emoji""]",easy,curated-v2-g0893,curated-v2,approved
curated-v2-0894,"Ghế da êm, cabin yên tĩnh, ngồi đường dài ko mỏi lưng.","Ghế da êm, cabin yên tĩnh, ngồi đường dài không mỏi lưng.",positive,nội thất,review,"[""teencode""]",easy,curated-v2-g0894,curated-v2,approved
curated-v2-0895,"K5 dáng thấp rộng nhìn vẫn đẹp sau 3 năm dùng, mâm nguyên bản đã mắt.","K5 dáng thấp rộng nhìn vẫn đẹp sau 3 năm dùng, mâm nguyên bản đã mắt.",positive,thiết kế,conversational,"[""brand_alias""]",medium,curated-v2-g0895,curated-v2,approved
curated-v2-0896,"Gọi cứu hộ nửa tiếng có mặt, phục vụ chu đáo 👍","Gọi cứu hộ nửa tiếng có mặt, phục vụ chu đáo 👍",positive,dịch vụ hậu mãi,short,"[""emoji""]",easy,curated-v2-g0896,curated-v2,approved
curated-v2-0897,"Giá bán kèm khuyến mãi hiện tại value for money, tính ra hời hẳn.","Giá bán kèm khuyến mãi hiện tại value for money, tính ra hời hẳn.",positive,giá cả,review,"[""code_switching""]",medium,curated-v2-g0897,curated-v2,approved
curated-v2-0898,"Phanh ăn và cảnh báo va chạm nhạy rấttt, chạy đêm yên tâm hơn hẳn.","Phanh ăn và cảnh báo va chạm nhạy rất, chạy đêm yên tâm hơn hẳn.",positive,an toàn,comment,"[""elongation""]",medium,curated-v2-g0898,curated-v2,approved
curated-v2-0899,"Trợ lý giọng nói hiểu tiếng Việt tốt, nói là mở điều hòa lun.","Trợ lý giọng nói hiểu tiếng Việt tốt, nói là mở điều hòa lun.",positive,công nghệ & tiện nghi,conversational,"[""teencode""]",medium,curated-v2-g0899,curated-v2,approved
